source_row,route_name,route_from,route_to,status,notes
2,3F INDUSTRIES LTD-A.P - - DEEP CHAND ARYA IND-NEW DELHI,3F INDUSTRIES LTD-A.P,DEEP CHAND ARYA IND-NEW DELHI,imported,Total Distance (km) set to 0 because source file does not include distance data.
3,A.P.L. BHUJ - - BIRLA-DAHEJ,A.P.L. BHUJ,BIRLA-DAHEJ,imported,Total Distance (km) set to 0 because source file does not include distance data.
4,A.P.L. BHUJ - - DEEPAK ACID & CHEM-KUTCH,A.P.L. BHUJ,DEEPAK ACID & CHEM-KUTCH,imported,Total Distance (km) set to 0 because source file does not include distance data.
5,A.P.L. BHUJ - - HZL-DARIBA,A.P.L. BHUJ,HZL-DARIBA,imported,Total Distance (km) set to 0 because source file does not include distance data.
6,AADITYAA PROTEIN-NAGPUR - - PANKAJ IMPEX-RAJNANDGAON,AADITYAA PROTEIN-NAGPUR,PANKAJ IMPEX-RAJNANDGAON,imported,Total Distance (km) set to 0 because source file does not include distance data.
7,AAK INDIA PVT-KHOPOLI. (M.H.) - - CHEMEX OIL-SOLAN-BADDI,AAK INDIA PVT-KHOPOLI. (M.H.),CHEMEX OIL-SOLAN-BADDI,imported,Total Distance (km) set to 0 because source file does not include distance data.
8,AAP CHEM PVT LTD-BRD - - SUPER ACID & CHEMICAL-DELHI,AAP CHEM PVT LTD-BRD,SUPER ACID & CHEMICAL-DELHI,imported,Total Distance (km) set to 0 because source file does not include distance data.
9,AAP CHEM-SAYAKHA-BHARUCH - - ASIAN CHEMICALS-JODHPUR,AAP CHEM-SAYAKHA-BHARUCH,ASIAN CHEMICALS-JODHPUR,imported,Total Distance (km) set to 0 because source file does not include distance data.
10,AARTI IND.-JHAGADIA - - BLUE PHOSPHATE LTD-UDAIPUR,AARTI IND.-JHAGADIA,BLUE PHOSPHATE LTD-UDAIPUR,imported,Total Distance (km) set to 0 because source file does not include distance data.
11,AARTI IND.-JHAGADIA - - M.B.AGRO.PROD.LTD-SAGAR,AARTI IND.-JHAGADIA,M.B.AGRO.PROD.LTD-SAGAR,imported,Total Distance (km) set to 0 because source file does not include distance data.
12,AARTI IND.-JHAGADIA - - SHREE PUSHKAR PHOS CHEM-UDAIPUR,AARTI IND.-JHAGADIA,SHREE PUSHKAR PHOS CHEM-UDAIPUR,imported,Total Distance (km) set to 0 because source file does not include distance data.
13,AARTI IND.-JHAGADIA - - UDAIPUR UNIT,AARTI IND.-JHAGADIA,UDAIPUR UNIT,imported,Total Distance (km) set to 0 because source file does not include distance data.
14,AARTISURFACT-ANTS-SILVASSA - - AHMEDABAD,AARTISURFACT-ANTS-SILVASSA,KEMIT CHEMICALS PVT LTD-AHMEDABAD,imported,Total Distance (km) set to 0 because source file does not include distance data.
15,ABHISHEK CHEMICAL PANOLI-ANK - - M.BHARAT AGRO-SAGAR(M.P),ABHISHEK CHEMICAL PANOLI-ANK,M.BHARAT AGRO-SAGAR(M.P),imported,Total Distance (km) set to 0 because source file does not include distance data.
16,ABIS EXPORT(INDIA)PVT.LTD.-RAIPUR - - NEEV BIOCHEM PVT. LTD.-PUNE,ABIS EXPORT(INDIA)PVT.LTD.-RAIPUR,NEEV BIOCHEM PVT. LTD.-PUNE,imported,Total Distance (km) set to 0 because source file does not include distance data.
17,ABIS EXPORT(INDIA)PVT.LTD.-RAIPUR - - PUNE-(M.H.),ABIS EXPORT(INDIA)PVT.LTD.-RAIPUR,PUNE-(M.H.),imported,Total Distance (km) set to 0 because source file does not include distance data.
18,ABIS EXPORT(INDIA)PVT.LTD.-RAIPUR - - SAP OLEO CHEM PVT LTD-KURKUMBH-M.H,ABIS EXPORT(INDIA)PVT.LTD.-RAIPUR,SAP OLEO CHEM PVT LTD-KURKUMBH-M.H,imported,Total Distance (km) set to 0 because source file does not include distance data.
19,ADANI HAZIRA-SURAT - - BIRLA-DAHEJ,ADANI HAZIRA-SURAT,BIRLA-DAHEJ,imported,Total Distance (km) set to 0 because source file does not include distance data.
20,"ADANI HAZIRA-SURAT - - GNFC,. BHARUCH",ADANI HAZIRA-SURAT,"GNFC,. BHARUCH",imported,Total Distance (km) set to 0 because source file does not include distance data.
21,ADANI HAZIRA-SURAT - - GODHREJ CONSUMER PRODUCTS-MALANPUR(M.P),ADANI HAZIRA-SURAT,GODHREJ CONSUMER PRODUCTS-MALANPUR(M.P),imported,Total Distance (km) set to 0 because source file does not include distance data.
22,ADANI HAZIRA-SURAT - - INDIAN PHOS LTD-UDAIPUR,ADANI HAZIRA-SURAT,INDIAN PHOS LTD-UDAIPUR,imported,Total Distance (km) set to 0 because source file does not include distance data.
23,ADANI PETROCHEMICAL-KANDLA - - ARORA POLYFAB INDIA-BAHADURGARH,ADANI PETROCHEMICAL-KANDLA,ARORA POLYFAB INDIA-BAHADURGARH,imported,Total Distance (km) set to 0 because source file does not include distance data.
24,ADANI PETROCHEMICAL-KANDLA - - ZELIANT INDUSTRIES,ADANI PETROCHEMICAL-KANDLA,ZELIANT INDUSTRIES,imported,Total Distance (km) set to 0 because source file does not include distance data.
25,ADANI POWER-JHARKHAND - - DISCON SALES PVT. LTD-HOWRAH,ADANI POWER-JHARKHAND,DISCON SALES PVT. LTD-HOWRAH,imported,Total Distance (km) set to 0 because source file does not include distance data.
26,ADANI WILMAR LTD-HALDIA(W.B) - - GODHREJ CONSUMER PRODUCTS-MALANPUR(M.P),ADANI WILMAR LTD-HALDIA(W.B),GODHREJ CONSUMER PRODUCTS-MALANPUR(M.P),imported,Total Distance (km) set to 0 because source file does not include distance data.
27,ADANI WILMAR LTD-HALDIA(W.B) - - VIJAY SOLVEX LTD-ALWAR,ADANI WILMAR LTD-HALDIA(W.B),VIJAY SOLVEX LTD-ALWAR,imported,Total Distance (km) set to 0 because source file does not include distance data.
28,ADANI WILMAR LTD-HAZIRA - - SAP OLEO CHEM PVT LTD-KURKUMBH-M.H,ADANI WILMAR LTD-HAZIRA,SAP OLEO CHEM PVT LTD-KURKUMBH-M.H,imported,Total Distance (km) set to 0 because source file does not include distance data.
29,ADANI WILMAR LTD-MUNDRA - - SHREENIDHI OIL & FOODS-INDORE,ADANI WILMAR LTD-MUNDRA,SHREENIDHI OIL & FOODS-INDORE,imported,Total Distance (km) set to 0 because source file does not include distance data.
30,ADANI-MUNDRA - - INDIAN PHOS LTD-UDAIPUR,ADANI-MUNDRA,INDIAN PHOS LTD-UDAIPUR,imported,Total Distance (km) set to 0 because source file does not include distance data.
31,AEGIS VOPAK TERMI-HALDIA - - JAJPUR,AEGIS VOPAK TERMI-HALDIA,JAJPUR,imported,Total Distance (km) set to 0 because source file does not include distance data.
32,"AEGIS VOPAK TERMI-HALDIA - - JINDAL ST.STEEL-JAJPUR,ORISSA",AEGIS VOPAK TERMI-HALDIA,"JINDAL ST.STEEL-JAJPUR,ORISSA",imported,Total Distance (km) set to 0 because source file does not include distance data.
33,AEGIS VOPAK TERMINAL LTD-HALDIA - - JINDALSTAINLESS LTD-ODISHA,AEGIS VOPAK TERMINAL LTD-HALDIA,JINDALSTAINLESS LTD-ODISHA,imported,Total Distance (km) set to 0 because source file does not include distance data.
34,AEGIS VOPAK TERMINAL LTD-HALDIA - - NAGPUR,AEGIS VOPAK TERMINAL LTD-HALDIA,NAGPUR,imported,Total Distance (km) set to 0 because source file does not include distance data.
35,AEGIS VOPAK TERMINAL LTD-HALDIA - - RUDRAKSHA ALLIED CHEM PVT LTD-NAGPUR (M.H),AEGIS VOPAK TERMINAL LTD-HALDIA,RUDRAKSHA ALLIED CHEM PVT LTD-NAGPUR (M.H),imported,Total Distance (km) set to 0 because source file does not include distance data.
36,AEGIS VOPAK TERMINAL LTD-HALDIA - - SHIVAM NITRATE PVT LTD.-NAGPUR,AEGIS VOPAK TERMINAL LTD-HALDIA,SHIVAM NITRATE PVT LTD.-NAGPUR,imported,Total Distance (km) set to 0 because source file does not include distance data.
37,AEGIS VOPAK TERMINAL LTD-KANDLA - - A.R.BHANDARI-INDORE,AEGIS VOPAK TERMINAL LTD-KANDLA,A.R.BHANDARI-INDORE,imported,Total Distance (km) set to 0 because source file does not include distance data.
38,AEGIS VOPAK TERMINAL LTD-KANDLA - - AAP CHEM-SAYAKHA-BHARUCH,AEGIS VOPAK TERMINAL LTD-KANDLA,AAP CHEM-SAYAKHA-BHARUCH,imported,Total Distance (km) set to 0 because source file does not include distance data.
39,AEGIS VOPAK TERMINAL LTD-KANDLA - - ABHISHEK ACID & CHEM-BHILWARA,AEGIS VOPAK TERMINAL LTD-KANDLA,ABHISHEK ACID & CHEM-BHILWARA,imported,Total Distance (km) set to 0 because source file does not include distance data.
40,AEGIS VOPAK TERMINAL LTD-KANDLA - - ACCOOCIATED DYESTUFF-SAYKHA,AEGIS VOPAK TERMINAL LTD-KANDLA,ACCOOCIATED DYESTUFF-SAYKHA,imported,Total Distance (km) set to 0 because source file does not include distance data.
41,AEGIS VOPAK TERMINAL LTD-KANDLA - - ACETOCHEM-SURAT,AEGIS VOPAK TERMINAL LTD-KANDLA,ACETOCHEM-SURAT,imported,Total Distance (km) set to 0 because source file does not include distance data.
42,AEGIS VOPAK TERMINAL LTD-KANDLA - - AHMEDABAD.,AEGIS VOPAK TERMINAL LTD-KANDLA,AHMEDABAD.,imported,Total Distance (km) set to 0 because source file does not include distance data.
43,AEGIS VOPAK TERMINAL LTD-KANDLA - - AKSHAR CHEM INDIA-MEHSANA,AEGIS VOPAK TERMINAL LTD-KANDLA,AKSHAR CHEM INDIA-MEHSANA,imported,Total Distance (km) set to 0 because source file does not include distance data.
44,AEGIS VOPAK TERMINAL LTD-KANDLA - - AKSHAY CHEMICALS-ANK,AEGIS VOPAK TERMINAL LTD-KANDLA,AKSHAY CHEMICALS-ANK,imported,Total Distance (km) set to 0 because source file does not include distance data.
45,AEGIS VOPAK TERMINAL LTD-KANDLA - - AKSHAY CHEMIX-PADRA,AEGIS VOPAK TERMINAL LTD-KANDLA,AKSHAY CHEMIX-PADRA,imported,Total Distance (km) set to 0 because source file does not include distance data.
46,AEGIS VOPAK TERMINAL LTD-KANDLA - - ARKON INDUSTRIES-VADODARA,AEGIS VOPAK TERMINAL LTD-KANDLA,ARKON INDUSTRIES-VADODARA,imported,Total Distance (km) set to 0 because source file does not include distance data.
47,AEGIS VOPAK TERMINAL LTD-KANDLA - - ASSOCIATED DYE STUFF-VAGRA,AEGIS VOPAK TERMINAL LTD-KANDLA,ASSOCIATED DYE STUFF-VAGRA,imported,Total Distance (km) set to 0 because source file does not include distance data.
48,AEGIS VOPAK TERMINAL LTD-KANDLA - - BHAGERIA IND LIMITED-TARAPUR,AEGIS VOPAK TERMINAL LTD-KANDLA,BHAGERIA IND LIMITED-TARAPUR,imported,Total Distance (km) set to 0 because source file does not include distance data.
49,"AEGIS VOPAK TERMINAL LTD-KANDLA - - BHARAT ACID,VAPI",AEGIS VOPAK TERMINAL LTD-KANDLA,"BHARAT ACID,VAPI",imported,Total Distance (km) set to 0 because source file does not include distance data.
50,AEGIS VOPAK TERMINAL LTD-KANDLA - - D.F.P.C.L.-TALOJA,AEGIS VOPAK TERMINAL LTD-KANDLA,D.F.P.C.L.-TALOJA,imported,Total Distance (km) set to 0 because source file does not include distance data.
51,"AEGIS VOPAK TERMINAL LTD-KANDLA - - DEEPAK NIT, NANDESARI",AEGIS VOPAK TERMINAL LTD-KANDLA,"DEEPAK NIT, NANDESARI",imported,Total Distance (km) set to 0 because source file does not include distance data.
52,AEGIS VOPAK TERMINAL LTD-KANDLA - - GANESHKRUPA CHEM-VALSAD,AEGIS VOPAK TERMINAL LTD-KANDLA,GANESHKRUPA CHEM-VALSAD,imported,Total Distance (km) set to 0 because source file does not include distance data.
53,AEGIS VOPAK TERMINAL LTD-KANDLA - - GODHREJ CONSUMER PRODUCTS-MALANPUR(M.P),AEGIS VOPAK TERMINAL LTD-KANDLA,GODHREJ CONSUMER PRODUCTS-MALANPUR(M.P),imported,Total Distance (km) set to 0 because source file does not include distance data.
54,AEGIS VOPAK TERMINAL LTD-KANDLA - - JAY PROCESS-ANKLESHWAR,AEGIS VOPAK TERMINAL LTD-KANDLA,JAY PROCESS-ANKLESHWAR,imported,Total Distance (km) set to 0 because source file does not include distance data.
55,"AEGIS VOPAK TERMINAL LTD-KANDLA - - JINDAL ST.STEEL-JAJPUR,ORISSA",AEGIS VOPAK TERMINAL LTD-KANDLA,"JINDAL ST.STEEL-JAJPUR,ORISSA",imported,Total Distance (km) set to 0 because source file does not include distance data.
56,AEGIS VOPAK TERMINAL LTD-KANDLA - - JINDAL STAILESS-HISAR,AEGIS VOPAK TERMINAL LTD-KANDLA,JINDAL STAILESS-HISAR,imported,Total Distance (km) set to 0 because source file does not include distance data.
57,AEGIS VOPAK TERMINAL LTD-KANDLA - - KAKADIYA CHEM-ANK,AEGIS VOPAK TERMINAL LTD-KANDLA,KAKADIYA CHEM-ANK,imported,Total Distance (km) set to 0 because source file does not include distance data.
58,AEGIS VOPAK TERMINAL LTD-KANDLA - - KAYRPEE VANIJYA PVT LTD - BASKA,AEGIS VOPAK TERMINAL LTD-KANDLA,KAYRPEE VANIJYA PVT LTD - BASKA,imported,Total Distance (km) set to 0 because source file does not include distance data.
59,AEGIS VOPAK TERMINAL LTD-KANDLA - - LASONS INDIA PVT LTD-TALOJA,AEGIS VOPAK TERMINAL LTD-KANDLA,LASONS INDIA PVT LTD-TALOJA,imported,Total Distance (km) set to 0 because source file does not include distance data.
60,AEGIS VOPAK TERMINAL LTD-KANDLA - - MAHESHWARI ACID & CHEM-BHILWARA,AEGIS VOPAK TERMINAL LTD-KANDLA,MAHESHWARI ACID & CHEM-BHILWARA,imported,Total Distance (km) set to 0 because source file does not include distance data.
61,AEGIS VOPAK TERMINAL LTD-KANDLA - - MITTAL CHEM-JALESAR,AEGIS VOPAK TERMINAL LTD-KANDLA,MITTAL CHEM-JALESAR,imported,Total Distance (km) set to 0 because source file does not include distance data.
62,AEGIS VOPAK TERMINAL LTD-KANDLA - - NAVDEEP ENT-SANAND,AEGIS VOPAK TERMINAL LTD-KANDLA,NAVDEEP ENT-SANAND,imported,Total Distance (km) set to 0 because source file does not include distance data.
63,AEGIS VOPAK TERMINAL LTD-KANDLA - - NEW INDIA-NANDESARI,AEGIS VOPAK TERMINAL LTD-KANDLA,NEW INDIA-NANDESARI,imported,Total Distance (km) set to 0 because source file does not include distance data.
64,AEGIS VOPAK TERMINAL LTD-KANDLA - - NITREX CHEMICAL-JHAGADIA,AEGIS VOPAK TERMINAL LTD-KANDLA,NITREX CHEMICAL-JHAGADIA,imported,Total Distance (km) set to 0 because source file does not include distance data.
65,"AEGIS VOPAK TERMINAL LTD-KANDLA - - PANOLI INT , NANDESARI",AEGIS VOPAK TERMINAL LTD-KANDLA,"PANOLI INT , NANDESARI",imported,Total Distance (km) set to 0 because source file does not include distance data.
66,AEGIS VOPAK TERMINAL LTD-KANDLA - - PARISHRAM CHEMICALS-VAPI,AEGIS VOPAK TERMINAL LTD-KANDLA,PARISHRAM CHEMICALS-VAPI,imported,Total Distance (km) set to 0 because source file does not include distance data.
67,AEGIS VOPAK TERMINAL LTD-KANDLA - - PUJA ENTERPRISES-ALIGARH,AEGIS VOPAK TERMINAL LTD-KANDLA,PUJA ENTERPRISES-ALIGARH,imported,Total Distance (km) set to 0 because source file does not include distance data.
68,AEGIS VOPAK TERMINAL LTD-KANDLA - - R. P. INTERMADIATES-NANDESARI,AEGIS VOPAK TERMINAL LTD-KANDLA,R. P. INTERMADIATES-NANDESARI,imported,Total Distance (km) set to 0 because source file does not include distance data.
69,AEGIS VOPAK TERMINAL LTD-KANDLA - - RAVESHIA COLOUR -VAPI,AEGIS VOPAK TERMINAL LTD-KANDLA,RAVESHIA COLOUR -VAPI,imported,Total Distance (km) set to 0 because source file does not include distance data.
70,AEGIS VOPAK TERMINAL LTD-KANDLA - - RUCHI PETRO PLAST-DAHEJ,AEGIS VOPAK TERMINAL LTD-KANDLA,RUCHI PETRO PLAST-DAHEJ,imported,Total Distance (km) set to 0 because source file does not include distance data.
71,AEGIS VOPAK TERMINAL LTD-KANDLA - - RUDRAKSHA ALLIED CHEM PVT LTD-NAGPUR (M.H),AEGIS VOPAK TERMINAL LTD-KANDLA,RUDRAKSHA ALLIED CHEM PVT LTD-NAGPUR (M.H),imported,Total Distance (km) set to 0 because source file does not include distance data.
72,AEGIS VOPAK TERMINAL LTD-KANDLA - - SAINI CHEMICALS-ANKLESHWAR,AEGIS VOPAK TERMINAL LTD-KANDLA,SAINI CHEMICALS-ANKLESHWAR,imported,Total Distance (km) set to 0 because source file does not include distance data.
73,AEGIS VOPAK TERMINAL LTD-KANDLA - - SHALIBHADRA INTERMEDIATES-ANK,AEGIS VOPAK TERMINAL LTD-KANDLA,SHALIBHADRA INTERMEDIATES-ANK,imported,Total Distance (km) set to 0 because source file does not include distance data.
74,AEGIS VOPAK TERMINAL LTD-KANDLA - - SHREE ANANDESHWAR ENT-KANPUR,AEGIS VOPAK TERMINAL LTD-KANDLA,SHREE ANANDESHWAR ENT-KANPUR,imported,Total Distance (km) set to 0 because source file does not include distance data.
75,AEGIS VOPAK TERMINAL LTD-KANDLA - - SHRI TIRUPATI ENT-ALIGARH,AEGIS VOPAK TERMINAL LTD-KANDLA,SHRI TIRUPATI ENT-ALIGARH,imported,Total Distance (km) set to 0 because source file does not include distance data.
76,AEGIS VOPAK TERMINAL LTD-KANDLA - - SHYAM SEL & POWER LTD-PITHAMPUR,AEGIS VOPAK TERMINAL LTD-KANDLA,SHYAM SEL & POWER LTD-PITHAMPUR,imported,Total Distance (km) set to 0 because source file does not include distance data.
77,AEGIS VOPAK TERMINAL LTD-KANDLA - - SNJ CHEMPACK-ANKLESHWAR,AEGIS VOPAK TERMINAL LTD-KANDLA,SNJ CHEMPACK-ANKLESHWAR,imported,Total Distance (km) set to 0 because source file does not include distance data.
78,AEGIS VOPAK TERMINAL LTD-KANDLA - - STANDARD CHEMTECH-CHHATRAL,AEGIS VOPAK TERMINAL LTD-KANDLA,STANDARD CHEMTECH-CHHATRAL,imported,Total Distance (km) set to 0 because source file does not include distance data.
79,AEGIS VOPAK TERMINAL LTD-KANDLA - - STAR CHEM INDIA-ANKLESHWAR,AEGIS VOPAK TERMINAL LTD-KANDLA,STAR CHEM INDIA-ANKLESHWAR,imported,Total Distance (km) set to 0 because source file does not include distance data.
80,AEGIS VOPAK TERMINAL LTD-KANDLA - - STAR OXOCHEM-JHAGADIA,AEGIS VOPAK TERMINAL LTD-KANDLA,STAR OXOCHEM-JHAGADIA,imported,Total Distance (km) set to 0 because source file does not include distance data.
81,AEGIS VOPAK TERMINAL LTD-KANDLA - - SUKHA CHEMICALS IND UNIT-11-PANOLI,AEGIS VOPAK TERMINAL LTD-KANDLA,SUKHA CHEMICALS IND UNIT-11-PANOLI,imported,Total Distance (km) set to 0 because source file does not include distance data.
82,AEGIS VOPAK TERMINAL LTD-KANDLA - - TANAY INORGANIC PVT LTD-NAGPUR,AEGIS VOPAK TERMINAL LTD-KANDLA,TANAY INORGANIC PVT LTD-NAGPUR,imported,Total Distance (km) set to 0 because source file does not include distance data.
83,AEGIS VOPAK TERMINAL LTD-KANDLA - - VOXCO PIGMENTS & CHEM-VAPI,AEGIS VOPAK TERMINAL LTD-KANDLA,VOXCO PIGMENTS & CHEM-VAPI,imported,Total Distance (km) set to 0 because source file does not include distance data.
84,AEGIS VOPAK TERMINAL LTD-KANDLA - - WESTERN DRUG LTD-UDAIPUR,AEGIS VOPAK TERMINAL LTD-KANDLA,WESTERN DRUG LTD-UDAIPUR,imported,Total Distance (km) set to 0 because source file does not include distance data.
85,AEGIS VOPAK TERMINAL-PIPAVAV - - AROMATICS INDIA PVT LTD-UDAIPUR,AEGIS VOPAK TERMINAL-PIPAVAV,AROMATICS INDIA PVT LTD-UDAIPUR,imported,Total Distance (km) set to 0 because source file does not include distance data.
86,AEGIS VOPAK TERMINAL-PIPAVAV - - AVSL IND. LTD-BHIWADI,AEGIS VOPAK TERMINAL-PIPAVAV,AVSL IND. LTD-BHIWADI,imported,Total Distance (km) set to 0 because source file does not include distance data.
87,AEGIS VOPAK TERMINAL-PIPAVAV - - AVSL IND-HALOL,AEGIS VOPAK TERMINAL-PIPAVAV,AVSL IND-HALOL,imported,Total Distance (km) set to 0 because source file does not include distance data.
88,"AEGIS VOPAK TERMINAL-PIPAVAV - - DEEPAK NIT, NANDESARI",AEGIS VOPAK TERMINAL-PIPAVAV,"DEEPAK NIT, NANDESARI",imported,Total Distance (km) set to 0 because source file does not include distance data.
89,AEGIS VOPAK TERMINAL-PIPAVAV - - SHIVANAND IMPEX-UKKHARLA,AEGIS VOPAK TERMINAL-PIPAVAV,SHIVANAND IMPEX-UKKHARLA,imported,Total Distance (km) set to 0 because source file does not include distance data.
90,AEGIS VOPAK TERMINALS LTD -KANDLA - - ABHISHEK ACID & CHEM-BHILWARA,AEGIS VOPAK TERMINALS LTD -KANDLA,ABHISHEK ACID & CHEM-BHILWARA,imported,Total Distance (km) set to 0 because source file does not include distance data.
91,AEGIS VOPAK TERMINALS LTD -KANDLA - - ANKLESHWAR,AEGIS VOPAK TERMINALS LTD -KANDLA,ANKLESHWAR,imported,Total Distance (km) set to 0 because source file does not include distance data.
92,AEGIS VOPAK TERMINALS LTD -KANDLA - - ANUPAM COLOURS & CHEM. IND-VAPI,AEGIS VOPAK TERMINALS LTD -KANDLA,ANUPAM COLOURS & CHEM. IND-VAPI,imported,Total Distance (km) set to 0 because source file does not include distance data.
93,AEGIS VOPAK TERMINALS LTD -KANDLA - - AROMATICS INDIA PVT LTD-UDAIPUR,AEGIS VOPAK TERMINALS LTD -KANDLA,AROMATICS INDIA PVT LTD-UDAIPUR,imported,Total Distance (km) set to 0 because source file does not include distance data.
94,AEGIS VOPAK TERMINALS LTD -KANDLA - - BANGLORE,AEGIS VOPAK TERMINALS LTD -KANDLA,BANGLORE,imported,Total Distance (km) set to 0 because source file does not include distance data.
95,AEGIS VOPAK TERMINALS LTD -KANDLA - - BASUDEV ENT-ALIGARH,AEGIS VOPAK TERMINALS LTD -KANDLA,BASUDEV ENT-ALIGARH,imported,Total Distance (km) set to 0 because source file does not include distance data.
96,AEGIS VOPAK TERMINALS LTD -KANDLA - - BHAGERIA IND LIMITED-TARAPUR,AEGIS VOPAK TERMINALS LTD -KANDLA,BHAGERIA IND LIMITED-TARAPUR,imported,Total Distance (km) set to 0 because source file does not include distance data.
97,AEGIS VOPAK TERMINALS LTD -KANDLA - - CHEMICAL ENTERPRISES-AKALTARA,AEGIS VOPAK TERMINALS LTD -KANDLA,CHEMICAL ENTERPRISES-AKALTARA,imported,Total Distance (km) set to 0 because source file does not include distance data.
98,AEGIS VOPAK TERMINALS LTD -KANDLA - - CHROMENI STEEL-KUTCH,AEGIS VOPAK TERMINALS LTD -KANDLA,CHROMENI STEEL-KUTCH,imported,Total Distance (km) set to 0 because source file does not include distance data.
99,AEGIS VOPAK TERMINALS LTD -KANDLA - - D.F.P.C.L.-TALOJA,AEGIS VOPAK TERMINALS LTD -KANDLA,D.F.P.C.L.-TALOJA,imported,Total Distance (km) set to 0 because source file does not include distance data.
100,"AEGIS VOPAK TERMINALS LTD -KANDLA - - DEEPAK NIT, NANDESARI",AEGIS VOPAK TERMINALS LTD -KANDLA,"DEEPAK NIT, NANDESARI",imported,Total Distance (km) set to 0 because source file does not include distance data.
101,AEGIS VOPAK TERMINALS LTD -KANDLA - - KUTCH SPECIALILITES PVT LTD,AEGIS VOPAK TERMINALS LTD -KANDLA,KUTCH SPECIALILITES PVT LTD,imported,Total Distance (km) set to 0 because source file does not include distance data.
102,AEGIS VOPAK TERMINALS LTD -KANDLA - - MAHESHWARI ENT-ALIGARH,AEGIS VOPAK TERMINALS LTD -KANDLA,MAHESHWARI ENT-ALIGARH,imported,Total Distance (km) set to 0 because source file does not include distance data.
103,AEGIS VOPAK TERMINALS LTD -KANDLA - - MITTAL CHEM-JALESAR,AEGIS VOPAK TERMINALS LTD -KANDLA,MITTAL CHEM-JALESAR,imported,Total Distance (km) set to 0 because source file does not include distance data.
104,AEGIS VOPAK TERMINALS LTD -KANDLA - - RANKA ORGANICS-UDAIPUR,AEGIS VOPAK TERMINALS LTD -KANDLA,RANKA ORGANICS-UDAIPUR,imported,Total Distance (km) set to 0 because source file does not include distance data.
105,AEGIS VOPAK TERMINALS LTD -KANDLA - - RASAYAN UDYOG-DHANBAD,AEGIS VOPAK TERMINALS LTD -KANDLA,RASAYAN UDYOG-DHANBAD,imported,Total Distance (km) set to 0 because source file does not include distance data.
106,AEGIS VOPAK TERMINALS LTD -KANDLA - - RUCHI PETRO PLAST-DAHEJ,AEGIS VOPAK TERMINALS LTD -KANDLA,RUCHI PETRO PLAST-DAHEJ,imported,Total Distance (km) set to 0 because source file does not include distance data.
107,AEGIS VOPAK TERMINALS LTD -KANDLA - - SAINI CHEMICALS-ANKLESHWAR,AEGIS VOPAK TERMINALS LTD -KANDLA,SAINI CHEMICALS-ANKLESHWAR,imported,Total Distance (km) set to 0 because source file does not include distance data.
108,AEGIS VOPAK TERMINALS LTD -KANDLA - - SHIVAM NITRATE PVT LTD.-NAGPUR,AEGIS VOPAK TERMINALS LTD -KANDLA,SHIVAM NITRATE PVT LTD.-NAGPUR,imported,Total Distance (km) set to 0 because source file does not include distance data.
109,AEGIS VOPAK TERMINALS LTD -KANDLA - - SHREE KRISHNA ENT-ALIGARH,AEGIS VOPAK TERMINALS LTD -KANDLA,SHREE KRISHNA ENT-ALIGARH,imported,Total Distance (km) set to 0 because source file does not include distance data.
110,AEGIS VOPAK TERMINALS LTD -KANDLA - - SHRI TIRUPATI ENTERPRISES-ALIGARH,AEGIS VOPAK TERMINALS LTD -KANDLA,SHRI TIRUPATI ENTERPRISES-ALIGARH,imported,Total Distance (km) set to 0 because source file does not include distance data.
111,AEGIS VOPAK TERMINALS LTD -KANDLA - - SHRI KRISHNA ENT-JALESAR,AEGIS VOPAK TERMINALS LTD -KANDLA,SHRI KRISHNA ENT-JALESAR,imported,Total Distance (km) set to 0 because source file does not include distance data.
112,AEGIS VOPAK TERMINALS LTD -KANDLA - - SNIGDHA BASIC CHEM-INDORE,AEGIS VOPAK TERMINALS LTD -KANDLA,SNIGDHA BASIC CHEM-INDORE,imported,Total Distance (km) set to 0 because source file does not include distance data.
113,AEGIS VOPAK TERMINALS LTD -KANDLA - - SONA SYNTH.PRODUCTS-VAPI,AEGIS VOPAK TERMINALS LTD -KANDLA,SONA SYNTH.PRODUCTS-VAPI,imported,Total Distance (km) set to 0 because source file does not include distance data.
114,AEGIS VOPAK TERMINALS LTD -KANDLA - - STANDARD CHEMICAL-CHHATRAL,AEGIS VOPAK TERMINALS LTD -KANDLA,STANDARD CHEMICAL-CHHATRAL,imported,Total Distance (km) set to 0 because source file does not include distance data.
115,AEGIS VOPAK TERMINALS LTD -KANDLA - - SUKHA CHEMICALS IND UNIT-11-PANOLI,AEGIS VOPAK TERMINALS LTD -KANDLA,SUKHA CHEMICALS IND UNIT-11-PANOLI,imported,Total Distance (km) set to 0 because source file does not include distance data.
116,AEGIS VOPAK TERMINALS LTD -KANDLA - - SURYA FINE CHEM-ANK,AEGIS VOPAK TERMINALS LTD -KANDLA,SURYA FINE CHEM-ANK,imported,Total Distance (km) set to 0 because source file does not include distance data.
117,AEGIS VOPAK TERMINALS LTD -KANDLA - - TANAY INORGANICS PVT. LTD-NAGPUR,AEGIS VOPAK TERMINALS LTD -KANDLA,TANAY INORGANICS PVT. LTD-NAGPUR,imported,Total Distance (km) set to 0 because source file does not include distance data.
118,AGPL-PIPAVAV - - BANSAL PLASTIC-NEW DELHI,AGPL-PIPAVAV,BANSAL PLASTIC-NEW DELHI,imported,Total Distance (km) set to 0 because source file does not include distance data.
119,AGPL-PIPAVAV - - SELF,AGPL-PIPAVAV,SELF,imported,Total Distance (km) set to 0 because source file does not include distance data.
120,AGRIM CHEMTECH KHERA-DELHI - - SHREE RAM SOAP & DET-HARYANA,AGRIM CHEMTECH KHERA-DELHI,SHREE RAM SOAP & DET-HARYANA,imported,Total Distance (km) set to 0 because source file does not include distance data.
121,AHIR SALT & ALLIED PRODUCTS-KANDLA - - ABHISHEK ACID & CHEM-BHILWARA,AHIR SALT & ALLIED PRODUCTS-KANDLA,ABHISHEK ACID & CHEM-BHILWARA,imported,Total Distance (km) set to 0 because source file does not include distance data.
122,AHIR SALT & ALLIED PRODUCTS-KANDLA - - VIKASH ACID-BHILWARA,AHIR SALT & ALLIED PRODUCTS-KANDLA,VIKASH ACID-BHILWARA,imported,Total Distance (km) set to 0 because source file does not include distance data.
123,AHMEDABAD - - MEGHMANI DYES & INTER-DUDHWADA-PADRA,KEMIT CHEMICALS PVT LTD-AHMEDABAD,MEGHMANI DYES & INTER-DUDHWADA-PADRA,imported,Total Distance (km) set to 0 because source file does not include distance data.
124,"AHMEDABAD - - P.I. IND, PANOLI",KEMIT CHEMICALS PVT LTD-AHMEDABAD,"P.I. IND, PANOLI",imported,Total Distance (km) set to 0 because source file does not include distance data.
125,AHPL SURAT-HAZIRA - - INDAIN PHOS LTD-UDAIPUR,AHPL SURAT-HAZIRA,INDAIN PHOS LTD-UDAIPUR,imported,Total Distance (km) set to 0 because source file does not include distance data.
126,AHUJA BARREL SUPPLY-ROHTAK - - A.D.IMPEX-INDOR,AHUJA BARREL SUPPLY-ROHTAK,A.D.IMPEX-INDOR,imported,Total Distance (km) set to 0 because source file does not include distance data.
127,AHUJA BARREL SUPPLY-ROHTAK - - BHARAT FEED-INDOR,AHUJA BARREL SUPPLY-ROHTAK,BHARAT FEED-INDOR,imported,Total Distance (km) set to 0 because source file does not include distance data.
128,AHUJA BARREL SUPPLY-ROHTAK - - SHAH FOOD PRODUCT-SEHORE,AHUJA BARREL SUPPLY-ROHTAK,SHAH FOOD PRODUCT-SEHORE,imported,Total Distance (km) set to 0 because source file does not include distance data.
129,AKSHAR CHEM INDIA-MEHSANA - - MITTAL CHEM-JALESAR,AKSHAR CHEM INDIA-MEHSANA,MITTAL CHEM-JALESAR,imported,Total Distance (km) set to 0 because source file does not include distance data.
130,ALLIED CHEMICALS IND-JAMSHEDPUR - - PRAYAGRAJ POWER GEN.COMPANY LTD-ALLAHABAD,ALLIED CHEMICALS IND-JAMSHEDPUR,PRAYAGRAJ POWER GEN.COMPANY LTD-ALLAHABAD,imported,Total Distance (km) set to 0 because source file does not include distance data.
131,"AMAL SPECIALITY CHEM LTD-ANK - - DEEPAK NIT, NANDESARI",AMAL SPECIALITY CHEM LTD-ANK,"DEEPAK NIT, NANDESARI",imported,Total Distance (km) set to 0 because source file does not include distance data.
132,"AMAL SPECIALITY CHEM LTD-ANK - - GAYATRI ACID & CHEM,CO.CHIKALI -PUNE",AMAL SPECIALITY CHEM LTD-ANK,"GAYATRI ACID & CHEM,CO.CHIKALI -PUNE",imported,Total Distance (km) set to 0 because source file does not include distance data.
133,AMAL SPECIALITY CHEM LTD-ANK - - VISHNU CHEMICAL-BHILAI,AMAL SPECIALITY CHEM LTD-ANK,VISHNU CHEMICAL-BHILAI,imported,Total Distance (km) set to 0 because source file does not include distance data.
134,AMARAVATI - - RASAYAN UDYOG-DHANBAD,AMARAVATI,RASAYAN UDYOG-DHANBAD,imported,Total Distance (km) set to 0 because source file does not include distance data.
135,AMOL-ANKLESHWAR - - ARVEE LAB. (INDIA)-BHAVNAGAR,AMOL-ANKLESHWAR,ARVEE LAB. (INDIA)-BHAVNAGAR,imported,Total Distance (km) set to 0 because source file does not include distance data.
136,"AMOL-ANKLESHWAR - - MADHU SIL,BHAVNAGAR",AMOL-ANKLESHWAR,"MADHU SIL,BHAVNAGAR",imported,Total Distance (km) set to 0 because source file does not include distance data.
137,AMOLI OPG. PVT LTD-PADRA - - SHREE CEMENT LTD-BEAWAR,AMOLI OPG. PVT LTD-PADRA,SHREE CEMENT LTD-BEAWAR,imported,Total Distance (km) set to 0 because source file does not include distance data.
138,"APARNA CARBONS PVT LTD (C.G.) - - COLOUR TEX,SURAT",APARNA CARBONS PVT LTD (C.G.),"COLOUR TEX,SURAT",imported,Total Distance (km) set to 0 because source file does not include distance data.
139,APARNA CARBONS PVT LTD (C.G.) - - CONTINENTAL CARBON ECO -DAHEJ,APARNA CARBONS PVT LTD (C.G.),CONTINENTAL CARBON ECO -DAHEJ,imported,Total Distance (km) set to 0 because source file does not include distance data.
140,APARNA CARBONS PVT LTD (C.G.) - - PCBL MUNDRA PLANT-(GUJ),APARNA CARBONS PVT LTD (C.G.),PCBL MUNDRA PLANT-(GUJ),imported,Total Distance (km) set to 0 because source file does not include distance data.
141,APARNA CARBONS PVT LTD (C.G.) - - PHILLIPS CARBON BLACK LTD-PALEJ,APARNA CARBONS PVT LTD (C.G.),PHILLIPS CARBON BLACK LTD-PALEJ,imported,Total Distance (km) set to 0 because source file does not include distance data.
142,APARNA CARBONS PVT LTD (C.G.) - - SURAT,APARNA CARBONS PVT LTD (C.G.),SURAT,imported,Total Distance (km) set to 0 because source file does not include distance data.
143,APARNA CARBONS PVT LTD-RAIPUR - - BALKRISHNA IND LTD-KUTCH,APARNA CARBONS PVT LTD-RAIPUR,BALKRISHNA IND LTD-KUTCH,imported,Total Distance (km) set to 0 because source file does not include distance data.
144,"APARNA CARBONS PVT LTD-RAIPUR - - COLOUR TEX,SURAT",APARNA CARBONS PVT LTD-RAIPUR,"COLOUR TEX,SURAT",imported,Total Distance (km) set to 0 because source file does not include distance data.
145,APARNA CARBONS PVT LTD-RAIPUR - - PCBL MUNDRA PLANT-(GUJ),APARNA CARBONS PVT LTD-RAIPUR,PCBL MUNDRA PLANT-(GUJ),imported,Total Distance (km) set to 0 because source file does not include distance data.
146,APARNA CARBONS PVT LTD-RAIPUR - - PHILLIPS CARBON BLACK LTD-PALEJ,APARNA CARBONS PVT LTD-RAIPUR,PHILLIPS CARBON BLACK LTD-PALEJ,imported,Total Distance (km) set to 0 because source file does not include distance data.
147,"ARIHANT DET,DHULIA - - HINDUSTAN UNILEVER-SUMERPUR","ARIHANT DET,DHULIA",HINDUSTAN UNILEVER-SUMERPUR,imported,Total Distance (km) set to 0 because source file does not include distance data.
148,AROCHEM IND.LTD-VAPI - - GALAXY CHEMICALS-BALLARY,AROCHEM IND.LTD-VAPI,GALAXY CHEMICALS-BALLARY,imported,Total Distance (km) set to 0 because source file does not include distance data.
149,AROMATIC ALLED & ORG.P.LTD-BHIWADI - - JYOTHY LABS-LTD-UTTARA KHAND,AROMATIC ALLED & ORG.P.LTD-BHIWADI,JYOTHY LABS-LTD-UTTARA KHAND,imported,Total Distance (km) set to 0 because source file does not include distance data.
150,AROMETIC-G DHAM-KUTCH - - A.A. ENTERPRISES-LUCKNOW (U.P.),AROMETIC-G DHAM-KUTCH,A.A. ENTERPRISES-LUCKNOW (U.P.),imported,Total Distance (km) set to 0 because source file does not include distance data.
151,AROMETIC-G DHAM-KUTCH - - AHMEDABAD.,AROMETIC-G DHAM-KUTCH,AHMEDABAD.,imported,Total Distance (km) set to 0 because source file does not include distance data.
152,AROMETIC-G DHAM-KUTCH - - ALOK UDYOG SAMATI-KANPUR,AROMETIC-G DHAM-KUTCH,ALOK UDYOG SAMATI-KANPUR,imported,Total Distance (km) set to 0 because source file does not include distance data.
153,AROMETIC-G DHAM-KUTCH - - BEEKAY DET ERGENT-LUCKNOW,AROMETIC-G DHAM-KUTCH,BEEKAY DET ERGENT-LUCKNOW,imported,Total Distance (km) set to 0 because source file does not include distance data.
154,AROMETIC-G DHAM-KUTCH - - J S MINCHEM-UDAIPUR,AROMETIC-G DHAM-KUTCH,J S MINCHEM-UDAIPUR,imported,Total Distance (km) set to 0 because source file does not include distance data.
155,AROMETIC-G DHAM-KUTCH - - JAY CHEMICAL WORKS-KANPUR,AROMETIC-G DHAM-KUTCH,JAY CHEMICAL WORKS-KANPUR,imported,Total Distance (km) set to 0 because source file does not include distance data.
156,AROMETIC-G DHAM-KUTCH - - JYOTHY LABS-LTD-UTTARA KHAND,AROMETIC-G DHAM-KUTCH,JYOTHY LABS-LTD-UTTARA KHAND,imported,Total Distance (km) set to 0 because source file does not include distance data.
157,AROMETIC-G DHAM-KUTCH - - JYOTI LABS LTD-PITHAMPUR,AROMETIC-G DHAM-KUTCH,JYOTI LABS LTD-PITHAMPUR,imported,Total Distance (km) set to 0 because source file does not include distance data.
158,AROMETIC-G DHAM-KUTCH - - KAMAL GRAM UDYOG SAMATI-KANPUR,AROMETIC-G DHAM-KUTCH,KAMAL GRAM UDYOG SAMATI-KANPUR,imported,Total Distance (km) set to 0 because source file does not include distance data.
159,AROMETIC-G DHAM-KUTCH - - KANPUR,AROMETIC-G DHAM-KUTCH,KANPUR,imported,Total Distance (km) set to 0 because source file does not include distance data.
160,AROMETIC-G DHAM-KUTCH - - KANPUR EDIBLES PVT LTD-KANPUR,AROMETIC-G DHAM-KUTCH,KANPUR EDIBLES PVT LTD-KANPUR,imported,Total Distance (km) set to 0 because source file does not include distance data.
161,AROMETIC-G DHAM-KUTCH - - MADANDA TARA CHEM-AJMER,AROMETIC-G DHAM-KUTCH,MADANDA TARA CHEM-AJMER,imported,Total Distance (km) set to 0 because source file does not include distance data.
162,AROMETIC-G DHAM-KUTCH - - PATANJALI AYURVED LTD-HARIDWAR,AROMETIC-G DHAM-KUTCH,PATANJALI AYURVED LTD-HARIDWAR,imported,Total Distance (km) set to 0 because source file does not include distance data.
163,AROMETIC-G DHAM-KUTCH - - PATEL PHOSCHEM-UDAIPUR,AROMETIC-G DHAM-KUTCH,PATEL PHOSCHEM-UDAIPUR,imported,Total Distance (km) set to 0 because source file does not include distance data.
164,AROMETIC-G DHAM-KUTCH - - RAJHAV SURFACTANTS PVT LTD-KANPUR,AROMETIC-G DHAM-KUTCH,RAJHAV SURFACTANTS PVT LTD-KANPUR,imported,Total Distance (km) set to 0 because source file does not include distance data.
165,AROMETIC-G DHAM-KUTCH - - RAJRATAN AROMATICS-UNNAO (U.P.),AROMETIC-G DHAM-KUTCH,RAJRATAN AROMATICS-UNNAO (U.P.),imported,Total Distance (km) set to 0 because source file does not include distance data.
166,AROMETIC-G DHAM-KUTCH - - RAMA PHOSPHATE LTD-UDAIPUR,AROMETIC-G DHAM-KUTCH,RAMA PHOSPHATE LTD-UDAIPUR,imported,Total Distance (km) set to 0 because source file does not include distance data.
167,AROMETIC-G DHAM-KUTCH - - RAMA PHOSPHATE-CHITTOD,AROMETIC-G DHAM-KUTCH,RAMA PHOSPHATE-CHITTOD,imported,Total Distance (km) set to 0 because source file does not include distance data.
168,AROMETIC-G DHAM-KUTCH - - SARA IND-SANAND-AMD.,AROMETIC-G DHAM-KUTCH,SARA IND-SANAND-AMD.,imported,Total Distance (km) set to 0 because source file does not include distance data.
169,AROMETIC-G DHAM-KUTCH - - SHAMANI INDUSTRIES-INDORE,AROMETIC-G DHAM-KUTCH,SHAMANI INDUSTRIES-INDORE,imported,Total Distance (km) set to 0 because source file does not include distance data.
170,AROMETIC-G DHAM-KUTCH - - SHREE DURGA GRAMODYOG SEWA SAMITI-KANPUR,AROMETIC-G DHAM-KUTCH,SHREE DURGA GRAMODYOG SEWA SAMITI-KANPUR,imported,Total Distance (km) set to 0 because source file does not include distance data.
171,AROMETIC-G DHAM-KUTCH - - SUNRAKSHAK AGRO PROD. PVT LTD- BHILWARA,AROMETIC-G DHAM-KUTCH,SUNRAKSHAK AGRO PROD. PVT LTD- BHILWARA,imported,Total Distance (km) set to 0 because source file does not include distance data.
172,AROMETIC-G DHAM-KUTCH - - TRANSWORLD F.P. PVT LTD-G.DHAM,AROMETIC-G DHAM-KUTCH,TRANSWORLD F.P. PVT LTD-G.DHAM,imported,Total Distance (km) set to 0 because source file does not include distance data.
173,AROMETIC-G DHAM-KUTCH - - VIKAS GRAMUDYOG-KANPUR,AROMETIC-G DHAM-KUTCH,VIKAS GRAMUDYOG-KANPUR,imported,Total Distance (km) set to 0 because source file does not include distance data.
174,"ARUN INDUSTRIAL PRODUCTS-KHEDA - - BILT GRAPHIC,BALLARPUR",ARUN INDUSTRIAL PRODUCTS-KHEDA,"BILT GRAPHIC,BALLARPUR",imported,Total Distance (km) set to 0 because source file does not include distance data.
175,ARUN INDUSTRIAL-VARSOLA - - UNICHEM-AKOLA,ARUN INDUSTRIAL-VARSOLA,UNICHEM-AKOLA,imported,Total Distance (km) set to 0 because source file does not include distance data.
176,ASHIAN OILS PVT LTD-(WEST BENGAL) - - LAXMI OIL & DALL MILL-MORENA(MP),ASHIAN OILS PVT LTD-(WEST BENGAL),LAXMI OIL & DALL MILL-MORENA(MP),imported,Total Distance (km) set to 0 because source file does not include distance data.
177,ASHIAN OILS PVT LTD-KOLKATA - - PATEL PHOSCHEM-UDAIPUR,ASHIAN OILS PVT LTD-KOLKATA,PATEL PHOSCHEM-UDAIPUR,imported,Total Distance (km) set to 0 because source file does not include distance data.
178,ASHIAN OILS PVT LTD-KOLKATA - - SHRI BASANT ENT-INDORE,ASHIAN OILS PVT LTD-KOLKATA,SHRI BASANT ENT-INDORE,imported,Total Distance (km) set to 0 because source file does not include distance data.
179,ASHIAN OILS PVT LTD-KOLKATA - - SUMUKH PROTEINS KHARGONE,ASHIAN OILS PVT LTD-KOLKATA,SUMUKH PROTEINS KHARGONE,imported,Total Distance (km) set to 0 because source file does not include distance data.
180,ATUL LTD-VALSAD - - MAHADEVI CHEMICAL IND-THANE,ATUL LTD-VALSAD,MAHADEVI CHEMICAL IND-THANE,imported,Total Distance (km) set to 0 because source file does not include distance data.
181,ATUL LTD-VALSAD - - PARADEEP PHOS-GOA,ATUL LTD-VALSAD,PARADEEP PHOS-GOA,imported,Total Distance (km) set to 0 because source file does not include distance data.
182,AVI AGRI BUSINESSLTD-INDORE - - SIDHARTH TRADING CO-JAIPUR,AVI AGRI BUSINESSLTD-INDORE,SIDHARTH TRADING CO-JAIPUR,imported,Total Distance (km) set to 0 because source file does not include distance data.
183,AWL AGRI BUSINESS-HALDIA - - VIJAY SOLVEX LTD-ALWAR,AWL AGRI BUSINESS-HALDIA,VIJAY SOLVEX LTD-ALWAR,imported,Total Distance (km) set to 0 because source file does not include distance data.
184,BARAMATI AGRO-JALGAON - - J.N.P.T-MUMBAI,BARAMATI AGRO-JALGAON,J.N.P.T-MUMBAI,imported,Total Distance (km) set to 0 because source file does not include distance data.
185,"BARODA-GODOWN - - MADHU SIL,BHAVNAGAR",BARODA-GODOWN,"MADHU SIL,BHAVNAGAR",imported,Total Distance (km) set to 0 because source file does not include distance data.
186,BARODA-GODOWN - - PUNE-(M.H.),BARODA-GODOWN,PUNE-(M.H.),imported,Total Distance (km) set to 0 because source file does not include distance data.
187,BARODA-GODOWN - - RIL-VADODARA,BARODA-GODOWN,RIL-VADODARA,imported,Total Distance (km) set to 0 because source file does not include distance data.
188,BASP CHEMICAL PRODUCTS LTD-SILVASSA - - HARSH CHEMICALS-BALOTRA,BASP CHEMICAL PRODUCTS LTD-SILVASSA,HARSH CHEMICALS-BALOTRA,imported,Total Distance (km) set to 0 because source file does not include distance data.
189,BEC CHEMICALS PVT LTD-RAIGAD - - AHMEDABAD,BEC CHEMICALS PVT LTD-RAIGAD,KEMIT CHEMICALS PVT LTD-AHMEDABAD,imported,Total Distance (km) set to 0 because source file does not include distance data.
190,BERI COLD STORAGE-RAIPUR - - RASAYAN UDYOG-DHANBAD,BERI COLD STORAGE-RAIPUR,RASAYAN UDYOG-DHANBAD,imported,Total Distance (km) set to 0 because source file does not include distance data.
191,BHAGERIA IND LIMITED-TARAPUR - - CHENNAI,BHAGERIA IND LIMITED-TARAPUR,CHENNAI,imported,Total Distance (km) set to 0 because source file does not include distance data.
192,BHAGERIA IND LIMITED-TARAPUR - - CLARIANT CHEMICALS (INDIA) LTD-CUDDUALORE,BHAGERIA IND LIMITED-TARAPUR,CLARIANT CHEMICALS (INDIA) LTD-CUDDUALORE,imported,Total Distance (km) set to 0 because source file does not include distance data.
193,BHAGERIA IND LIMITED-TARAPUR - - COIMBATORE PIONEER FER.LTD.TAMILNADU,BHAGERIA IND LIMITED-TARAPUR,COIMBATORE PIONEER FER.LTD.TAMILNADU,imported,Total Distance (km) set to 0 because source file does not include distance data.
194,BHAGERIA IND LIMITED-TARAPUR - - GALAXY CHEMICALS-BALLARY,BHAGERIA IND LIMITED-TARAPUR,GALAXY CHEMICALS-BALLARY,imported,Total Distance (km) set to 0 because source file does not include distance data.
195,BHAGWATI IND-MAHASAMUND-(C.G) - - FAIRCHEM ORG LTD-AMD,BHAGWATI IND-MAHASAMUND-(C.G),FAIRCHEM ORG LTD-AMD,imported,Total Distance (km) set to 0 because source file does not include distance data.
196,BHILAI ENG. CORP. LTD-PULGAON - - RSPL-AURANGABAD,BHILAI ENG. CORP. LTD-PULGAON,RSPL-AURANGABAD,imported,Total Distance (km) set to 0 because source file does not include distance data.
197,BHILAL ENGINEERING CORP LTD-BILAPUR (C.G) - - M.BHARAT -INDOR,BHILAL ENGINEERING CORP LTD-BILAPUR (C.G),M.BHARAT -INDOR,imported,Total Distance (km) set to 0 because source file does not include distance data.
198,"BHILAL ENGINEERING CORP LTD-BILAPUR (C.G) - - MULTI ORG, CHANDRAPUR",BHILAL ENGINEERING CORP LTD-BILAPUR (C.G),"MULTI ORG, CHANDRAPUR",imported,Total Distance (km) set to 0 because source file does not include distance data.
199,BHILAL ENGINEERING CORP LTD-BILAPUR (C.G) - - NAGPUR,BHILAL ENGINEERING CORP LTD-BILAPUR (C.G),NAGPUR,imported,Total Distance (km) set to 0 because source file does not include distance data.
200,BHILAL ENGINEERING CORP LTD-BILAPUR (C.G) - - NTPC LTD-MOUDHA-NAGPUR,BHILAL ENGINEERING CORP LTD-BILAPUR (C.G),NTPC LTD-MOUDHA-NAGPUR,imported,Total Distance (km) set to 0 because source file does not include distance data.
201,BHILAL ENGINEERING CORP LTD-BILAPUR (C.G) - - O.P. MILLS-AMLIA- (M.P.),BHILAL ENGINEERING CORP LTD-BILAPUR (C.G),O.P. MILLS-AMLIA- (M.P.),imported,Total Distance (km) set to 0 because source file does not include distance data.
202,BIRLA CARBON INDIA-PATELGANGA-RAIGAD - - ETHERIS PETROCHEM -WB-HOWRAH,BIRLA CARBON INDIA-PATELGANGA-RAIGAD,ETHERIS PETROCHEM -WB-HOWRAH,imported,Total Distance (km) set to 0 because source file does not include distance data.
203,BIRLA CELLULOSIC-KOSAMBA - - GRASIM IND LTD-VILAYAT BHARUCH,BIRLA CELLULOSIC-KOSAMBA,GRASIM IND LTD-VILAYAT BHARUCH,imported,Total Distance (km) set to 0 because source file does not include distance data.
204,BIRLA-DAHEJ - - A.P.L. BHUJ,BIRLA-DAHEJ,A.P.L. BHUJ,imported,Total Distance (km) set to 0 because source file does not include distance data.
205,BIRLA-DAHEJ - - AARTI IND-BHACHAO,BIRLA-DAHEJ,AARTI IND-BHACHAO,imported,Total Distance (km) set to 0 because source file does not include distance data.
206,BIRLA-DAHEJ - - AGRO PHOS INDIA LTD-MEGHNAGAR,BIRLA-DAHEJ,AGRO PHOS INDIA LTD-MEGHNAGAR,imported,Total Distance (km) set to 0 because source file does not include distance data.
207,BIRLA-DAHEJ - - AHMEDABAD.,BIRLA-DAHEJ,AHMEDABAD.,imported,Total Distance (km) set to 0 because source file does not include distance data.
208,BIRLA-DAHEJ - - AKSHAR CHEM INDIA-MEHSANA,BIRLA-DAHEJ,AKSHAR CHEM INDIA-MEHSANA,imported,Total Distance (km) set to 0 because source file does not include distance data.
209,BIRLA-DAHEJ - - AMBUJA INTERMEDIATES-MEHSANA,BIRLA-DAHEJ,AMBUJA INTERMEDIATES-MEHSANA,imported,Total Distance (km) set to 0 because source file does not include distance data.
210,BIRLA-DAHEJ - - ANKITRAJ EXPORTTRADE-URAN,BIRLA-DAHEJ,ANKITRAJ EXPORTTRADE-URAN,imported,Total Distance (km) set to 0 because source file does not include distance data.
211,BIRLA-DAHEJ - - ARIES COLOUR CHEM-DAHEJ,BIRLA-DAHEJ,ARIES COLOUR CHEM-DAHEJ,imported,Total Distance (km) set to 0 because source file does not include distance data.
212,BIRLA-DAHEJ - - ARVEE LAB. (INDIA)-BHAVNAGAR,BIRLA-DAHEJ,ARVEE LAB. (INDIA)-BHAVNAGAR,imported,Total Distance (km) set to 0 because source file does not include distance data.
213,BIRLA-DAHEJ - - BANKE BIHARI-BALOTRA,BIRLA-DAHEJ,BANKE BIHARI-BALOTRA,imported,Total Distance (km) set to 0 because source file does not include distance data.
214,BIRLA-DAHEJ - - BASANT AGRO-AKOLA,BIRLA-DAHEJ,BASANT AGRO-AKOLA,imported,Total Distance (km) set to 0 because source file does not include distance data.
215,BIRLA-DAHEJ - - BASANT AGRO-JALGOAN,BIRLA-DAHEJ,BASANT AGRO-JALGOAN,imported,Total Distance (km) set to 0 because source file does not include distance data.
216,BIRLA-DAHEJ - - BEC FERTILIZERS LIMITED,BIRLA-DAHEJ,BEC FERTILIZERS LIMITED,imported,Total Distance (km) set to 0 because source file does not include distance data.
217,BIRLA-DAHEJ - - BHILWARA.,BIRLA-DAHEJ,BHILWARA.,imported,Total Distance (km) set to 0 because source file does not include distance data.
218,BIRLA-DAHEJ - - BHUSAVAL,BIRLA-DAHEJ,BTPS-DEEPNAGAR,imported,Total Distance (km) set to 0 because source file does not include distance data.
219,BIRLA-DAHEJ - - BLUE PHOSPHATE LTD-UDAIPUR,BIRLA-DAHEJ,BLUE PHOSPHATE LTD-UDAIPUR,imported,Total Distance (km) set to 0 because source file does not include distance data.
220,BIRLA-DAHEJ - - CIL -NANDESARI,BIRLA-DAHEJ,CIL -NANDESARI,imported,Total Distance (km) set to 0 because source file does not include distance data.
221,BIRLA-DAHEJ - - CLARIANT CHEMICALS (INDIA) LTD-CUDDUALORE,BIRLA-DAHEJ,CLARIANT CHEMICALS (INDIA) LTD-CUDDUALORE,imported,Total Distance (km) set to 0 because source file does not include distance data.
222,BIRLA-DAHEJ - - CLAX PIGMENTS-KADGAON,BIRLA-DAHEJ,CLAX PIGMENTS-KADGAON,imported,Total Distance (km) set to 0 because source file does not include distance data.
223,BIRLA-DAHEJ - - COIMBATORE PIONEER FER.LTD.TAMILNADU,BIRLA-DAHEJ,COIMBATORE PIONEER FER.LTD.TAMILNADU,imported,Total Distance (km) set to 0 because source file does not include distance data.
224,BIRLA-DAHEJ - - CRYSTAL IND-RAJKOT,BIRLA-DAHEJ,CRYSTAL IND-RAJKOT,imported,Total Distance (km) set to 0 because source file does not include distance data.
225,BIRLA-DAHEJ - - D.F.P.C.L.-DAHEJ,BIRLA-DAHEJ,D.F.P.C.L.-DAHEJ,imported,Total Distance (km) set to 0 because source file does not include distance data.
226,BIRLA-DAHEJ - - D.F.P.C.L.-TALOJA,BIRLA-DAHEJ,D.F.P.C.L.-TALOJA,imported,Total Distance (km) set to 0 because source file does not include distance data.
227,BIRLA-DAHEJ - - D.J. SURFACTANTS-UDAIPUR,BIRLA-DAHEJ,D.J. SURFACTANTS-UDAIPUR,imported,Total Distance (km) set to 0 because source file does not include distance data.
228,BIRLA-DAHEJ - - DAHEJ,BIRLA-DAHEJ,DAHEJ,imported,Total Distance (km) set to 0 because source file does not include distance data.
229,"BIRLA-DAHEJ - - DEEPAK NIT, NANDESARI",BIRLA-DAHEJ,"DEEPAK NIT, NANDESARI",imported,Total Distance (km) set to 0 because source file does not include distance data.
230,BIRLA-DAHEJ - - DEEPTY LAB-BNGLOUR,BIRLA-DAHEJ,DEEPTY LAB-BNGLOUR,imported,Total Distance (km) set to 0 because source file does not include distance data.
231,BIRLA-DAHEJ - - DEVAS,BIRLA-DAHEJ,DEVAS,imported,Total Distance (km) set to 0 because source file does not include distance data.
232,BIRLA-DAHEJ - - DHANLAKSHMI BIOCHEM-AHMEDABAD,BIRLA-DAHEJ,DHANLAKSHMI BIOCHEM-AHMEDABAD,imported,Total Distance (km) set to 0 because source file does not include distance data.
233,BIRLA-DAHEJ - - DHANLAXMI IND -A.BAD,BIRLA-DAHEJ,DHANLAXMI IND -A.BAD,imported,Total Distance (km) set to 0 because source file does not include distance data.
234,"BIRLA-DAHEJ - - FENA LTD, SILVASSA",BIRLA-DAHEJ,"FENA LTD, SILVASSA",imported,Total Distance (km) set to 0 because source file does not include distance data.
235,BIRLA-DAHEJ - - GANDHIDHAM,BIRLA-DAHEJ,GOKUL OVERSEAS-G.DHAM-KUTCH,imported,Total Distance (km) set to 0 because source file does not include distance data.
236,BIRLA-DAHEJ - - GFL-DAHEJ,BIRLA-DAHEJ,GFL-DAHEJ,imported,Total Distance (km) set to 0 because source file does not include distance data.
237,BIRLA-DAHEJ - - GFL-RANJITNAGAR,BIRLA-DAHEJ,GFL-RANJITNAGAR,imported,Total Distance (km) set to 0 because source file does not include distance data.
238,BIRLA-DAHEJ - - GHARDA CHEM.DOMBIVALI,BIRLA-DAHEJ,GHARDA CHEM.DOMBIVALI,imported,Total Distance (km) set to 0 because source file does not include distance data.
239,BIRLA-DAHEJ - - GHARDA CHEMICALSLTD-LOTE,BIRLA-DAHEJ,GHARDA CHEMICALSLTD-LOTE,imported,Total Distance (km) set to 0 because source file does not include distance data.
240,BIRLA-DAHEJ - - GOA,BIRLA-DAHEJ,GOA,imported,Total Distance (km) set to 0 because source file does not include distance data.
241,BIRLA-DAHEJ - - GSFC LTD. SIKKA UNIT,BIRLA-DAHEJ,GSFC LTD. SIKKA UNIT,imported,Total Distance (km) set to 0 because source file does not include distance data.
242,BIRLA-DAHEJ - - GUJ.MULTI.GAS BASE CHEMICAL PVT LTD-MEHSANA,BIRLA-DAHEJ,GUJ.MULTI.GAS BASE CHEMICAL PVT LTD-MEHSANA,imported,Total Distance (km) set to 0 because source file does not include distance data.
243,BIRLA-DAHEJ - - H.N. ENT. NANDESARI,BIRLA-DAHEJ,H.N. ENT. NANDESARI,imported,Total Distance (km) set to 0 because source file does not include distance data.
244,BIRLA-DAHEJ - - HINDALCO IND LTD-(SINGRAULI-M.P.),BIRLA-DAHEJ,HINDALCO IND LTD-(SINGRAULI-M.P.),imported,Total Distance (km) set to 0 because source file does not include distance data.
245,BIRLA-DAHEJ - - HINDALCO IND LTD-RENUSAGAR (U.P),BIRLA-DAHEJ,HINDALCO IND LTD-RENUSAGAR (U.P),imported,Total Distance (km) set to 0 because source file does not include distance data.
246,BIRLA-DAHEJ - - HINDALCO IND.LTD-RENUKOOT,BIRLA-DAHEJ,HINDALCO IND.LTD-RENUKOOT,imported,Total Distance (km) set to 0 because source file does not include distance data.
247,BIRLA-DAHEJ - - HZL-CHITTORGARH,BIRLA-DAHEJ,HZL-CHITTORGARH,imported,Total Distance (km) set to 0 because source file does not include distance data.
248,BIRLA-DAHEJ - - ICMC CORP LIMITED TRICHY-TAMIL NADU,BIRLA-DAHEJ,ICMC CORP LIMITED TRICHY-TAMIL NADU,imported,Total Distance (km) set to 0 because source file does not include distance data.
249,BIRLA-DAHEJ - - IFFCO-PHOOLPUR-ALLAHABAD,BIRLA-DAHEJ,IFFCO-PHOOLPUR-ALLAHABAD,imported,Total Distance (km) set to 0 because source file does not include distance data.
250,BIRLA-DAHEJ - - INDIAN PESTICIDES LTD-SANDILA-HARDOI,BIRLA-DAHEJ,INDIAN PESTICIDES LTD-SANDILA-HARDOI,imported,Total Distance (km) set to 0 because source file does not include distance data.
251,"BIRLA-DAHEJ - - INDOBOREX,PITHAMPUR",BIRLA-DAHEJ,"INDOBOREX,PITHAMPUR",imported,Total Distance (km) set to 0 because source file does not include distance data.
252,BIRLA-DAHEJ - - INDORE,BIRLA-DAHEJ,INDORE,imported,Total Distance (km) set to 0 because source file does not include distance data.
253,BIRLA-DAHEJ - - JANKI AGRO PRODUCT-JETPUR,BIRLA-DAHEJ,JANKI AGRO PRODUCT-JETPUR,imported,Total Distance (km) set to 0 because source file does not include distance data.
254,BIRLA-DAHEJ - - JINDAL STAILESS-HISAR,BIRLA-DAHEJ,JINDAL STAILESS-HISAR,imported,Total Distance (km) set to 0 because source file does not include distance data.
255,BIRLA-DAHEJ - - JODHPUR,BIRLA-DAHEJ,JODHPUR,imported,Total Distance (km) set to 0 because source file does not include distance data.
256,BIRLA-DAHEJ - - JOTHI CHEMICAL(FOR.T.CHENDUR IND-METTURDAM,BIRLA-DAHEJ,JOTHI CHEMICAL(FOR.T.CHENDUR IND-METTURDAM,imported,Total Distance (km) set to 0 because source file does not include distance data.
257,BIRLA-DAHEJ - - K.C.F.L.-NIMABHAHRA,BIRLA-DAHEJ,K.C.F.L.-NIMABHAHRA,imported,Total Distance (km) set to 0 because source file does not include distance data.
258,BIRLA-DAHEJ - - KASHIRCHAND FERTILIZERS-WADASA,BIRLA-DAHEJ,KASHIRCHAND FERTILIZERS-WADASA,imported,Total Distance (km) set to 0 because source file does not include distance data.
259,BIRLA-DAHEJ - - KASTURCHAND FER.PVT LTD-WADASA(M.H),BIRLA-DAHEJ,KASTURCHAND FER.PVT LTD-WADASA(M.H),imported,Total Distance (km) set to 0 because source file does not include distance data.
260,BIRLA-DAHEJ - - KHAITAN CHEM & FER-DAHEJ,BIRLA-DAHEJ,KHAITAN CHEM & FER-DAHEJ,imported,Total Distance (km) set to 0 because source file does not include distance data.
261,BIRLA-DAHEJ - - KILBURN CHE LTD-DAHEJ,BIRLA-DAHEJ,KILBURN CHE LTD-DAHEJ,imported,Total Distance (km) set to 0 because source file does not include distance data.
262,BIRLA-DAHEJ - - KISAN SHAKTI FER & PESTICIDES .P. LTD-SAYKHA BHARUCH,BIRLA-DAHEJ,KISAN SHAKTI FER & PESTICIDES .P. LTD-SAYKHA BHARUCH,imported,Total Distance (km) set to 0 because source file does not include distance data.
263,BIRLA-DAHEJ - - KRISHANA PHOSCHEM LIMITED-MEGHNAGAR,BIRLA-DAHEJ,KRISHANA PHOSCHEM LIMITED-MEGHNAGAR,imported,Total Distance (km) set to 0 because source file does not include distance data.
264,BIRLA-DAHEJ - - LAXMI ACID & CHEMICALS MEHSANA,BIRLA-DAHEJ,LAXMI ACID & CHEMICALS MEHSANA,imported,Total Distance (km) set to 0 because source file does not include distance data.
265,"BIRLA-DAHEJ - - LAXMI AGRO,UDAIPUR",BIRLA-DAHEJ,"LAXMI AGRO,UDAIPUR",imported,Total Distance (km) set to 0 because source file does not include distance data.
266,BIRLA-DAHEJ - - M.B.AGRO PRODUCT-SAGAR,BIRLA-DAHEJ,M.B.AGRO PRODUCT-SAGAR,imported,Total Distance (km) set to 0 because source file does not include distance data.
267,BIRLA-DAHEJ - - M.BHARAT AGRO-SOURAI-BANDA,BIRLA-DAHEJ,M.BHARAT AGRO-SOURAI-BANDA,imported,Total Distance (km) set to 0 because source file does not include distance data.
268,BIRLA-DAHEJ - - M.BHARAT -INDOR,BIRLA-DAHEJ,M.BHARAT -INDOR,imported,Total Distance (km) set to 0 because source file does not include distance data.
269,BIRLA-DAHEJ - - M.BHARAT MEGHNAGAR,BIRLA-DAHEJ,M.BHARAT MEGHNAGAR,imported,Total Distance (km) set to 0 because source file does not include distance data.
270,BIRLA-DAHEJ - - M.BHARAT PRITAMPUR,BIRLA-DAHEJ,M.BHARAT PRITAMPUR,imported,Total Distance (km) set to 0 because source file does not include distance data.
271,"BIRLA-DAHEJ - - M.BHARAT,MEGHANARAR",BIRLA-DAHEJ,"M.BHARAT,MEGHANARAR",imported,Total Distance (km) set to 0 because source file does not include distance data.
272,BIRLA-DAHEJ - - M.N. CHEM. SHIRPUR-PUNE,BIRLA-DAHEJ,M.N. CHEM. SHIRPUR-PUNE,imported,Total Distance (km) set to 0 because source file does not include distance data.
273,BIRLA-DAHEJ - - M.N.SURF-PUNE,BIRLA-DAHEJ,M.N.SURF-PUNE,imported,Total Distance (km) set to 0 because source file does not include distance data.
274,BIRLA-DAHEJ - - MADHAV INDUSTRIES-MEHSANA,BIRLA-DAHEJ,MADHAV INDUSTRIES-MEHSANA,imported,Total Distance (km) set to 0 because source file does not include distance data.
275,"BIRLA-DAHEJ - - MADHU SIL,BHAVNAGAR",BIRLA-DAHEJ,"MADHU SIL,BHAVNAGAR",imported,Total Distance (km) set to 0 because source file does not include distance data.
276,BIRLA-DAHEJ - - MAHESH RAJ CHEMICALS-AHMEDABAD,BIRLA-DAHEJ,MAHESH RAJ CHEMICALS-AHMEDABAD,imported,Total Distance (km) set to 0 because source file does not include distance data.
277,BIRLA-DAHEJ - - MAHESHWARI ACID & CHEM-BHILWARA,BIRLA-DAHEJ,MAHESHWARI ACID & CHEM-BHILWARA,imported,Total Distance (km) set to 0 because source file does not include distance data.
278,BIRLA-DAHEJ - - MANGAL BIO-TECH-MANGALORE,BIRLA-DAHEJ,MANGAL BIO-TECH-MANGALORE,imported,Total Distance (km) set to 0 because source file does not include distance data.
279,BIRLA-DAHEJ - - MANGALORE CHEM & FER-MANGALORE,BIRLA-DAHEJ,MANGALORE CHEM & FER-MANGALORE,imported,Total Distance (km) set to 0 because source file does not include distance data.
280,BIRLA-DAHEJ - - MANI AGRO CHEM PVT LTD-SALEM-TAMILNADU,BIRLA-DAHEJ,MANI AGRO CHEM PVT LTD-SALEM-TAMILNADU,imported,Total Distance (km) set to 0 because source file does not include distance data.
281,BIRLA-DAHEJ - - MAYUR DYE CHEM-PADRA,BIRLA-DAHEJ,MAYUR DYE CHEM-PADRA,imported,Total Distance (km) set to 0 because source file does not include distance data.
282,BIRLA-DAHEJ - - MEGHMANI DYES & INTER-DUDHWADA-PADRA,BIRLA-DAHEJ,MEGHMANI DYES & INTER-DUDHWADA-PADRA,imported,Total Distance (km) set to 0 because source file does not include distance data.
283,BIRLA-DAHEJ - - MEGHMANI FINE CHEM-DAHEJ,BIRLA-DAHEJ,MEGHMANI FINE CHEM-DAHEJ,imported,Total Distance (km) set to 0 because source file does not include distance data.
284,BIRLA-DAHEJ - - MEGHMANI NOVOTECH PVT LTD-BHARUCH,BIRLA-DAHEJ,MEGHMANI NOVOTECH PVT LTD-BHARUCH,imported,Total Distance (km) set to 0 because source file does not include distance data.
285,"BIRLA-DAHEJ - - MMCPL,JHAGADIA",BIRLA-DAHEJ,"MMCPL,JHAGADIA",imported,Total Distance (km) set to 0 because source file does not include distance data.
286,"BIRLA-DAHEJ - - MULTI ORG, CHANDRAPUR",BIRLA-DAHEJ,"MULTI ORG, CHANDRAPUR",imported,Total Distance (km) set to 0 because source file does not include distance data.
287,BIRLA-DAHEJ - - N.T.P.C LTD-SOLAPUR,BIRLA-DAHEJ,N.T.P.C LTD-SOLAPUR,imported,Total Distance (km) set to 0 because source file does not include distance data.
288,BIRLA-DAHEJ - - NAGPUR,BIRLA-DAHEJ,NAGPUR,imported,Total Distance (km) set to 0 because source file does not include distance data.
289,BIRLA-DAHEJ - - NANDAN DENIM LTD-AHMEDABAD,BIRLA-DAHEJ,NANDAN DENIM LTD-AHMEDABAD,imported,Total Distance (km) set to 0 because source file does not include distance data.
290,"BIRLA-DAHEJ - - NANDESARI UNIT,SELF",BIRLA-DAHEJ,"NANDESARI UNIT,SELF",imported,Total Distance (km) set to 0 because source file does not include distance data.
291,BIRLA-DAHEJ - - NEW INDIA DETERGENT PVT LTD (MAHAD),BIRLA-DAHEJ,NEW INDIA DETERGENT PVT LTD (MAHAD),imported,Total Distance (km) set to 0 because source file does not include distance data.
292,BIRLA-DAHEJ - - NIBHA POWER LTD-HISAR,BIRLA-DAHEJ,NIBHA POWER LTD-HISAR,imported,Total Distance (km) set to 0 because source file does not include distance data.
293,BIRLA-DAHEJ - - NTPC-KHARGONE (M.P.),BIRLA-DAHEJ,NTPC-KHARGONE (M.P.),imported,Total Distance (km) set to 0 because source file does not include distance data.
294,BIRLA-DAHEJ - - NTPC-UNCHAHAR,BIRLA-DAHEJ,NTPC-UNCHAHAR,imported,Total Distance (km) set to 0 because source file does not include distance data.
295,BIRLA-DAHEJ - - PARADEEP PHOS-GOA,BIRLA-DAHEJ,PARADEEP PHOS-GOA,imported,Total Distance (km) set to 0 because source file does not include distance data.
296,BIRLA-DAHEJ - - PATANJALI FOOD- G.DHAM,BIRLA-DAHEJ,PATANJALI FOOD- G.DHAM,imported,Total Distance (km) set to 0 because source file does not include distance data.
297,"BIRLA-DAHEJ - - PREM SAKHI,UDAIPUR",BIRLA-DAHEJ,"PREM SAKHI,UDAIPUR",imported,Total Distance (km) set to 0 because source file does not include distance data.
298,BIRLA-DAHEJ - - PUNJAB CHEMICALS-PIMPRI-PUNE,BIRLA-DAHEJ,PUNJAB CHEMICALS-PIMPRI-PUNE,imported,Total Distance (km) set to 0 because source file does not include distance data.
299,BIRLA-DAHEJ - - R.I.L.JAMNAGAR,BIRLA-DAHEJ,R.I.L.JAMNAGAR,imported,Total Distance (km) set to 0 because source file does not include distance data.
300,"BIRLA-DAHEJ - - R.M.PHOSPHATE,DHULIA",BIRLA-DAHEJ,"R.M.PHOSPHATE,DHULIA",imported,Total Distance (km) set to 0 because source file does not include distance data.
301,BIRLA-DAHEJ - - R.M.PHOSPHATES-DEWAS(M.P),BIRLA-DAHEJ,R.M.PHOSPHATES-DEWAS(M.P),imported,Total Distance (km) set to 0 because source file does not include distance data.
302,BIRLA-DAHEJ - - R.S.P.L.-RAIPUR,BIRLA-DAHEJ,R.S.P.L.-RAIPUR,imported,Total Distance (km) set to 0 because source file does not include distance data.
303,"BIRLA-DAHEJ - - RADHA MADHAV,SURAT",BIRLA-DAHEJ,"RADHA MADHAV,SURAT",imported,Total Distance (km) set to 0 because source file does not include distance data.
304,BIRLA-DAHEJ - - RAJKOT,BIRLA-DAHEJ,RAJKOT,imported,Total Distance (km) set to 0 because source file does not include distance data.
305,BIRLA-DAHEJ - - RAJLAXMI AGROTECH INDIA PVT LTD.-JALNA,BIRLA-DAHEJ,RAJLAXMI AGROTECH INDIA PVT LTD.-JALNA,imported,Total Distance (km) set to 0 because source file does not include distance data.
306,BIRLA-DAHEJ - - RIL(SEZ)J.NAGAR,BIRLA-DAHEJ,RIL(SEZ)J.NAGAR,imported,Total Distance (km) set to 0 because source file does not include distance data.
307,BIRLA-DAHEJ - - RIL-DAHEJ,BIRLA-DAHEJ,RIL-DAHEJ,imported,Total Distance (km) set to 0 because source file does not include distance data.
308,BIRLA-DAHEJ - - RIL-HAZIRA-SURAT,BIRLA-DAHEJ,RIL-HAZIRA-SURAT,imported,Total Distance (km) set to 0 because source file does not include distance data.
309,BIRLA-DAHEJ - - RIL-NAGOTHANE,BIRLA-DAHEJ,RIL-NAGOTHANE,imported,Total Distance (km) set to 0 because source file does not include distance data.
310,BIRLA-DAHEJ - - RIL-VADODARA,BIRLA-DAHEJ,RIL-VADODARA,imported,Total Distance (km) set to 0 because source file does not include distance data.
311,BIRLA-DAHEJ - - ROHITKUMAR TEXTILE MILLS-AHMEDABAD,BIRLA-DAHEJ,ROHITKUMAR TEXTILE MILLS-AHMEDABAD,imported,Total Distance (km) set to 0 because source file does not include distance data.
312,BIRLA-DAHEJ - - RSPL. LTD-ROURKEE,BIRLA-DAHEJ,RSPL. LTD-ROURKEE,imported,Total Distance (km) set to 0 because source file does not include distance data.
313,BIRLA-DAHEJ - - RSPL-AURANGABAD,BIRLA-DAHEJ,RSPL-AURANGABAD,imported,Total Distance (km) set to 0 because source file does not include distance data.
314,"BIRLA-DAHEJ - - RUBAMIN,HALOL",BIRLA-DAHEJ,"RUBAMIN,HALOL",imported,Total Distance (km) set to 0 because source file does not include distance data.
315,BIRLA-DAHEJ - - RUBAMIN-NANDESARI,BIRLA-DAHEJ,RUBAMIN-NANDESARI,imported,Total Distance (km) set to 0 because source file does not include distance data.
316,BIRLA-DAHEJ - - RUCHI SOYA IND-G.DHAM,BIRLA-DAHEJ,RUCHI SOYA IND-G.DHAM,imported,Total Distance (km) set to 0 because source file does not include distance data.
317,BIRLA-DAHEJ - - S.K.D.P.L.CHITTOR,BIRLA-DAHEJ,S.K.D.P.L.CHITTOR,imported,Total Distance (km) set to 0 because source file does not include distance data.
318,BIRLA-DAHEJ - - S.KRISHNA.SILVASSA,BIRLA-DAHEJ,S.KRISHNA.SILVASSA,imported,Total Distance (km) set to 0 because source file does not include distance data.
319,BIRLA-DAHEJ - - SABARI AGRO CHEM-METTUR DAM,BIRLA-DAHEJ,SABARI AGRO CHEM-METTUR DAM,imported,Total Distance (km) set to 0 because source file does not include distance data.
320,BIRLA-DAHEJ - - SATPURA THERMAL POWER STATION-SARNI(M.P),BIRLA-DAHEJ,SATPURA THERMAL POWER STATION-SARNI(M.P),imported,Total Distance (km) set to 0 because source file does not include distance data.
321,"BIRLA-DAHEJ - - SATYAM ENT,.UDAIPUR",BIRLA-DAHEJ,"SATYAM ENT,.UDAIPUR",imported,Total Distance (km) set to 0 because source file does not include distance data.
322,BIRLA-DAHEJ - - SATYENDRA FINE CHEM-PADRA,BIRLA-DAHEJ,SATYENDRA FINE CHEM-PADRA,imported,Total Distance (km) set to 0 because source file does not include distance data.
323,BIRLA-DAHEJ - - SELF,BIRLA-DAHEJ,SELF,imported,Total Distance (km) set to 0 because source file does not include distance data.
324,BIRLA-DAHEJ - - SHCEL-MAHAD,BIRLA-DAHEJ,SHCEL-MAHAD,imported,Total Distance (km) set to 0 because source file does not include distance data.
325,"BIRLA-DAHEJ - - SHIVA GLOBLE,NANDED",BIRLA-DAHEJ,"SHIVA GLOBLE,NANDED",imported,Total Distance (km) set to 0 because source file does not include distance data.
326,BIRLA-DAHEJ - - SHREE CEMENT LTD - RAS,BIRLA-DAHEJ,SHREE CEMENT LTD - RAS,imported,Total Distance (km) set to 0 because source file does not include distance data.
327,BIRLA-DAHEJ - - SHREE CEMENT LTD-BEAWAR,BIRLA-DAHEJ,SHREE CEMENT LTD-BEAWAR,imported,Total Distance (km) set to 0 because source file does not include distance data.
328,BIRLA-DAHEJ - - SHREE HARI CHEMICALS-MAHAD-RAIGAD,BIRLA-DAHEJ,SHREE HARI CHEMICALS-MAHAD-RAIGAD,imported,Total Distance (km) set to 0 because source file does not include distance data.
329,BIRLA-DAHEJ - - SHREE SHIV AGRO-BARODA,BIRLA-DAHEJ,SHREE SHIV AGRO-BARODA,imported,Total Distance (km) set to 0 because source file does not include distance data.
330,BIRLA-DAHEJ - - SHREEJI AGRO PRODUCT-JETPUR,BIRLA-DAHEJ,SHREEJI AGRO PRODUCT-JETPUR,imported,Total Distance (km) set to 0 because source file does not include distance data.
331,BIRLA-DAHEJ - - SHREEJI LIQUID STORAGE TERMINAL-KANDLA,BIRLA-DAHEJ,SHREEJI LIQUID STORAGE TERMINAL-KANDLA,imported,Total Distance (km) set to 0 because source file does not include distance data.
332,BIRLA-DAHEJ - - SHRI KRISHNA DET.CHITTOD,BIRLA-DAHEJ,SHRI KRISHNA DET.CHITTOD,imported,Total Distance (km) set to 0 because source file does not include distance data.
333,BIRLA-DAHEJ - - SHRI KRISHNA-SILVASSA,BIRLA-DAHEJ,SHRI KRISHNA-SILVASSA,imported,Total Distance (km) set to 0 because source file does not include distance data.
334,BIRLA-DAHEJ - - SINGRUALI,BIRLA-DAHEJ,SINGRUALI,imported,Total Distance (km) set to 0 because source file does not include distance data.
335,BIRLA-DAHEJ - - SMARTCHEM TECH-TALOJA,BIRLA-DAHEJ,SMARTCHEM TECH-TALOJA,imported,Total Distance (km) set to 0 because source file does not include distance data.
336,BIRLA-DAHEJ - - SRINIVASA CHEMICAL ENT-PUDUCHERRY,BIRLA-DAHEJ,SRINIVASA CHEMICAL ENT-PUDUCHERRY,imported,Total Distance (km) set to 0 because source file does not include distance data.
337,BIRLA-DAHEJ - - SUN IND PVT LTD-LUDHIANA,BIRLA-DAHEJ,SUN IND PVT LTD-LUDHIANA,imported,Total Distance (km) set to 0 because source file does not include distance data.
338,BIRLA-DAHEJ - - TRANSWORLD F.P. PVT LTD-G.DHAM,BIRLA-DAHEJ,TRANSWORLD F.P. PVT LTD-G.DHAM,imported,Total Distance (km) set to 0 because source file does not include distance data.
339,BIRLA-DAHEJ - - TRANSWORLD-SAVLI,BIRLA-DAHEJ,TRANSWORLD FRUTI-SAVLI-BRD,imported,Total Distance (km) set to 0 because source file does not include distance data.
340,BIRLA-DAHEJ - - TRENT CHEM IND -MEGHNAGAR,BIRLA-DAHEJ,TRENT CHEM IND -MEGHNAGAR,imported,Total Distance (km) set to 0 because source file does not include distance data.
341,BIRLA-DAHEJ - - UDAIPUR UNIT,BIRLA-DAHEJ,UDAIPUR UNIT,imported,Total Distance (km) set to 0 because source file does not include distance data.
342,BIRLA-DAHEJ - - UMIYA ACID & CHEMICALS-HIMATNAGAR,BIRLA-DAHEJ,UMIYA ACID & CHEMICALS-HIMATNAGAR,imported,Total Distance (km) set to 0 because source file does not include distance data.
343,BIRLA-DAHEJ - - V.V.TITANIUM PIGMENT P LTD-THOOTHUKUDI,BIRLA-DAHEJ,V.V.TITANIUM PIGMENT P LTD-THOOTHUKUDI,imported,Total Distance (km) set to 0 because source file does not include distance data.
344,"BIRLA-DAHEJ - - VEGA CHEM,JALGOAN",BIRLA-DAHEJ,"VEGA CHEM,JALGOAN",imported,Total Distance (km) set to 0 because source file does not include distance data.
345,BIRLA-DAHEJ - - VIDHYA MINERAL & PROC-BHANDARA,BIRLA-DAHEJ,VIDHYA MINERAL & PROC-BHANDARA,imported,Total Distance (km) set to 0 because source file does not include distance data.
346,BIRLA-DAHEJ - - VINAYAGA FER.INDIA PVT LTD-SPSR NELLORE,BIRLA-DAHEJ,VINAYAGA FER.INDIA PVT LTD-SPSR NELLORE,imported,Total Distance (km) set to 0 because source file does not include distance data.
347,BIRLA-DAHEJ - A TO Z METALS/CHOKSI HERBEL-UDAIPUR - CLAX PIGMENTS-KADGAON,BIRLA-DAHEJ,CLAX PIGMENTS-KADGAON,imported,Total Distance (km) set to 0 because source file does not include distance data.
348,BODAL CHEM LTD-UNIT-XII-PUNJAB - - BODAL CHEMICAL LTD-MATHURA (U.P.),BODAL CHEM LTD-UNIT-XII-PUNJAB,BODAL CHEMICAL LTD-MATHURA (U.P.),imported,Total Distance (km) set to 0 because source file does not include distance data.
349,BODAL CHEM LTD-UNIT-XII-PUNJAB - - GODHREJ CONSUMER PRODUCTS-MALANPUR(M.P),BODAL CHEM LTD-UNIT-XII-PUNJAB,GODHREJ CONSUMER PRODUCTS-MALANPUR(M.P),imported,Total Distance (km) set to 0 because source file does not include distance data.
350,BODAL CHEM LTD-UNIT-XII-PUNJAB - - HARSH CHEMICALS-BALOTRA,BODAL CHEM LTD-UNIT-XII-PUNJAB,HARSH CHEMICALS-BALOTRA,imported,Total Distance (km) set to 0 because source file does not include distance data.
351,BODAL CHEM LTD-UNIT-XII-PUNJAB - - I.O.C.L-MATHURA (U.P.),BODAL CHEM LTD-UNIT-XII-PUNJAB,I.O.C.L-MATHURA (U.P.),imported,Total Distance (km) set to 0 because source file does not include distance data.
352,BODAL CHEM LTD-UNIT-XII-PUNJAB - - I.O.C.LTD-PANIPAT,BODAL CHEM LTD-UNIT-XII-PUNJAB,I.O.C.LTD-PANIPAT,imported,Total Distance (km) set to 0 because source file does not include distance data.
353,BODAL CHEMICAL LTD-SAYKHA - - AARTI DRUGS-PALGARH,BODAL CHEMICAL LTD-SAYKHA,AARTI DRUGS-PALGARH,imported,Total Distance (km) set to 0 because source file does not include distance data.
354,BODAL CHEMICAL LTD-SAYKHA - - ASHISH INTERCHEM-BOISAR,BODAL CHEMICAL LTD-SAYKHA,ASHISH INTERCHEM-BOISAR,imported,Total Distance (km) set to 0 because source file does not include distance data.
355,BODAL CHEMICAL LTD-SAYKHA - - BAYER VAPI PVT LTD-VAPI,BODAL CHEMICAL LTD-SAYKHA,BAYER VAPI PVT LTD-VAPI,imported,Total Distance (km) set to 0 because source file does not include distance data.
356,BODAL CHEMICAL LTD-SAYKHA - - BODAL CHEMICAL LTD-MATHURA (U.P.),BODAL CHEMICAL LTD-SAYKHA,BODAL CHEMICAL LTD-MATHURA (U.P.),imported,Total Distance (km) set to 0 because source file does not include distance data.
357,BODAL CHEMICAL LTD-SAYKHA - - CHEMIEORGANIC CHEMICAL-JHAGADIA,BODAL CHEMICAL LTD-SAYKHA,CHEMIEORGANIC CHEMICAL-JHAGADIA,imported,Total Distance (km) set to 0 because source file does not include distance data.
358,BODAL CHEMICAL LTD-SAYKHA - - CHIRAJ ORGANIC-VAPI,BODAL CHEMICAL LTD-SAYKHA,CHIRAJ ORGANIC-VAPI,imported,Total Distance (km) set to 0 because source file does not include distance data.
359,BODAL CHEMICAL LTD-SAYKHA - - CHROMA DYECHEM-SAYKHA,BODAL CHEMICAL LTD-SAYKHA,CHROMA DYECHEM-SAYKHA,imported,Total Distance (km) set to 0 because source file does not include distance data.
360,BODAL CHEMICAL LTD-SAYKHA - - DECCAN FINE CHEM-VISAKHAPATNAM,BODAL CHEMICAL LTD-SAYKHA,DECCAN FINE CHEM-VISAKHAPATNAM,imported,Total Distance (km) set to 0 because source file does not include distance data.
361,BODAL CHEMICAL LTD-SAYKHA - - GHARDA CHEMICALSLTD-LOTE,BODAL CHEMICAL LTD-SAYKHA,GHARDA CHEMICALSLTD-LOTE,imported,Total Distance (km) set to 0 because source file does not include distance data.
362,BODAL CHEMICAL LTD-SAYKHA - - GSP CROP SCIENCE-NANDESARI,BODAL CHEMICAL LTD-SAYKHA,GSP CROP SCIENCE-NANDESARI,imported,Total Distance (km) set to 0 because source file does not include distance data.
363,BODAL CHEMICAL LTD-SAYKHA - - HEMANI CHEMI ORG-VAPI,BODAL CHEMICAL LTD-SAYKHA,HEMANI CHEMI ORG-VAPI,imported,Total Distance (km) set to 0 because source file does not include distance data.
364,BODAL CHEMICAL LTD-SAYKHA - - HEMANI INT. PVT LTD-VAPI,BODAL CHEMICAL LTD-SAYKHA,HEMANI INT. PVT LTD-VAPI,imported,Total Distance (km) set to 0 because source file does not include distance data.
365,BODAL CHEMICAL LTD-SAYKHA - - IDEAL DYE-CHEM-VAPI,BODAL CHEMICAL LTD-SAYKHA,IDEAL DYE-CHEM-VAPI,imported,Total Distance (km) set to 0 because source file does not include distance data.
366,BODAL CHEMICAL LTD-SAYKHA - - JAINIK INDUSTRIES-VATVA,BODAL CHEMICAL LTD-SAYKHA,JAINIK INDUSTRIES-VATVA,imported,Total Distance (km) set to 0 because source file does not include distance data.
367,BODAL CHEMICAL LTD-SAYKHA - - JAY GANESH IND-KHAMBAT,BODAL CHEMICAL LTD-SAYKHA,JAY GANESH IND-KHAMBAT,imported,Total Distance (km) set to 0 because source file does not include distance data.
368,BODAL CHEMICAL LTD-SAYKHA - - KAJAY REMEDIES PVT LTD-BADLAPUR,BODAL CHEMICAL LTD-SAYKHA,KAJAY REMEDIES PVT LTD-BADLAPUR,imported,Total Distance (km) set to 0 because source file does not include distance data.
369,BODAL CHEMICAL LTD-SAYKHA - - LOTE,BODAL CHEMICAL LTD-SAYKHA,LOTE,imported,Total Distance (km) set to 0 because source file does not include distance data.
370,BODAL CHEMICAL LTD-SAYKHA - - MICAS ORG.LTD-II-VAPI,BODAL CHEMICAL LTD-SAYKHA,MICAS ORG.LTD-II-VAPI,imported,Total Distance (km) set to 0 because source file does not include distance data.
371,BODAL CHEMICAL LTD-SAYKHA - - MUNDRA,BODAL CHEMICAL LTD-SAYKHA,MUNDRA,imported,Total Distance (km) set to 0 because source file does not include distance data.
372,BODAL CHEMICAL LTD-SAYKHA - - PANOLI INTERMEDIATES-JHAGADIA,BODAL CHEMICAL LTD-SAYKHA,PANOLI INTERMEDIATES-JHAGADIA,imported,Total Distance (km) set to 0 because source file does not include distance data.
373,BODAL CHEMICAL LTD-SAYKHA - - PHARMA INTER CHEMIE-NANDESARI,BODAL CHEMICAL LTD-SAYKHA,PHARMA INTER CHEMIE-NANDESARI,imported,Total Distance (km) set to 0 because source file does not include distance data.
374,BODAL CHEMICAL LTD-SAYKHA - - PRASHANT IND-VATVA,BODAL CHEMICAL LTD-SAYKHA,PRASHANT IND-VATVA,imported,Total Distance (km) set to 0 because source file does not include distance data.
375,BODAL CHEMICAL LTD-SAYKHA - - RADHIKA ORGO-NANDESARI,BODAL CHEMICAL LTD-SAYKHA,RADHIKA ORGO-NANDESARI,imported,Total Distance (km) set to 0 because source file does not include distance data.
376,BODAL CHEMICAL LTD-SAYKHA - - SARNA CHEMICALS-VAPI,BODAL CHEMICAL LTD-SAYKHA,SARNA CHEMICALS-VAPI,imported,Total Distance (km) set to 0 because source file does not include distance data.
377,BODAL CHEMICAL LTD-SAYKHA - - SUPREET CHEMICALS-VAPI,BODAL CHEMICAL LTD-SAYKHA,SUPREET CHEMICALS-VAPI,imported,Total Distance (km) set to 0 because source file does not include distance data.
378,BODAL CHEMICAL LTD-SAYKHA - - SUVEN FARMA-VISAKHAPATNAM,BODAL CHEMICAL LTD-SAYKHA,SUVEN FARMA-VISAKHAPATNAM,imported,Total Distance (km) set to 0 because source file does not include distance data.
379,BODAL CHEMICAL LTD-SAYKHA - - VIPUL ORGANIC-THANE,BODAL CHEMICAL LTD-SAYKHA,VIPUL ORGANIC-THANE,imported,Total Distance (km) set to 0 because source file does not include distance data.
380,BODAL CHEMICAL-RAJPUR (PUNJAB) - - HARSH CHEMICALS-BALOTRA,BODAL CHEMICAL-RAJPUR (PUNJAB),HARSH CHEMICALS-BALOTRA,imported,Total Distance (km) set to 0 because source file does not include distance data.
381,BODAL CHEMICALS-KHAMBAT - - BODAL CHEMICALS LTD-UNIT-VII,BODAL CHEMICALS-KHAMBAT,BODAL CHEMICALS LTD-UNIT-VII,imported,Total Distance (km) set to 0 because source file does not include distance data.
382,BODAL CHEMICALS-KHAMBAT - - BODAL-PADRA,BODAL CHEMICALS-KHAMBAT,BODAL-PADRA,imported,Total Distance (km) set to 0 because source file does not include distance data.
383,BODAL CHEM-UNIT-III - - BODAL UNIT-1 AMD,BODAL CHEM-UNIT-III,BODAL UNIT-1 AMD,imported,Total Distance (km) set to 0 because source file does not include distance data.
384,BODAL UNIT-1 AMD - - BODAL UNIT-1 AMD,BODAL UNIT-1 AMD,BODAL UNIT-1 AMD,imported,Total Distance (km) set to 0 because source file does not include distance data.
385,BODAL-PADRA - - A.P.L. BHUJ,BODAL-PADRA,A.P.L. BHUJ,imported,Total Distance (km) set to 0 because source file does not include distance data.
386,BODAL-PADRA - - ABHISHEK ACID & CHEM-BHILWARA,BODAL-PADRA,ABHISHEK ACID & CHEM-BHILWARA,imported,Total Distance (km) set to 0 because source file does not include distance data.
387,BODAL-PADRA - - ADANI HAZIRA-SURAT,BODAL-PADRA,ADANI HAZIRA-SURAT,imported,Total Distance (km) set to 0 because source file does not include distance data.
388,BODAL-PADRA - - AHMEDABAD,BODAL-PADRA,KEMIT CHEMICALS PVT LTD-AHMEDABAD,imported,Total Distance (km) set to 0 because source file does not include distance data.
389,BODAL-PADRA - - AKSHAR CHEM INDIA-MEHSANA,BODAL-PADRA,AKSHAR CHEM INDIA-MEHSANA,imported,Total Distance (km) set to 0 because source file does not include distance data.
390,BODAL-PADRA - - AMBITION REMEDIES-BHARUCH,BODAL-PADRA,AMBITION REMEDIES-BHARUCH,imported,Total Distance (km) set to 0 because source file does not include distance data.
391,BODAL-PADRA - - ANJAR,BODAL-PADRA,ANJAR,imported,Total Distance (km) set to 0 because source file does not include distance data.
392,BODAL-PADRA - - ARCHIT ORG-BHAVNAGAR,BODAL-PADRA,ARCHIT ORG-BHAVNAGAR,imported,Total Distance (km) set to 0 because source file does not include distance data.
393,BODAL-PADRA - - ARIES COLOUR CHEM-DAHEJ,BODAL-PADRA,ARIES COLOUR CHEM-DAHEJ,imported,Total Distance (km) set to 0 because source file does not include distance data.
394,BODAL-PADRA - - AROMATIC ALLED & ORG.P.LTD-BHIWADI,BODAL-PADRA,AROMATIC ALLED & ORG.P.LTD-BHIWADI,imported,Total Distance (km) set to 0 because source file does not include distance data.
395,BODAL-PADRA - - AROMATIC ALLED & ORG.P.LTD-BHIWANDI,BODAL-PADRA,AROMATIC ALLED & ORG.P.LTD-BHIWANDI,imported,Total Distance (km) set to 0 because source file does not include distance data.
396,BODAL-PADRA - - ASSOCIATED DYE STUFF-VATVA,BODAL-PADRA,ASSOCIATED DYE STUFF-VATVA,imported,Total Distance (km) set to 0 because source file does not include distance data.
397,BODAL-PADRA - - AURO TEXTILES-BADDI,BODAL-PADRA,AURO TEXTILES-BADDI,imported,Total Distance (km) set to 0 because source file does not include distance data.
398,BODAL-PADRA - - BADDI UNIT,BODAL-PADRA,BADDI UNIT,imported,Total Distance (km) set to 0 because source file does not include distance data.
399,BODAL-PADRA - - BANGLORE,BODAL-PADRA,BANGLORE,imported,Total Distance (km) set to 0 because source file does not include distance data.
400,BODAL-PADRA - - BAYER VAPI PVT LTD-VAPI,BODAL-PADRA,BAYER VAPI PVT LTD-VAPI,imported,Total Distance (km) set to 0 because source file does not include distance data.
401,BODAL-PADRA - - BHAGERIA IND.LTD-VAPI,BODAL-PADRA,BHAGERIA IND.LTD-VAPI,imported,Total Distance (km) set to 0 because source file does not include distance data.
402,BODAL-PADRA - - BHAGWATI ORGANIC-AHMEDABAD,BODAL-PADRA,BHAGWATI ORGANIC-AHMEDABAD,imported,Total Distance (km) set to 0 because source file does not include distance data.
403,BODAL-PADRA - - BHARAT RASAYAN-DAHEJ,BODAL-PADRA,BHARAT RASAYAN-DAHEJ,imported,Total Distance (km) set to 0 because source file does not include distance data.
404,BODAL-PADRA - - BHAVIN INTERMEDIATES-BHARUCH,BODAL-PADRA,BHAVIN INTERMEDIATES-BHARUCH,imported,Total Distance (km) set to 0 because source file does not include distance data.
405,BODAL-PADRA - - BHILWARA.,BODAL-PADRA,BHILWARA.,imported,Total Distance (km) set to 0 because source file does not include distance data.
406,BODAL-PADRA - - BHUVNESHWARI ORG PVT LTD-NANDESARI,BODAL-PADRA,BHUVNESHWARI ORG PVT LTD-NANDESARI,imported,Total Distance (km) set to 0 because source file does not include distance data.
407,"BODAL-PADRA - - BILT GRAPHIC,BALLARPUR",BODAL-PADRA,"BILT GRAPHIC,BALLARPUR",imported,Total Distance (km) set to 0 because source file does not include distance data.
408,BODAL-PADRA - - BODAL CHEM LTD-UNIT-XII-PUNJAB,BODAL-PADRA,BODAL CHEM LTD-UNIT-XII-PUNJAB,imported,Total Distance (km) set to 0 because source file does not include distance data.
409,BODAL-PADRA - - BODAL CHEMICAL LTD-MATHURA (U.P.),BODAL-PADRA,BODAL CHEMICAL LTD-MATHURA (U.P.),imported,Total Distance (km) set to 0 because source file does not include distance data.
410,BODAL-PADRA - - BODAL CHEMICAL LTD-SAYKHA,BODAL-PADRA,BODAL CHEMICAL LTD-SAYKHA,imported,Total Distance (km) set to 0 because source file does not include distance data.
411,BODAL-PADRA - - BODAL CHEMICALS LTD-UNIT-VII,BODAL-PADRA,BODAL CHEMICALS LTD-UNIT-VII,imported,Total Distance (km) set to 0 because source file does not include distance data.
412,BODAL-PADRA - - BODAL CHEMICALS LTD-VIII,BODAL-PADRA,BODAL CHEMICALS LTD-VIII,imported,Total Distance (km) set to 0 because source file does not include distance data.
413,BODAL-PADRA - - BODAL CHEM-UNIT-III,BODAL-PADRA,BODAL CHEM-UNIT-III,imported,Total Distance (km) set to 0 because source file does not include distance data.
414,BODAL-PADRA - - BODAL UNIT-1 AMD,BODAL-PADRA,BODAL UNIT-1 AMD,imported,Total Distance (km) set to 0 because source file does not include distance data.
415,BODAL-PADRA - - BODAL-PADRA,BODAL-PADRA,BODAL-PADRA,imported,Total Distance (km) set to 0 because source file does not include distance data.
416,BODAL-PADRA - - BROMCHEM LAB.PVT LTD-ANAND,BODAL-PADRA,BROMCHEM LAB.PVT LTD-ANAND,imported,Total Distance (km) set to 0 because source file does not include distance data.
417,BODAL-PADRA - - BROMCHEM LABORATORIES PVT LTD-KHAMBHAT,BODAL-PADRA,BROMCHEM LABORATORIES PVT LTD-KHAMBHAT,imported,Total Distance (km) set to 0 because source file does not include distance data.
418,BODAL-PADRA - - CHEMCRUX ENTERPRISES LTD ANKLESHWAR,BODAL-PADRA,CHEMCRUX ENTERPRISES LTD ANKLESHWAR,imported,Total Distance (km) set to 0 because source file does not include distance data.
419,BODAL-PADRA - - CHIRAJ ORGANIC-VAPI,BODAL-PADRA,CHIRAJ ORGANIC-VAPI,imported,Total Distance (km) set to 0 because source file does not include distance data.
420,BODAL-PADRA - - CIX-LIFESCIENCE PVT LTD-SACHIN,BODAL-PADRA,CIX-LIFESCIENCE PVT LTD-SACHIN,imported,Total Distance (km) set to 0 because source file does not include distance data.
421,BODAL-PADRA - - CLAIRVOYANCE IND-DAHEJ,BODAL-PADRA,CLAIRVOYANCE IND-DAHEJ,imported,Total Distance (km) set to 0 because source file does not include distance data.
422,BODAL-PADRA - - CRYSTAL QUINONE PVT LTD-UNTI-II,BODAL-PADRA,CRYSTAL QUINONE PVT LTD-UNTI-II,imported,Total Distance (km) set to 0 because source file does not include distance data.
423,BODAL-PADRA - - CTX LIFESCIENCES PVT LTD-SACHIN-SURAT,BODAL-PADRA,CTX LIFESCIENCES PVT LTD-SACHIN-SURAT,imported,Total Distance (km) set to 0 because source file does not include distance data.
424,BODAL-PADRA - - D M L-JAMBUSAR,BODAL-PADRA,D M L-JAMBUSAR,imported,Total Distance (km) set to 0 because source file does not include distance data.
425,BODAL-PADRA - - DARSHAN PHARMA CHEM-ANK,BODAL-PADRA,DARSHAN PHARMA CHEM-ANK,imported,Total Distance (km) set to 0 because source file does not include distance data.
426,BODAL-PADRA - - DECCAN FINE CHEM (INDIA)ANK,BODAL-PADRA,DECCAN FINE CHEM (INDIA)ANK,imported,Total Distance (km) set to 0 because source file does not include distance data.
427,BODAL-PADRA - - DEEDY CHEMICALS PVT LTD-KALOL,BODAL-PADRA,DEEDY CHEMICALS PVT LTD-KALOL,imported,Total Distance (km) set to 0 because source file does not include distance data.
428,"BODAL-PADRA - - DEEPAK NIT, NANDESARI",BODAL-PADRA,"DEEPAK NIT, NANDESARI",imported,Total Distance (km) set to 0 because source file does not include distance data.
429,BODAL-PADRA - - DHARMAJ CORP-SAYAKHA,BODAL-PADRA,DHARMAJ CORP-SAYAKHA,imported,Total Distance (km) set to 0 because source file does not include distance data.
430,BODAL-PADRA - - EMMENNAR PHARMA NARSPUR (TELANGANA),BODAL-PADRA,EMMENNAR PHARMA NARSPUR (TELANGANA),imported,Total Distance (km) set to 0 because source file does not include distance data.
431,BODAL-PADRA - - GFL-RANJITNAGAR,BODAL-PADRA,GFL-RANJITNAGAR,imported,Total Distance (km) set to 0 because source file does not include distance data.
432,BODAL-PADRA - - GHARDA CHEM.DOMBIVALI,BODAL-PADRA,GHARDA CHEM.DOMBIVALI,imported,Total Distance (km) set to 0 because source file does not include distance data.
433,BODAL-PADRA - - GHARDA CHEMICALS-DAHEJ,BODAL-PADRA,GHARDA CHEMICALS-DAHEJ,imported,Total Distance (km) set to 0 because source file does not include distance data.
434,BODAL-PADRA - - GHARDA CHEMICALSLTD-LOTE,BODAL-PADRA,GHARDA CHEMICALSLTD-LOTE,imported,Total Distance (km) set to 0 because source file does not include distance data.
435,"BODAL-PADRA - - GNFC,. BHARUCH",BODAL-PADRA,"GNFC,. BHARUCH",imported,Total Distance (km) set to 0 because source file does not include distance data.
436,BODAL-PADRA - - GRASIM IND LTD-VILAYAT BHARUCH,BODAL-PADRA,GRASIM IND LTD-VILAYAT BHARUCH,imported,Total Distance (km) set to 0 because source file does not include distance data.
437,BODAL-PADRA - - GUJ.IND.CHEM.CO.PVT. LTD-KHAMBAT,BODAL-PADRA,GUJ.IND.CHEM.CO.PVT. LTD-KHAMBAT,imported,Total Distance (km) set to 0 because source file does not include distance data.
438,BODAL-PADRA - - GUJARAT HALOGEN PETROCHEM COR-KHAMBHAT,BODAL-PADRA,GUJARAT HALOGEN PETROCHEM COR-KHAMBHAT,imported,Total Distance (km) set to 0 because source file does not include distance data.
439,BODAL-PADRA - - HEMANI IND-DAHEJ,BODAL-PADRA,HEMANI IND-DAHEJ,imported,Total Distance (km) set to 0 because source file does not include distance data.
440,BODAL-PADRA - - HEMANI INT. PVT LTD-VAPI,BODAL-PADRA,HEMANI INT. PVT LTD-VAPI,imported,Total Distance (km) set to 0 because source file does not include distance data.
441,BODAL-PADRA - - HERANBA IND LIMITED UNIT-2,BODAL-PADRA,HERANBA IND LIMITED VAPI UNIT-2,imported,Total Distance (km) set to 0 because source file does not include distance data.
442,BODAL-PADRA - - HERANBA IND LIMITED VAPI UNIT-2,BODAL-PADRA,HERANBA IND LIMITED VAPI UNIT-2,imported,Total Distance (km) set to 0 because source file does not include distance data.
443,BODAL-PADRA - - HETERO LABS LTD-VISAKAPATNAM,BODAL-PADRA,HETERO LABS LTD-VISAKAPATNAM,imported,Total Distance (km) set to 0 because source file does not include distance data.
444,BODAL-PADRA - - IDEAL DYE-CHEM-VAPI,BODAL-PADRA,IDEAL DYE-CHEM-VAPI,imported,Total Distance (km) set to 0 because source file does not include distance data.
445,BODAL-PADRA - - IMPRO INTER-PANOLI,BODAL-PADRA,IMPRO INTER-PANOLI,imported,Total Distance (km) set to 0 because source file does not include distance data.
446,BODAL-PADRA - - J.K.CHEMICALS-HYDRABAD,BODAL-PADRA,J.K.CHEMICALS-HYDRABAD,imported,Total Distance (km) set to 0 because source file does not include distance data.
447,BODAL-PADRA - - JAIPUR,BODAL-PADRA,JAIPUR,imported,Total Distance (km) set to 0 because source file does not include distance data.
448,BODAL-PADRA - - JANVI CHEMICALS-DAHEJ,BODAL-PADRA,JANVI CHEMICALS-DAHEJ,imported,Total Distance (km) set to 0 because source file does not include distance data.
449,BODAL-PADRA - - KHAMBHAT,BODAL-PADRA,KHAMBHAT,imported,Total Distance (km) set to 0 because source file does not include distance data.
450,BODAL-PADRA - - KIRI DYE CHEM-AMD,BODAL-PADRA,KIRI DYE CHEM-AMD,imported,Total Distance (km) set to 0 because source file does not include distance data.
451,BODAL-PADRA - - KIRI-PADRA,BODAL-PADRA,KIRI-PADRA,imported,Total Distance (km) set to 0 because source file does not include distance data.
452,BODAL-PADRA - - LOTE,BODAL-PADRA,LOTE,imported,Total Distance (km) set to 0 because source file does not include distance data.
453,BODAL-PADRA - - MAGNUM CHEMICALS-VATVA,BODAL-PADRA,MAGNUM CHEMICALS-VATVA,imported,Total Distance (km) set to 0 because source file does not include distance data.
454,BODAL-PADRA - - MAJDHA ORG PVT LTD-DAHEJ,BODAL-PADRA,MAJDHA ORG PVT LTD-DAHEJ,imported,Total Distance (km) set to 0 because source file does not include distance data.
455,BODAL-PADRA - - MATANGI IND LTD. - A'BAD.,BODAL-PADRA,MATANGI IND LTD. - A'BAD.,imported,Total Distance (km) set to 0 because source file does not include distance data.
456,BODAL-PADRA - - MAYUR DYE CHEM - VATVA-AMB,BODAL-PADRA,MAYUR DYE CHEM - VATVA-AMB,imported,Total Distance (km) set to 0 because source file does not include distance data.
457,BODAL-PADRA - - MAYUR DYE CHEM-PADRA,BODAL-PADRA,MAYUR DYE CHEM-PADRA,imported,Total Distance (km) set to 0 because source file does not include distance data.
458,BODAL-PADRA - - MEGHMANI DYES & INTER-DUDHWADA-PADRA,BODAL-PADRA,MEGHMANI DYES & INTER-DUDHWADA-PADRA,imported,Total Distance (km) set to 0 because source file does not include distance data.
459,BODAL-PADRA - - MEGHMANI FINE CHEM-DAHEJ,BODAL-PADRA,MEGHMANI FINE CHEM-DAHEJ,imported,Total Distance (km) set to 0 because source file does not include distance data.
460,BODAL-PADRA - - MEGHMANI ORG-ANK,BODAL-PADRA,MEGHMANI ORG-ANK,imported,Total Distance (km) set to 0 because source file does not include distance data.
461,BODAL-PADRA - - MEGHMANI ORG-DAHEJ,BODAL-PADRA,MEGHMANI ORG-DAHEJ,imported,Total Distance (km) set to 0 because source file does not include distance data.
462,BODAL-PADRA - - METTOR,BODAL-PADRA,METTOR,imported,Total Distance (km) set to 0 because source file does not include distance data.
463,BODAL-PADRA - - NARAYAN ORGANIC-ANK,BODAL-PADRA,NARAYAN ORGANIC-ANK,imported,Total Distance (km) set to 0 because source file does not include distance data.
464,BODAL-PADRA - - OCEAN AQUAMIN-ANAND,BODAL-PADRA,OCEAN AQUAMIN-ANAND,imported,Total Distance (km) set to 0 because source file does not include distance data.
465,BODAL-PADRA - - ONEIRO CHEMAICAL-PADRA,BODAL-PADRA,ONEIRO CHEMAICAL-PADRA,imported,Total Distance (km) set to 0 because source file does not include distance data.
466,BODAL-PADRA - - P I INDUSTREIES LTD-DAHEJ-SEZ,BODAL-PADRA,P I INDUSTREIES LTD-DAHEJ-SEZ,imported,Total Distance (km) set to 0 because source file does not include distance data.
467,BODAL-PADRA - - PANOLI PRODUCTS PVT LTD-PANOLI,BODAL-PADRA,PANOLI PRODUCTS PVT LTD-PANOLI,imported,Total Distance (km) set to 0 because source file does not include distance data.
468,BODAL-PADRA - - PEARL POLYMERS-HYDRABAD,BODAL-PADRA,PEARL POLYMERS-HYDRABAD,imported,Total Distance (km) set to 0 because source file does not include distance data.
469,BODAL-PADRA - - PEARL POLYMRES-BANGLORE,BODAL-PADRA,PEARL POLYMRES-BANGLORE,imported,Total Distance (km) set to 0 because source file does not include distance data.
470,BODAL-PADRA - - PIL-JAMBUSAR,BODAL-PADRA,PIL-JAMBUSAR,imported,Total Distance (km) set to 0 because source file does not include distance data.
471,BODAL-PADRA - - PUNJAB CHEM & CORP-MOHALI,BODAL-PADRA,PUNJAB CHEM & CORP-MOHALI,imported,Total Distance (km) set to 0 because source file does not include distance data.
472,BODAL-PADRA - - RADHIKA NANDESARI,BODAL-PADRA,RADHIKA NANDESARI,imported,Total Distance (km) set to 0 because source file does not include distance data.
473,BODAL-PADRA - - RIL-HAZIRA-SURAT,BODAL-PADRA,RIL-HAZIRA-SURAT,imported,Total Distance (km) set to 0 because source file does not include distance data.
474,BODAL-PADRA - - ROHAN CHEMICAL KHAMBHAT,BODAL-PADRA,ROHAN CHEMICAL KHAMBHAT,imported,Total Distance (km) set to 0 because source file does not include distance data.
475,BODAL-PADRA - - ROHAN DYES & INT.- CAMBAY,BODAL-PADRA,ROHAN DYES & INT.- CAMBAY,imported,Total Distance (km) set to 0 because source file does not include distance data.
476,BODAL-PADRA - - SAIVISION CHEM INDIA-PANOLI,BODAL-PADRA,SAIVISION CHEM INDIA-PANOLI,imported,Total Distance (km) set to 0 because source file does not include distance data.
477,BODAL-PADRA - - SANJOPIN IND PVT LTD-SAYKHA,BODAL-PADRA,SANJOPIN IND PVT LTD-SAYKHA,imported,Total Distance (km) set to 0 because source file does not include distance data.
478,BODAL-PADRA - - SARNA CHEMICALS-VAPI,BODAL-PADRA,SARNA CHEMICALS-VAPI,imported,Total Distance (km) set to 0 because source file does not include distance data.
479,BODAL-PADRA - - SETA CHEMICALS-PANOLI,BODAL-PADRA,SETA CHEMICALS-PANOLI,imported,Total Distance (km) set to 0 because source file does not include distance data.
480,BODAL-PADRA - - SHITAL CHEMICAL IND-KAMBHAT,BODAL-PADRA,SHITAL CHEMICAL IND-KAMBHAT,imported,Total Distance (km) set to 0 because source file does not include distance data.
481,BODAL-PADRA - - SHIVA PHARMA CHEM-PADRA,BODAL-PADRA,SHIVA PHARMA CHEM-PADRA,imported,Total Distance (km) set to 0 because source file does not include distance data.
482,BODAL-PADRA - - SHIVA PHARMACHEM-DAHEJ,BODAL-PADRA,SHIVA PHARMACHEM-DAHEJ,imported,Total Distance (km) set to 0 because source file does not include distance data.
483,BODAL-PADRA - - SHIVAM PHARMA CHEM-PADRA,BODAL-PADRA,SHIVAM PHARMA CHEM-PADRA,imported,Total Distance (km) set to 0 because source file does not include distance data.
484,BODAL-PADRA - - SHREE CEMENT LTD-BEAWAR,BODAL-PADRA,SHREE CEMENT LTD-BEAWAR,imported,Total Distance (km) set to 0 because source file does not include distance data.
485,BODAL-PADRA - - SHREE GANESH CHEM-ANK,BODAL-PADRA,SHREE GANESH CHEM-ANK,imported,Total Distance (km) set to 0 because source file does not include distance data.
486,BODAL-PADRA - - SHREE GAYATRI CHEM-PANOLI,BODAL-PADRA,SHREE GAYATRI CHEM-PANOLI,imported,Total Distance (km) set to 0 because source file does not include distance data.
487,BODAL-PADRA - - SHREE PUSHKAR CHEM & FER LTD-LOTE,BODAL-PADRA,SHREE PUSHKAR CHEM & FER LTD-LOTE,imported,Total Distance (km) set to 0 because source file does not include distance data.
488,BODAL-PADRA - - SPS PROCESSOR-MATHURA,BODAL-PADRA,SPS PROCESSOR-MATHURA,imported,Total Distance (km) set to 0 because source file does not include distance data.
489,BODAL-PADRA - - SUPERFORM CHEMISTRIES-DAHEJ,BODAL-PADRA,SUPERFORM CHEMISTRIES-DAHEJ,imported,Total Distance (km) set to 0 because source file does not include distance data.
490,BODAL-PADRA - - SUPRAVENI CHEM-BANGLORE,BODAL-PADRA,SUPRAVENI CHEM-BANGLORE,imported,Total Distance (km) set to 0 because source file does not include distance data.
491,BODAL-PADRA - - SUVEN FARMA-VISAKHAPATNAM,BODAL-PADRA,SUVEN FARMA-VISAKHAPATNAM,imported,Total Distance (km) set to 0 because source file does not include distance data.
492,BODAL-PADRA - - TAGROS CHEM INDIA PVT LTD-CUDDALORE,BODAL-PADRA,TAGROS CHEM INDIA PVT LTD-CUDDALORE,imported,Total Distance (km) set to 0 because source file does not include distance data.
493,BODAL-PADRA - - TAGROS CHEM-DAHEJ,BODAL-PADRA,TAGROS CHEM-DAHEJ,imported,Total Distance (km) set to 0 because source file does not include distance data.
494,BODAL-PADRA - - TAGROS CHEMICALS-PANOLI-ANK,BODAL-PADRA,TAGROS CHEMICALS-PANOLI-ANK,imported,Total Distance (km) set to 0 because source file does not include distance data.
495,BODAL-PADRA - - TECHNICHEM ORG-KHAMBAT,BODAL-PADRA,TECHNICHEM ORG-KHAMBAT,imported,Total Distance (km) set to 0 because source file does not include distance data.
496,BODAL-PADRA - - THERMAX LIMITED -DAHEJ-SEZ,BODAL-PADRA,THERMAX LIMITED -DAHEJ-SEZ,imported,Total Distance (km) set to 0 because source file does not include distance data.
497,BODAL-PADRA - - TRANSPEK-PADRA,BODAL-PADRA,TRANSPEK-PADRA,imported,Total Distance (km) set to 0 because source file does not include distance data.
498,BODAL-PADRA - - UPL LIMITED-UNIT-12-DAHEJ,BODAL-PADRA,UPL LIMITED-UNIT-12-DAHEJ,imported,Total Distance (km) set to 0 because source file does not include distance data.
499,BODAL-PADRA - - UPL LIMITED-VAPI,BODAL-PADRA,UPL LIMITED-VAPI,imported,Total Distance (km) set to 0 because source file does not include distance data.
500,BODAL-PADRA - - USHANTI COLOUR-VATVA,BODAL-PADRA,USHANTI COLOUR-VATVA,imported,Total Distance (km) set to 0 because source file does not include distance data.
501,BODAL-PADRA - - VILAYAT PHARMA (DIV COLOUR TEX ),BODAL-PADRA,VILAYAT PHARMA (DIV COLOUR TEX ),imported,Total Distance (km) set to 0 because source file does not include distance data.
502,BODAL-PADRA - - VINI INDUSTRIES-M.NAGAR,BODAL-PADRA,VINI INDUSTRIES-M.NAGAR,imported,Total Distance (km) set to 0 because source file does not include distance data.
503,BODAL-PADRA - - WELSPUN INDIA LTD-ANJAR KUTCH,BODAL-PADRA,WELSPUN INDIA LTD-ANJAR KUTCH,imported,Total Distance (km) set to 0 because source file does not include distance data.
504,BODAL-PADRA - - ZIL ORGANIC PVT-MEGHNAGAR,BODAL-PADRA,ZIL ORGANIC PVT-MEGHNAGAR,imported,Total Distance (km) set to 0 because source file does not include distance data.
505,BODAL-PADRA - - ZUNEX ENERGY PRODUCTS LLP-BURGULA,BODAL-PADRA,ZUNEX ENERGY PRODUCTS LLP-BURGULA,imported,Total Distance (km) set to 0 because source file does not include distance data.
506,BODAL-PADRA - A TO Z SHEET/CHOKSI HERAEUS-UDAIPUR - BODAL CHEMICALS LTD-VIII,BODAL-PADRA,BODAL CHEMICALS LTD-VIII,imported,Total Distance (km) set to 0 because source file does not include distance data.
507,"BODAL-PADRA - A ONE CHEM,ANKLESHWAR - AROMATIC ALLED & ORG.P.LTD-BHIWADI",BODAL-PADRA,AROMATIC ALLED & ORG.P.LTD-BHIWADI,imported,Total Distance (km) set to 0 because source file does not include distance data.
508,BODAL-PADRA - A.P.L. BHUJ - A.P.L. BHUJ,BODAL-PADRA,A.P.L. BHUJ,imported,Total Distance (km) set to 0 because source file does not include distance data.
509,BODAL-PADRA - A.P.L. BHUJ - GUJ.IND.CHEM.CO.PVT. LTD-KHAMBAT,BODAL-PADRA,GUJ.IND.CHEM.CO.PVT. LTD-KHAMBAT,imported,Total Distance (km) set to 0 because source file does not include distance data.
510,BODAL-PADRA - A.P.L. BHUJ - SHREE GANESH CHEM-ANK,BODAL-PADRA,SHREE GANESH CHEM-ANK,imported,Total Distance (km) set to 0 because source file does not include distance data.
511,BODAL-PADRA - AARTISURFACT-ANTS-SILVASSA - SHIVA PHARMACHEM-DAHEJ,BODAL-PADRA,SHIVA PHARMACHEM-DAHEJ,imported,Total Distance (km) set to 0 because source file does not include distance data.
512,BODAL-PADRA - ACETOCHEM-SURAT - BODAL CHEM-UNIT-III,BODAL-PADRA,BODAL CHEM-UNIT-III,imported,Total Distance (km) set to 0 because source file does not include distance data.
513,BRAVIM CHEM-DHANBAD - - INDIAN OIL CORP LTD-SINGRAULI,BRAVIM CHEM-DHANBAD,INDIAN OIL CORP LTD-SINGRAULI,imported,Total Distance (km) set to 0 because source file does not include distance data.
514,BUDGE BUDGE REFINERIES-KOLKATA - - HALDIRAM FOODS INT-NAGPUR,BUDGE BUDGE REFINERIES-KOLKATA,HALDIRAM FOODS INT-NAGPUR,imported,Total Distance (km) set to 0 because source file does not include distance data.
515,CHAITANYA SOLVEX-(C.G) - - FAIRCHEM ORG LTD-AMD,CHAITANYA SOLVEX-(C.G),FAIRCHEM ORG LTD-AMD,imported,Total Distance (km) set to 0 because source file does not include distance data.
516,CHAITANYA SOLVEX-(C.G) - - PITAMBARI PRODUCT-DAPOLI (M.H.),CHAITANYA SOLVEX-(C.G),PITAMBARI PRODUCT-DAPOLI (M.H.),imported,Total Distance (km) set to 0 because source file does not include distance data.
517,CHAITANYA SOLVEX-(C.G) - - PITAMBARI PRODUCTS-VADODARA,CHAITANYA SOLVEX-(C.G),PITAMBARI PRODUCTS-VADODARA,imported,Total Distance (km) set to 0 because source file does not include distance data.
518,CHEMICAL ENTERPRISES-AKALTARA - - CRG IND.PVT.LTD-ROURKELA,CHEMICAL ENTERPRISES-AKALTARA,CRG IND.PVT.LTD-ROURKELA,imported,Total Distance (km) set to 0 because source file does not include distance data.
519,CHEMICAL ENTERPRISES-AKALTARA - - CRG INDUSTRIES PVT. LTD-ROURKELA,CHEMICAL ENTERPRISES-AKALTARA,CRG INDUSTRIES PVT. LTD-ROURKELA,imported,Total Distance (km) set to 0 because source file does not include distance data.
520,CHEMICAL ENTERPRISES-AKALTARA - - HETERO LABS LTD-VISAKAPATNAM,CHEMICAL ENTERPRISES-AKALTARA,HETERO LABS LTD-VISAKAPATNAM,imported,Total Distance (km) set to 0 because source file does not include distance data.
521,CHEMICAL ENTERPRISES-AKALTARA - - IDEAL IND-TELANGANA,CHEMICAL ENTERPRISES-AKALTARA,IDEAL IND-TELANGANA,imported,Total Distance (km) set to 0 because source file does not include distance data.
522,CHEMICAL ENTERPRISES-AKALTARA - - IDL-EXPLOSIVE LTD-TELANGANA,CHEMICAL ENTERPRISES-AKALTARA,IDL-EXPLOSIVE LTD-TELANGANA,imported,Total Distance (km) set to 0 because source file does not include distance data.
523,CHEMICAL ENTERPRISES-AKALTARA - - INDO GULF IND LTD-BABINA-JHANSI(UP),CHEMICAL ENTERPRISES-AKALTARA,INDO GULF IND LTD-BABINA-JHANSI(UP),imported,Total Distance (km) set to 0 because source file does not include distance data.
524,CHEMICAL ENTERPRISES-AKALTARA - - NAGPUR,CHEMICAL ENTERPRISES-AKALTARA,NAGPUR,imported,Total Distance (km) set to 0 because source file does not include distance data.
525,CHEMICAL ENTERPRISES-AKALTARA - - NAVBHARAT EXPLOSIVE-RAIGARH,CHEMICAL ENTERPRISES-AKALTARA,NAVBHARAT EXPLOSIVE-RAIGARH,imported,Total Distance (km) set to 0 because source file does not include distance data.
526,CHEMICAL ENTERPRISES-AKALTARA - - NAVBHARAT EXPLOSIVE-RAIPUR,CHEMICAL ENTERPRISES-AKALTARA,NAVBHARAT EXPLOSIVE-RAIPUR,imported,Total Distance (km) set to 0 because source file does not include distance data.
527,CHEMICAL ENTERPRISES-AKALTARA - - PRAGATI CHEM IND-KORBA(C.G),CHEMICAL ENTERPRISES-AKALTARA,PRAGATI CHEM IND-KORBA(C.G),imported,Total Distance (km) set to 0 because source file does not include distance data.
528,CHEMICAL ENTERPRISES-AKALTARA - - RAJASTAN EXPOLSIVES & CHEMICAL LTD-DHOLPUR,CHEMICAL ENTERPRISES-AKALTARA,RAJASTAN EXPOLSIVES & CHEMICAL LTD-DHOLPUR,imported,Total Distance (km) set to 0 because source file does not include distance data.
529,CHEMICAL ENTERPRISES-AKALTARA - - RAJNANDGAON-CG,CHEMICAL ENTERPRISES-AKALTARA,RAJNANDGAON-CG,imported,Total Distance (km) set to 0 because source file does not include distance data.
530,CHEMICAL ENTERPRISES-AKALTARA - - RAMAGUNDAM-III-TELANGANA,CHEMICAL ENTERPRISES-AKALTARA,RAMAGUNDAM-III-TELANGANA,imported,Total Distance (km) set to 0 because source file does not include distance data.
531,CHEMICAL ENTERPRISES-AKALTARA - - RASAYAN UDYOG-DHANBAD,CHEMICAL ENTERPRISES-AKALTARA,RASAYAN UDYOG-DHANBAD,imported,Total Distance (km) set to 0 because source file does not include distance data.
532,CHEMICAL ENTERPRISES-AKALTARA - - SMS SUPPORT PLANT MANAGURU-TELANGANA,CHEMICAL ENTERPRISES-AKALTARA,SMS SUPPORT PLANT MANAGURU-TELANGANA,imported,Total Distance (km) set to 0 because source file does not include distance data.
533,CHEMICAL ENTERPRISES-AKALTARA - - SPECIAL BLASTS-RAIGARH,CHEMICAL ENTERPRISES-AKALTARA,SPECIAL BLASTS-RAIGARH,imported,Total Distance (km) set to 0 because source file does not include distance data.
534,CHEMICAL ENTERPRISES-AKALTARA - - TELANGANA,CHEMICAL ENTERPRISES-AKALTARA,TELANGANA,imported,Total Distance (km) set to 0 because source file does not include distance data.
535,CHEMICAL ENTERPRISES-AKALTARA - - THE DY GENERAL MANAGER (E&M)-MANAGURU,CHEMICAL ENTERPRISES-AKALTARA,THE DY GENERAL MANAGER (E&M)-MANAGURU,imported,Total Distance (km) set to 0 because source file does not include distance data.
536,CHEMICAL ENTERPRISES-AKALTARA - - D.F.P.C.L.-DAHEJ,CHEMICAL ENTERPRISES-AKALTARA,D.F.P.C.L.-DAHEJ,imported,Total Distance (km) set to 0 because source file does not include distance data.
537,CHEMICAL ENTERPRISES-AKALTARA - - NAVBHARAT EXPLOSIVE-RAIPUR,CHEMICAL ENTERPRISES-AKALTARA,NAVBHARAT EXPLOSIVE-RAIPUR,deduped,Exact duplicate skipped
538,CHEMICAL ENTERPRISES-AKALTARA - - RAJASTAN EXPOLSIVES & CHEMICAL LTD-DHOLPUR,CHEMICAL ENTERPRISES-AKALTARA,RAJASTAN EXPOLSIVES & CHEMICAL LTD-DHOLPUR,deduped,Exact duplicate skipped
539,CHEMICAL ENTERPRISES-AKALTARA - - RASAYAN UDYOG-DHANBAD,CHEMICAL ENTERPRISES-AKALTARA,RASAYAN UDYOG-DHANBAD,deduped,Exact duplicate skipped
540,CHEMIE ORG.JHAGADIA - - SHREE PUSHKAR PHOS CHEM-UDAIPUR,CHEMIE ORG.JHAGADIA,SHREE PUSHKAR PHOS CHEM-UDAIPUR,imported,Total Distance (km) set to 0 because source file does not include distance data.
541,CHEMIE ORG.JHAGADIA - - UDAIPUR UNIT,CHEMIE ORG.JHAGADIA,UDAIPUR UNIT,imported,Total Distance (km) set to 0 because source file does not include distance data.
542,CHEMTRADE GLOBAL-G.DHAM - - AROMATICS INDIA PVT LTD-UDAIPUR,CHEMTRADE GLOBAL-G.DHAM,AROMATICS INDIA PVT LTD-UDAIPUR,imported,Total Distance (km) set to 0 because source file does not include distance data.
543,CHIRAJ ORGANIC-VAPI - - PANOLI INTERMEDIATES-JHAGADIA,CHIRAJ ORGANIC-VAPI,PANOLI INTERMEDIATES-JHAGADIA,imported,Total Distance (km) set to 0 because source file does not include distance data.
544,CHLORITECH INDUSTRIES-NANDESAR - - HOPL MANJUSAR,CHLORITECH INDUSTRIES-NANDESAR,HOPL MANJUSAR,imported,Total Distance (km) set to 0 because source file does not include distance data.
545,CHLORITECH INDUSTRIES-NANDESAR - - HOPL-NANDESARI,CHLORITECH INDUSTRIES-NANDESAR,HOPL-NANDESARI,imported,Total Distance (km) set to 0 because source file does not include distance data.
546,CHLORITECH INDUSTRIES-NANDESAR - - SRF LTD BHIWADI,CHLORITECH INDUSTRIES-NANDESAR,SRF LTD BHIWADI,imported,Total Distance (km) set to 0 because source file does not include distance data.
547,CHLORITECH INDUSTRIES-NANDESAR - - SRF-DAHEJ,CHLORITECH INDUSTRIES-NANDESAR,SRF-DAHEJ,imported,Total Distance (km) set to 0 because source file does not include distance data.
548,CHOUDHARY INDUSTRIES-JAIPUR - - RASAYAN UDYOG-DHANBAD,CHOUDHARY INDUSTRIES-JAIPUR,RASAYAN UDYOG-DHANBAD,imported,Total Distance (km) set to 0 because source file does not include distance data.
549,CIL -NANDESARI - - BIRLA-DAHEJ,CIL -NANDESARI,BIRLA-DAHEJ,imported,Total Distance (km) set to 0 because source file does not include distance data.
550,CIL -NANDESARI - - CIL -NANDESARI,CIL -NANDESARI,CIL -NANDESARI,imported,Total Distance (km) set to 0 because source file does not include distance data.
551,"CIL -NANDESARI - - DEEPAK NIT, NANDESARI",CIL -NANDESARI,"DEEPAK NIT, NANDESARI",imported,Total Distance (km) set to 0 because source file does not include distance data.
552,CIL-DAHEJ - - MANI ZINC COMPANY-UDAIPUR,CIL-DAHEJ,MANI ZINC COMPANY-UDAIPUR,imported,Total Distance (km) set to 0 because source file does not include distance data.
553,CIL-PALI (M.H.) - - RASAYAN UDYOG-SINGRAULI,CIL-PALI (M.H.),RASAYAN UDYOG-SINGRAULI,imported,Total Distance (km) set to 0 because source file does not include distance data.
554,CIL-UDAIPUR - - RASAYAN UDYOG-SINGRAULI,CIL-UDAIPUR,RASAYAN UDYOG-SINGRAULI,imported,Total Distance (km) set to 0 because source file does not include distance data.
555,D.C.M.-JHAGADIA - - AKSHAR CHEM INDIA-MEHSANA,D.C.M.-JHAGADIA,AKSHAR CHEM INDIA-MEHSANA,imported,Total Distance (km) set to 0 because source file does not include distance data.
556,D.C.M.-JHAGADIA - - BALOTRA,D.C.M.-JHAGADIA,BALOTRA,imported,Total Distance (km) set to 0 because source file does not include distance data.
557,D.C.M.-JHAGADIA - - SELF,D.C.M.-JHAGADIA,SELF,imported,Total Distance (km) set to 0 because source file does not include distance data.
558,D.C.M.-JHAGADIA - - SHREE PUSHKAR CHEM & FER LTD-LOTE,D.C.M.-JHAGADIA,SHREE PUSHKAR CHEM & FER LTD-LOTE,imported,Total Distance (km) set to 0 because source file does not include distance data.
559,D.F.P.C.L.-DAHEJ - - A TO Z CHEMICALS-VAPI,D.F.P.C.L.-DAHEJ,A TO Z CHEMICALS-VAPI,imported,Total Distance (km) set to 0 because source file does not include distance data.
560,D.F.P.C.L.-DAHEJ - - AADHYA SHAKTI CHEMS-ANK,D.F.P.C.L.-DAHEJ,AADHYA SHAKTI CHEMS-ANK,imported,Total Distance (km) set to 0 because source file does not include distance data.
561,D.F.P.C.L.-DAHEJ - - AADHYA SHAKTI CHEMS-SURAT,D.F.P.C.L.-DAHEJ,AADHYA SHAKTI CHEMS-SURAT,imported,Total Distance (km) set to 0 because source file does not include distance data.
562,D.F.P.C.L.-DAHEJ - - AANJANEY ENT-ALIGARH,D.F.P.C.L.-DAHEJ,AANJANEY ENT-ALIGARH,imported,Total Distance (km) set to 0 because source file does not include distance data.
563,D.F.P.C.L.-DAHEJ - - AAP CHEM-SAYAKHA-BHARUCH,D.F.P.C.L.-DAHEJ,AAP CHEM-SAYAKHA-BHARUCH,imported,Total Distance (km) set to 0 because source file does not include distance data.
564,D.F.P.C.L.-DAHEJ - - AAP CHEM-UP,D.F.P.C.L.-DAHEJ,AAP CHEM-UP,imported,Total Distance (km) set to 0 because source file does not include distance data.
565,D.F.P.C.L.-DAHEJ - - ABHIDEEP CHEMICALS-CHNDRAPUR,D.F.P.C.L.-DAHEJ,ABHIDEEP CHEMICALS-CHNDRAPUR,imported,Total Distance (km) set to 0 because source file does not include distance data.
566,D.F.P.C.L.-DAHEJ - - ABHISHEK ACID & CHEM-BHILWARA,D.F.P.C.L.-DAHEJ,ABHISHEK ACID & CHEM-BHILWARA,imported,Total Distance (km) set to 0 because source file does not include distance data.
567,D.F.P.C.L.-DAHEJ - - ACETOCHEM-SURAT,D.F.P.C.L.-DAHEJ,ACETOCHEM-SURAT,imported,Total Distance (km) set to 0 because source file does not include distance data.
568,D.F.P.C.L.-DAHEJ - - ADV.TEST LABORATORY-RAIGAD,D.F.P.C.L.-DAHEJ,ADV.TEST LABORATORY-RAIGAD,imported,Total Distance (km) set to 0 because source file does not include distance data.
569,D.F.P.C.L.-DAHEJ - - AGRAWAL ACID & CHEMICALS-JAIPUR,D.F.P.C.L.-DAHEJ,AGRAWAL ACID & CHEMICALS-JAIPUR,imported,Total Distance (km) set to 0 because source file does not include distance data.
570,D.F.P.C.L.-DAHEJ - - AHMEDABAD,D.F.P.C.L.-DAHEJ,KEMIT CHEMICALS PVT LTD-AHMEDABAD,imported,Total Distance (km) set to 0 because source file does not include distance data.
571,D.F.P.C.L.-DAHEJ - - AKS-EXPO CHEM-DEJURI(W.B),D.F.P.C.L.-DAHEJ,AKS-EXPO CHEM-DEJURI(W.B),imported,Total Distance (km) set to 0 because source file does not include distance data.
572,D.F.P.C.L.-DAHEJ - - AKSHAR CHEM INDIA-MEHSANA,D.F.P.C.L.-DAHEJ,AKSHAR CHEM INDIA-MEHSANA,imported,Total Distance (km) set to 0 because source file does not include distance data.
573,D.F.P.C.L.-DAHEJ - - AKSHAY CHEMICALS-ANK,D.F.P.C.L.-DAHEJ,AKSHAY CHEMICALS-ANK,imported,Total Distance (km) set to 0 because source file does not include distance data.
574,D.F.P.C.L.-DAHEJ - - ANAND,D.F.P.C.L.-DAHEJ,ANAND,imported,Total Distance (km) set to 0 because source file does not include distance data.
575,D.F.P.C.L.-DAHEJ - - ANJALI ENTERPRISES-ALIGARH,D.F.P.C.L.-DAHEJ,ANJALI ENTERPRISES-ALIGARH,imported,Total Distance (km) set to 0 because source file does not include distance data.
576,D.F.P.C.L.-DAHEJ - - ANKLESHWAR,D.F.P.C.L.-DAHEJ,ANKLESHWAR,imported,Total Distance (km) set to 0 because source file does not include distance data.
577,D.F.P.C.L.-DAHEJ - - ANUPAM COLOURS & CHEM. IND-VAPI,D.F.P.C.L.-DAHEJ,ANUPAM COLOURS & CHEM. IND-VAPI,imported,Total Distance (km) set to 0 because source file does not include distance data.
578,D.F.P.C.L.-DAHEJ - - ARAVALI CHEMICAL-ALWAR,D.F.P.C.L.-DAHEJ,ARAVALI CHEMICAL-ALWAR,imported,Total Distance (km) set to 0 because source file does not include distance data.
579,D.F.P.C.L.-DAHEJ - - ASHU ORGANICS-DAHEJ,D.F.P.C.L.-DAHEJ,ASHU ORGANICS-DAHEJ,imported,Total Distance (km) set to 0 because source file does not include distance data.
580,D.F.P.C.L.-DAHEJ - - ASIAN CHEMICALS-JODHPUR,D.F.P.C.L.-DAHEJ,ASIAN CHEMICALS-JODHPUR,imported,Total Distance (km) set to 0 because source file does not include distance data.
581,D.F.P.C.L.-DAHEJ - - AT D.F.P.C.LTD LOADING POINT,D.F.P.C.L.-DAHEJ,AT D.F.P.C.LTD LOADING POINT,imported,Total Distance (km) set to 0 because source file does not include distance data.
582,D.F.P.C.L.-DAHEJ - - BADINA,D.F.P.C.L.-DAHEJ,BADINA,imported,Total Distance (km) set to 0 because source file does not include distance data.
583,D.F.P.C.L.-DAHEJ - - BASUDEV ENT-ALIGARH,D.F.P.C.L.-DAHEJ,BASUDEV ENT-ALIGARH,imported,Total Distance (km) set to 0 because source file does not include distance data.
584,D.F.P.C.L.-DAHEJ - - BHAGERIA IND LIMITED-TARAPUR,D.F.P.C.L.-DAHEJ,BHAGERIA IND LIMITED-TARAPUR,imported,Total Distance (km) set to 0 because source file does not include distance data.
585,D.F.P.C.L.-DAHEJ - - BHILWARA.,D.F.P.C.L.-DAHEJ,BHILWARA.,imported,Total Distance (km) set to 0 because source file does not include distance data.
586,D.F.P.C.L.-DAHEJ - - BINDWASHNI CHEM-HOWRAH,D.F.P.C.L.-DAHEJ,BINDWASHNI CHEM-HOWRAH,imported,Total Distance (km) set to 0 because source file does not include distance data.
587,D.F.P.C.L.-DAHEJ - - BLACK DIAMOND EXP-BARABANI(W/B),D.F.P.C.L.-DAHEJ,BLACK DIAMOND EXP-BARABANI(W/B),imported,Total Distance (km) set to 0 because source file does not include distance data.
588,D.F.P.C.L.-DAHEJ - - BODAL CHEMICAL LTD-SAYKHA,D.F.P.C.L.-DAHEJ,BODAL CHEMICAL LTD-SAYKHA,imported,Total Distance (km) set to 0 because source file does not include distance data.
589,D.F.P.C.L.-DAHEJ - - BODAL-PADRA,D.F.P.C.L.-DAHEJ,BODAL-PADRA,imported,Total Distance (km) set to 0 because source file does not include distance data.
590,D.F.P.C.L.-DAHEJ - - BRAVIM CHEM-DHANBAD,D.F.P.C.L.-DAHEJ,BRAVIM CHEM-DHANBAD,imported,Total Distance (km) set to 0 because source file does not include distance data.
591,D.F.P.C.L.-DAHEJ - - CHAMBAL FER & CHEM.LTD-KOTA,D.F.P.C.L.-DAHEJ,CHAMBAL FER & CHEM.LTD-KOTA,imported,Total Distance (km) set to 0 because source file does not include distance data.
592,D.F.P.C.L.-DAHEJ - - CHANDAN STEEL LTD-UMBERGAON,D.F.P.C.L.-DAHEJ,CHANDAN STEEL LTD-UMBERGAON,imported,Total Distance (km) set to 0 because source file does not include distance data.
593,D.F.P.C.L.-DAHEJ - - CHANDAN STEEL LTD-VAPI,D.F.P.C.L.-DAHEJ,CHANDAN STEEL LTD-VAPI,imported,Total Distance (km) set to 0 because source file does not include distance data.
594,D.F.P.C.L.-DAHEJ - - CHEMICAL ENTERPRISES-AKALTARA,D.F.P.C.L.-DAHEJ,CHEMICAL ENTERPRISES-AKALTARA,imported,Total Distance (km) set to 0 because source file does not include distance data.
595,"D.F.P.C.L.-DAHEJ - - CHEMICAL UDYOG,ROURKELA",D.F.P.C.L.-DAHEJ,"CHEMICAL UDYOG,ROURKELA",imported,Total Distance (km) set to 0 because source file does not include distance data.
596,D.F.P.C.L.-DAHEJ - - COLOUR CHROMES PVT LTD-JAUNPUR,D.F.P.C.L.-DAHEJ,COLOUR CHROMES PVT LTD-JAUNPUR,imported,Total Distance (km) set to 0 because source file does not include distance data.
597,D.F.P.C.L.-DAHEJ - - CRG IND.PVT.LTD-ROURKELA,D.F.P.C.L.-DAHEJ,CRG IND.PVT.LTD-ROURKELA,imported,Total Distance (km) set to 0 because source file does not include distance data.
598,D.F.P.C.L.-DAHEJ - - D.F.P.C.L.-DAHEJ,D.F.P.C.L.-DAHEJ,D.F.P.C.L.-DAHEJ,imported,Total Distance (km) set to 0 because source file does not include distance data.
599,D.F.P.C.L.-DAHEJ - - D.F.P.C.L.-TALOJA,D.F.P.C.L.-DAHEJ,D.F.P.C.L.-TALOJA,imported,Total Distance (km) set to 0 because source file does not include distance data.
600,D.F.P.C.L.-DAHEJ - - DAHEJ,D.F.P.C.L.-DAHEJ,DAHEJ,imported,Total Distance (km) set to 0 because source file does not include distance data.
601,D.F.P.C.L.-DAHEJ - - DAMODAR IND LTD-AMARAVATI,D.F.P.C.L.-DAHEJ,DAMODAR IND LTD-AMARAVATI,imported,Total Distance (km) set to 0 because source file does not include distance data.
602,D.F.P.C.L.-DAHEJ - - DAMODAR IND LTD-AMRAVATI,D.F.P.C.L.-DAHEJ,DAMODAR IND LTD-AMARAVATI,imported,Total Distance (km) set to 0 because source file does not include distance data.
603,D.F.P.C.L.-DAHEJ - - DAS AGRI FOOD PRODUCTS (U.P.),D.F.P.C.L.-DAHEJ,DAS AGRI FOOD PRODUCTS-ALIGARH (U.P.),imported,Total Distance (km) set to 0 because source file does not include distance data.
604,D.F.P.C.L.-DAHEJ - - DAS AGRI FOOD PRODUCTS (U.P.),D.F.P.C.L.-DAHEJ,DAS AGRI FOOD PRODUCTS-ALIGARH (U.P.),deduped,Exact duplicate skipped
605,D.F.P.C.L.-DAHEJ - - DEEPAK CHEM TECH-NANDESARI,D.F.P.C.L.-DAHEJ,DEEPAK CHEM TECH-NANDESARI,imported,Total Distance (km) set to 0 because source file does not include distance data.
606,"D.F.P.C.L.-DAHEJ - - DEEPAK NIT, NANDESARI",D.F.P.C.L.-DAHEJ,"DEEPAK NIT, NANDESARI",imported,Total Distance (km) set to 0 because source file does not include distance data.
607,D.F.P.C.L.-DAHEJ - - DEEPAK NITRITE LTD-ROHA(M.H),D.F.P.C.L.-DAHEJ,DEEPAK NITRITE LTD-ROHA(M.H),imported,Total Distance (km) set to 0 because source file does not include distance data.
608,D.F.P.C.L.-DAHEJ - - DEVA ACID & CHEMICAL-TARAPUR,D.F.P.C.L.-DAHEJ,DEVA ACID & CHEMICAL-TARAPUR,imported,Total Distance (km) set to 0 because source file does not include distance data.
609,D.F.P.C.L.-DAHEJ - - DHARMANANDAN FINE CHEM-MORBI,D.F.P.C.L.-DAHEJ,DHARMANANDAN FINE CHEM-MORBI,imported,Total Distance (km) set to 0 because source file does not include distance data.
610,D.F.P.C.L.-DAHEJ - - DHOLPUR-RAJ,D.F.P.C.L.-DAHEJ,DHOLPUR-RAJ,imported,Total Distance (km) set to 0 because source file does not include distance data.
611,D.F.P.C.L.-DAHEJ - - EVEREST ORG LTD-SANGAREDDY,D.F.P.C.L.-DAHEJ,EVEREST ORG LTD-SANGAREDDY,imported,Total Distance (km) set to 0 because source file does not include distance data.
612,D.F.P.C.L.-DAHEJ - - FABRIC-BANGALORE,D.F.P.C.L.-DAHEJ,FABRIC-BANGALORE,imported,Total Distance (km) set to 0 because source file does not include distance data.
613,D.F.P.C.L.-DAHEJ - - GANESHKRUPA CHEM-VALSAD,D.F.P.C.L.-DAHEJ,GANESHKRUPA CHEM-VALSAD,imported,Total Distance (km) set to 0 because source file does not include distance data.
614,D.F.P.C.L.-DAHEJ - - GOYAL ENTERPRISE-ALIGARH,D.F.P.C.L.-DAHEJ,GOYAL ENTERPRISE-ALIGARH,imported,Total Distance (km) set to 0 because source file does not include distance data.
615,D.F.P.C.L.-DAHEJ - - GSP CROP SCIENCE-NANDESARI,D.F.P.C.L.-DAHEJ,GSP CROP SCIENCE-NANDESARI,imported,Total Distance (km) set to 0 because source file does not include distance data.
616,D.F.P.C.L.-DAHEJ - - HERANBA ORGANIC PVT-SAYKHA,D.F.P.C.L.-DAHEJ,HERANBA ORGANIC PVT-SAYKHA,imported,Total Distance (km) set to 0 because source file does not include distance data.
617,D.F.P.C.L.-DAHEJ - - HIND CHEMICALS-MUMBAI,D.F.P.C.L.-DAHEJ,HIND CHEMICALS-MUMBAI,imported,Total Distance (km) set to 0 because source file does not include distance data.
618,D.F.P.C.L.-DAHEJ - - HOPL MANJUSAR,D.F.P.C.L.-DAHEJ,HOPL MANJUSAR,imported,Total Distance (km) set to 0 because source file does not include distance data.
619,D.F.P.C.L.-DAHEJ - - INDIAN ACID & CHEMICALS-HISAR,D.F.P.C.L.-DAHEJ,INDIAN ACID & CHEMICALS-HISAR,imported,Total Distance (km) set to 0 because source file does not include distance data.
620,D.F.P.C.L.-DAHEJ - - INDO GULF IND LTD-BABINA-JHANSI(UP),D.F.P.C.L.-DAHEJ,INDO GULF IND LTD-BABINA-JHANSI(UP),imported,Total Distance (km) set to 0 because source file does not include distance data.
621,D.F.P.C.L.-DAHEJ - - ISLAND VEERCHMIE-BOLLARAM,D.F.P.C.L.-DAHEJ,ISLAND VEERCHMIE-BOLLARAM,imported,Total Distance (km) set to 0 because source file does not include distance data.
622,D.F.P.C.L.-DAHEJ - - J.H.INTERCHEM-VAPI,D.F.P.C.L.-DAHEJ,J.H.INTERCHEM-VAPI,imported,Total Distance (km) set to 0 because source file does not include distance data.
623,D.F.P.C.L.-DAHEJ - - J.P. CHEMICALS $ PHARMA-SARIGAM,D.F.P.C.L.-DAHEJ,J.P. CHEMICALS $ PHARMA-SARIGAM,imported,Total Distance (km) set to 0 because source file does not include distance data.
624,D.F.P.C.L.-DAHEJ - - JAY CHEMICAL WORKS-KANPUR,D.F.P.C.L.-DAHEJ,JAY CHEMICAL WORKS-KANPUR,imported,Total Distance (km) set to 0 because source file does not include distance data.
625,D.F.P.C.L.-DAHEJ - - JAYASHREE CHEM-TRUCHRAPPALLI,D.F.P.C.L.-DAHEJ,JAYASHREE CHEM-TRUCHRAPPALLI,imported,Total Distance (km) set to 0 because source file does not include distance data.
626,D.F.P.C.L.-DAHEJ - - JAYSHREE CHEM-TRUCHRAPPALLI,D.F.P.C.L.-DAHEJ,JAYSHREE CHEM-TRUCHRAPPALLI,imported,Total Distance (km) set to 0 because source file does not include distance data.
627,D.F.P.C.L.-DAHEJ - - JHAGADIA,D.F.P.C.L.-DAHEJ,JHAGADIA,imported,Total Distance (km) set to 0 because source file does not include distance data.
628,D.F.P.C.L.-DAHEJ - - JHONPURA,D.F.P.C.L.-DAHEJ,JHONPURA,imported,Total Distance (km) set to 0 because source file does not include distance data.
629,"D.F.P.C.L.-DAHEJ - - JINDAL ST.STEEL-JAJPUR,ORISSA",D.F.P.C.L.-DAHEJ,"JINDAL ST.STEEL-JAJPUR,ORISSA",imported,Total Distance (km) set to 0 because source file does not include distance data.
630,D.F.P.C.L.-DAHEJ - - JOGNIYA EXPLOSIVES-BHILWARA,D.F.P.C.L.-DAHEJ,JOGNIYA EXPLOSIVES-BHILWARA,imported,Total Distance (km) set to 0 because source file does not include distance data.
631,D.F.P.C.L.-DAHEJ - - JOHRI GEMS-KOTA,D.F.P.C.L.-DAHEJ,JOHRI GEMS-KOTA,imported,Total Distance (km) set to 0 because source file does not include distance data.
632,D.F.P.C.L.-DAHEJ - - KABIRDHAM,D.F.P.C.L.-DAHEJ,KABIRDHAM,imported,Total Distance (km) set to 0 because source file does not include distance data.
633,D.F.P.C.L.-DAHEJ - - KAILASH GROUP OF IND.SASNI-U.P,D.F.P.C.L.-DAHEJ,KAILASH GROUP OF IND.SASNI-U.P,imported,Total Distance (km) set to 0 because source file does not include distance data.
634,D.F.P.C.L.-DAHEJ - - KAKADIYA CHEM-ANK,D.F.P.C.L.-DAHEJ,KAKADIYA CHEM-ANK,imported,Total Distance (km) set to 0 because source file does not include distance data.
635,D.F.P.C.L.-DAHEJ - - KANPUR,D.F.P.C.L.-DAHEJ,KANPUR,imported,Total Distance (km) set to 0 because source file does not include distance data.
636,D.F.P.C.L.-DAHEJ - - KASTURCHAND FER.PVT LTD-WADASA(M.H),D.F.P.C.L.-DAHEJ,KASTURCHAND FER.PVT LTD-WADASA(M.H),imported,Total Distance (km) set to 0 because source file does not include distance data.
637,D.F.P.C.L.-DAHEJ - - KCIL-GANDHAIDHAM,D.F.P.C.L.-DAHEJ,KCIL-GANDHAIDHAM,imported,Total Distance (km) set to 0 because source file does not include distance data.
638,D.F.P.C.L.-DAHEJ - - KREDENCE PERFORMANCE MATERIALS(I)P. LTD-VADODARA,D.F.P.C.L.-DAHEJ,KREDENCE PERFORMANCE MATERIALS(I)P. LTD-VADODARA,imported,Total Distance (km) set to 0 because source file does not include distance data.
639,D.F.P.C.L.-DAHEJ - - KRISHNA CHEMICALS-WAIDHAN-M.P.,D.F.P.C.L.-DAHEJ,KRISHNA CHEMICALS-WAIDHAN-M.P.,imported,Total Distance (km) set to 0 because source file does not include distance data.
640,D.F.P.C.L.-DAHEJ - - KRISHNA ORGANICS-RANOLI,D.F.P.C.L.-DAHEJ,KRISHNA ORGANICS-RANOLI,imported,Total Distance (km) set to 0 because source file does not include distance data.
641,D.F.P.C.L.-DAHEJ - - L.S. CHEMICAL & PHARM-VAPI,D.F.P.C.L.-DAHEJ,L.S. CHEMICAL & PHARM-VAPI,imported,Total Distance (km) set to 0 because source file does not include distance data.
642,D.F.P.C.L.-DAHEJ - - LANCESS COAT CHEM-MORBI,D.F.P.C.L.-DAHEJ,LANCESS COAT CHEM-MORBI,imported,Total Distance (km) set to 0 because source file does not include distance data.
643,D.F.P.C.L.-DAHEJ - - LOHITHA LABORATORIES-BALLARI,D.F.P.C.L.-DAHEJ,LOHITHA LABORATORIES-BALLARI,imported,Total Distance (km) set to 0 because source file does not include distance data.
644,D.F.P.C.L.-DAHEJ - - M D ENTERPRISES-BULANDSHAHR (U.P.),D.F.P.C.L.-DAHEJ,M D ENTERPRISES-BULANDSHAHR (U.P.),imported,Total Distance (km) set to 0 because source file does not include distance data.
645,D.F.P.C.L.-DAHEJ - - MAHESANA,D.F.P.C.L.-DAHEJ,MAHESANA,imported,Total Distance (km) set to 0 because source file does not include distance data.
646,D.F.P.C.L.-DAHEJ - - MAHESHWARI ENTERPRISE-ALIGARH,D.F.P.C.L.-DAHEJ,MAHESHWARI ENTERPRISE-ALIGARH,imported,Total Distance (km) set to 0 because source file does not include distance data.
647,D.F.P.C.L.-DAHEJ - - MEGHNA COLOUR CHEM-VAPI,D.F.P.C.L.-DAHEJ,MEGHNA COLOUR CHEM-VAPI,imported,Total Distance (km) set to 0 because source file does not include distance data.
648,D.F.P.C.L.-DAHEJ - - METMIN COMMTRADE PVT-DHANBAD,D.F.P.C.L.-DAHEJ,METMIN COMMTRADE PVT-DHANBAD,imported,Total Distance (km) set to 0 because source file does not include distance data.
649,D.F.P.C.L.-DAHEJ - - METROCHEM API-SANGAREDDY,D.F.P.C.L.-DAHEJ,METROCHEM API-SANGAREDDY,imported,Total Distance (km) set to 0 because source file does not include distance data.
650,D.F.P.C.L.-DAHEJ - - METROPOLITAN EXIM-DOMBIVLI,D.F.P.C.L.-DAHEJ,METROPOLITAN EXIM-DOMBIVLI,imported,Total Distance (km) set to 0 because source file does not include distance data.
651,D.F.P.C.L.-DAHEJ - - MEWAR CHEM TECH UDAIPUR,D.F.P.C.L.-DAHEJ,MEWAR CHEM TECH UDAIPUR,imported,Total Distance (km) set to 0 because source file does not include distance data.
652,D.F.P.C.L.-DAHEJ - - MICAS ORG.LTD-II-VAPI,D.F.P.C.L.-DAHEJ,MICAS ORG.LTD-II-VAPI,imported,Total Distance (km) set to 0 because source file does not include distance data.
653,D.F.P.C.L.-DAHEJ - - MITTAL CHEM-JALESAR,D.F.P.C.L.-DAHEJ,MITTAL CHEM-JALESAR,imported,Total Distance (km) set to 0 because source file does not include distance data.
654,D.F.P.C.L.-DAHEJ - - MOTHER DAIRY FRUTI & VEG-JUNAGADH,D.F.P.C.L.-DAHEJ,MOTHER DAIRY FRUTI & VEG-JUNAGADH,imported,Total Distance (km) set to 0 because source file does not include distance data.
655,D.F.P.C.L.-DAHEJ - - NATH IND. CHEMICAL LTD-VAPI,D.F.P.C.L.-DAHEJ,NATH IND. CHEMICAL LTD-VAPI,imported,Total Distance (km) set to 0 because source file does not include distance data.
656,D.F.P.C.L.-DAHEJ - - NAVBHARAT EXPLOSIVES-RAIPUR,D.F.P.C.L.-DAHEJ,NAVBHARAT EXPLOSIVES-RAIPUR,imported,Total Distance (km) set to 0 because source file does not include distance data.
657,D.F.P.C.L.-DAHEJ - - NAVBHARAT FUSE CO. LTD-RAIPUR,D.F.P.C.L.-DAHEJ,NAVBHARAT FUSE CO. LTD-RAIPUR,imported,Total Distance (km) set to 0 because source file does not include distance data.
658,D.F.P.C.L.-DAHEJ - - NAVDEEP CHEM PVT LTD-ANK,D.F.P.C.L.-DAHEJ,NAVDEEP CHEM PVT LTD-ANK,imported,Total Distance (km) set to 0 because source file does not include distance data.
659,D.F.P.C.L.-DAHEJ - - NEW INDIA-NANDESARI,D.F.P.C.L.-DAHEJ,NEW INDIA-NANDESARI,imported,Total Distance (km) set to 0 because source file does not include distance data.
660,D.F.P.C.L.-DAHEJ - - NICE COMPOUND IND-UDAIPUR,D.F.P.C.L.-DAHEJ,NICE COMPOUND IND-UDAIPUR,imported,Total Distance (km) set to 0 because source file does not include distance data.
661,D.F.P.C.L.-DAHEJ - - OM NITRATE-WAIDHAN-M.P.,D.F.P.C.L.-DAHEJ,OM NITRATE-WAIDHAN-M.P.,imported,Total Distance (km) set to 0 because source file does not include distance data.
662,D.F.P.C.L.-DAHEJ - - PALVI DAHEJ,D.F.P.C.L.-DAHEJ,PALVI DAHEJ,imported,Total Distance (km) set to 0 because source file does not include distance data.
663,"D.F.P.C.L.-DAHEJ - - PANOLI INT , NANDESARI",D.F.P.C.L.-DAHEJ,"PANOLI INT , NANDESARI",imported,Total Distance (km) set to 0 because source file does not include distance data.
664,D.F.P.C.L.-DAHEJ - - PORWAL INST & CHEMICAL PVT.LTD-UDAIPUR,D.F.P.C.L.-DAHEJ,PORWAL INST & CHEMICAL PVT.LTD-UDAIPUR,imported,Total Distance (km) set to 0 because source file does not include distance data.
665,D.F.P.C.L.-DAHEJ - - PRABUDHA ENTERPRISES-ALIGARH,D.F.P.C.L.-DAHEJ,PRABUDHA ENTERPRISES-ALIGARH,imported,Total Distance (km) set to 0 because source file does not include distance data.
666,D.F.P.C.L.-DAHEJ - - PRAGATI CHEM IND-KORBA(C.G),D.F.P.C.L.-DAHEJ,PRAGATI CHEM IND-KORBA(C.G),imported,Total Distance (km) set to 0 because source file does not include distance data.
667,D.F.P.C.L.-DAHEJ - - PRIMA AGRO IND-MEHSANA,D.F.P.C.L.-DAHEJ,PRIMA AGRO IND-MEHSANA,imported,Total Distance (km) set to 0 because source file does not include distance data.
668,D.F.P.C.L.-DAHEJ - - PUSHPA CHEMICAL WORK-KOTA,D.F.P.C.L.-DAHEJ,PUSHPA CHEMICAL WORK-KOTA,imported,Total Distance (km) set to 0 because source file does not include distance data.
669,D.F.P.C.L.-DAHEJ - - R. P. INTERMADIATES-NANDESARI,D.F.P.C.L.-DAHEJ,R. P. INTERMADIATES-NANDESARI,imported,Total Distance (km) set to 0 because source file does not include distance data.
670,D.F.P.C.L.-DAHEJ - - RAIPUR,D.F.P.C.L.-DAHEJ,RAIPUR,imported,Total Distance (km) set to 0 because source file does not include distance data.
671,D.F.P.C.L.-DAHEJ - - RAJASTAN EXPOLSIVES & CHEMICAL LTD-DHOLPUR,D.F.P.C.L.-DAHEJ,RAJASTAN EXPOLSIVES & CHEMICAL LTD-DHOLPUR,imported,Total Distance (km) set to 0 because source file does not include distance data.
672,D.F.P.C.L.-DAHEJ - - RASAYAN UDYOG-DHANBAD,D.F.P.C.L.-DAHEJ,RASAYAN UDYOG-DHANBAD,imported,Total Distance (km) set to 0 because source file does not include distance data.
673,D.F.P.C.L.-DAHEJ - - RASAYAN UDYOG-SINGRAULI,D.F.P.C.L.-DAHEJ,RASAYAN UDYOG-SINGRAULI,imported,Total Distance (km) set to 0 because source file does not include distance data.
674,D.F.P.C.L.-DAHEJ - - RAVESHIA COLOURS PVT LTD-VAPI,D.F.P.C.L.-DAHEJ,RAVESHIA COLOURS PVT LTD-VAPI,imported,Total Distance (km) set to 0 because source file does not include distance data.
675,D.F.P.C.L.-DAHEJ - - RPM INTERNATIONAL-BHILWARA,D.F.P.C.L.-DAHEJ,RPM INTERNATIONAL-BHILWARA,imported,Total Distance (km) set to 0 because source file does not include distance data.
676,D.F.P.C.L.-DAHEJ - - RUCHI PETRO PLAST-DAHEJ,D.F.P.C.L.-DAHEJ,RUCHI PETRO PLAST-DAHEJ,imported,Total Distance (km) set to 0 because source file does not include distance data.
677,D.F.P.C.L.-DAHEJ - - S.D. INTERMEDIATES-PADRA,D.F.P.C.L.-DAHEJ,S.D. INTERMEDIATES-PADRA,imported,Total Distance (km) set to 0 because source file does not include distance data.
678,D.F.P.C.L.-DAHEJ - - S.D.INTERNATIONAL-PADRA-BRD,D.F.P.C.L.-DAHEJ,S.D.INTERNATIONAL-PADRA-BRD,imported,Total Distance (km) set to 0 because source file does not include distance data.
679,D.F.P.C.L.-DAHEJ - - S.R.LABORATORIES-BHUVANGIRI,D.F.P.C.L.-DAHEJ,S.R.LABORATORIES-BHUVANGIRI,imported,Total Distance (km) set to 0 because source file does not include distance data.
680,D.F.P.C.L.-DAHEJ - - SAINI CHEMICALS-ANKLESHWAR,D.F.P.C.L.-DAHEJ,SAINI CHEMICALS-ANKLESHWAR,imported,Total Distance (km) set to 0 because source file does not include distance data.
681,D.F.P.C.L.-DAHEJ - - SAKU ENT-ANKLESHWAR,D.F.P.C.L.-DAHEJ,SAKU ENT-ANKLESHWAR,imported,Total Distance (km) set to 0 because source file does not include distance data.
682,D.F.P.C.L.-DAHEJ - - SANAND,D.F.P.C.L.-DAHEJ,SANAND,imported,Total Distance (km) set to 0 because source file does not include distance data.
683,D.F.P.C.L.-DAHEJ - - SCHEELE BRIGHT-ANKLESHWAR,D.F.P.C.L.-DAHEJ,SCHEELE BRIGHT-ANKLESHWAR,imported,Total Distance (km) set to 0 because source file does not include distance data.
684,D.F.P.C.L.-DAHEJ - - SELF,D.F.P.C.L.-DAHEJ,SELF,imported,Total Distance (km) set to 0 because source file does not include distance data.
685,D.F.P.C.L.-DAHEJ - - SEUTIC LABS PVT LTD,D.F.P.C.L.-DAHEJ,SEUTIC LABS PVT LTD,imported,Total Distance (km) set to 0 because source file does not include distance data.
686,D.F.P.C.L.-DAHEJ - - SEUTIC PHARMA PVT LTD-HUMNABAD,D.F.P.C.L.-DAHEJ,SEUTIC PHARMA PVT LTD-HUMNABAD,imported,Total Distance (km) set to 0 because source file does not include distance data.
687,D.F.P.C.L.-DAHEJ - - SHANTANU CHEMICAL-KABIRDHAM(C.G.),D.F.P.C.L.-DAHEJ,SHANTANU CHEMICAL-KABIRDHAM(C.G.),imported,Total Distance (km) set to 0 because source file does not include distance data.
688,D.F.P.C.L.-DAHEJ - - SHETH ENTERPRISES-VAPI,D.F.P.C.L.-DAHEJ,SHETH ENTERPRISES-VAPI,imported,Total Distance (km) set to 0 because source file does not include distance data.
689,D.F.P.C.L.-DAHEJ - - SHIVAM NITRATE PVT LTD.-NAGPUR,D.F.P.C.L.-DAHEJ,SHIVAM NITRATE PVT LTD.-NAGPUR,imported,Total Distance (km) set to 0 because source file does not include distance data.
690,D.F.P.C.L.-DAHEJ - - SHIVAM PRODUCT-ANK,D.F.P.C.L.-DAHEJ,SHIVAM PRODUCT-ANK,imported,Total Distance (km) set to 0 because source file does not include distance data.
691,D.F.P.C.L.-DAHEJ - - SHREE ANANDESHWAR ENT-KANPUR,D.F.P.C.L.-DAHEJ,SHREE ANANDESHWAR ENT-KANPUR,imported,Total Distance (km) set to 0 because source file does not include distance data.
692,D.F.P.C.L.-DAHEJ - - SHREE JAYA LAB-MALKAPUR,D.F.P.C.L.-DAHEJ,SHREE JAYA LAB-MALKAPUR,imported,Total Distance (km) set to 0 because source file does not include distance data.
693,D.F.P.C.L.-DAHEJ - - SHREE KRISHNA EXPLOSIVE & ACCESS-KORBA,D.F.P.C.L.-DAHEJ,SHREE KRISHNA EXPLOSIVE & ACCESS-KORBA,imported,Total Distance (km) set to 0 because source file does not include distance data.
694,D.F.P.C.L.-DAHEJ - - SHRI TIRUPATI ENTERPRISES-ALIGARH,D.F.P.C.L.-DAHEJ,SHRI TIRUPATI ENTERPRISES-ALIGARH,imported,Total Distance (km) set to 0 because source file does not include distance data.
695,D.F.P.C.L.-DAHEJ - - SHRI BALAJI CHEMICALS-HISSAR,D.F.P.C.L.-DAHEJ,SHRI BALAJI CHEMICALS-HISSAR,imported,Total Distance (km) set to 0 because source file does not include distance data.
696,D.F.P.C.L.-DAHEJ - - SHRI KRISHNA ENJALESAR,D.F.P.C.L.-DAHEJ,SHRI KRISHNA ENJALESAR,imported,Total Distance (km) set to 0 because source file does not include distance data.
697,D.F.P.C.L.-DAHEJ - - SHRI KRISHNA ENT-ALIGARH,D.F.P.C.L.-DAHEJ,SHRI KRISHNA ENT-ALIGARH,imported,Total Distance (km) set to 0 because source file does not include distance data.
698,D.F.P.C.L.-DAHEJ - - SHRI KRISHNA ENT-JALESAR,D.F.P.C.L.-DAHEJ,SHRI KRISHNA ENT-JALESAR,imported,Total Distance (km) set to 0 because source file does not include distance data.
699,D.F.P.C.L.-DAHEJ - - SHRI OM INDU-BULANDSHAHAR U.P,D.F.P.C.L.-DAHEJ,SHRI OM INDU-BULANDSHAHAR U.P,imported,Total Distance (km) set to 0 because source file does not include distance data.
700,D.F.P.C.L.-DAHEJ - - SINGRUALI,D.F.P.C.L.-DAHEJ,SINGRUALI,imported,Total Distance (km) set to 0 because source file does not include distance data.
701,D.F.P.C.L.-DAHEJ - - SIYA ENTERPRISES (M.H.),D.F.P.C.L.-DAHEJ,SIYA ENTERPRISES (M.H.),imported,Total Distance (km) set to 0 because source file does not include distance data.
702,D.F.P.C.L.-DAHEJ - - SKAU ENTERPRISES-ANK,D.F.P.C.L.-DAHEJ,SKAU ENTERPRISES-ANK,imported,Total Distance (km) set to 0 because source file does not include distance data.
703,D.F.P.C.L.-DAHEJ - - SONA SYNTH.PRODUCTS-VAPI,D.F.P.C.L.-DAHEJ,SONA SYNTH.PRODUCTS-VAPI,imported,Total Distance (km) set to 0 because source file does not include distance data.
704,D.F.P.C.L.-DAHEJ - - SONA SYNTH/MANGALAM DRUGS-VAPI,D.F.P.C.L.-DAHEJ,SONA SYNTH/MANGALAM DRUGS-VAPI,imported,Total Distance (km) set to 0 because source file does not include distance data.
705,D.F.P.C.L.-DAHEJ - - SST OFFICE-VADODARA,D.F.P.C.L.-DAHEJ,SST OFFICE-VADODARA,imported,Total Distance (km) set to 0 because source file does not include distance data.
706,D.F.P.C.L.-DAHEJ - - SST-OFFICE,D.F.P.C.L.-DAHEJ,SST-OFFICE,imported,Total Distance (km) set to 0 because source file does not include distance data.
707,D.F.P.C.L.-DAHEJ - - STAR OXOCHEM-JHAGADIA,D.F.P.C.L.-DAHEJ,STAR OXOCHEM-JHAGADIA,imported,Total Distance (km) set to 0 because source file does not include distance data.
708,D.F.P.C.L.-DAHEJ - - SUDARSHAN CHEM-ROHA,D.F.P.C.L.-DAHEJ,SUDARSHAN CHEM-ROHA,imported,Total Distance (km) set to 0 because source file does not include distance data.
709,D.F.P.C.L.-DAHEJ - - SUKHA CHEMICALS IND UNIT-11-PANOLI,D.F.P.C.L.-DAHEJ,SUKHA CHEMICALS IND UNIT-11-PANOLI,imported,Total Distance (km) set to 0 because source file does not include distance data.
710,D.F.P.C.L.-DAHEJ - - SUMIT CHEM TEX-JODHPUR,D.F.P.C.L.-DAHEJ,SUMIT CHEM TEX-JODHPUR,imported,Total Distance (km) set to 0 because source file does not include distance data.
711,D.F.P.C.L.-DAHEJ - - SUN IND PVT LTD-LUDHIANA,D.F.P.C.L.-DAHEJ,SUN IND PVT LTD-LUDHIANA,imported,Total Distance (km) set to 0 because source file does not include distance data.
712,D.F.P.C.L.-DAHEJ - - SUNIL TRADING-BEAWAR,D.F.P.C.L.-DAHEJ,SUNIL TRADING-BEAWAR,imported,Total Distance (km) set to 0 because source file does not include distance data.
713,D.F.P.C.L.-DAHEJ - - SUPER ACID & CHEMICAL-DELHI,D.F.P.C.L.-DAHEJ,SUPER ACID & CHEMICAL-DELHI,imported,Total Distance (km) set to 0 because source file does not include distance data.
714,D.F.P.C.L.-DAHEJ - - SUPERFORM CHEMISTRIES-DAHEJ,D.F.P.C.L.-DAHEJ,SUPERFORM CHEMISTRIES-DAHEJ,imported,Total Distance (km) set to 0 because source file does not include distance data.
715,D.F.P.C.L.-DAHEJ - - SURAT,D.F.P.C.L.-DAHEJ,SURAT,imported,Total Distance (km) set to 0 because source file does not include distance data.
716,D.F.P.C.L.-DAHEJ - - SURAT AMMONIA & CHEM-ANK,D.F.P.C.L.-DAHEJ,SURAT AMMONIA & CHEM-ANK,imported,Total Distance (km) set to 0 because source file does not include distance data.
717,D.F.P.C.L.-DAHEJ - - SWAMI ENT-HATHRAS-U.P,D.F.P.C.L.-DAHEJ,SWAMI ENT-HATHRAS-U.P,imported,Total Distance (km) set to 0 because source file does not include distance data.
718,D.F.P.C.L.-DAHEJ - - TAG00R LAB. PVT. LTD-MANDAL (A.P.),D.F.P.C.L.-DAHEJ,TAG00R LAB. PVT. LTD-MANDAL (A.P.),imported,Total Distance (km) set to 0 because source file does not include distance data.
719,D.F.P.C.L.-DAHEJ - - TAGOOR LAB-THALLAPUDI-EAST GODAWARI,D.F.P.C.L.-DAHEJ,TAGOOR LAB-THALLAPUDI-EAST GODAWARI,imported,Total Distance (km) set to 0 because source file does not include distance data.
720,D.F.P.C.L.-DAHEJ - - TANAY INORGANICS PVT LTD-RAMAGUNDAM,D.F.P.C.L.-DAHEJ,TANAY INORGANICS PVT LTD-RAMAGUNDAM,imported,Total Distance (km) set to 0 because source file does not include distance data.
721,D.F.P.C.L.-DAHEJ - - TANAY INORGANICS PVT. LTD-NAGPUR,D.F.P.C.L.-DAHEJ,TANAY INORGANICS PVT. LTD-NAGPUR,imported,Total Distance (km) set to 0 because source file does not include distance data.
722,D.F.P.C.L.-DAHEJ - - TEXCHEME ENTERPRISES-COIMBATORE,D.F.P.C.L.-DAHEJ,TEXCHEME ENTERPRISES-COIMBATORE,imported,Total Distance (km) set to 0 because source file does not include distance data.
723,D.F.P.C.L.-DAHEJ - - TIRUPATI INDUSTRIES-ALWAR,D.F.P.C.L.-DAHEJ,TIRUPATI INDUSTRIES-ALWAR,imported,Total Distance (km) set to 0 because source file does not include distance data.
724,D.F.P.C.L.-DAHEJ - - UDAIPUR UNIT,D.F.P.C.L.-DAHEJ,UDAIPUR UNIT,imported,Total Distance (km) set to 0 because source file does not include distance data.
725,D.F.P.C.L.-DAHEJ - - UMA ENTERPRISES-SASNI (U.P),D.F.P.C.L.-DAHEJ,UMA ENTERPRISES-SASNI (U.P),imported,Total Distance (km) set to 0 because source file does not include distance data.
726,D.F.P.C.L.-DAHEJ - - UPL LIMITED-VAPI,D.F.P.C.L.-DAHEJ,UPL LIMITED-VAPI,imported,Total Distance (km) set to 0 because source file does not include distance data.
727,D.F.P.C.L.-DAHEJ - - UPL LTD-JHAGADIA,D.F.P.C.L.-DAHEJ,UPL LTD-JHAGADIA,imported,Total Distance (km) set to 0 because source file does not include distance data.
728,D.F.P.C.L.-DAHEJ - - VAPI,D.F.P.C.L.-DAHEJ,VAPI,imported,Total Distance (km) set to 0 because source file does not include distance data.
729,D.F.P.C.L.-DAHEJ - - VAPI PIGMENTS PVT. LTD-VALSAD,D.F.P.C.L.-DAHEJ,VAPI PIGMENTS PVT. LTD-VALSAD,imported,Total Distance (km) set to 0 because source file does not include distance data.
730,D.F.P.C.L.-DAHEJ - - VARANASI,D.F.P.C.L.-DAHEJ,VARANASI,imported,Total Distance (km) set to 0 because source file does not include distance data.
731,D.F.P.C.L.-DAHEJ - - VESTRO SOLVENTS PVT LTD,D.F.P.C.L.-DAHEJ,VESTRO SOLVENTS PVT LTD,imported,Total Distance (km) set to 0 because source file does not include distance data.
732,D.F.P.C.L.-DAHEJ - - VIRAJ PROFILES LTD-II-TARAPUR,D.F.P.C.L.-DAHEJ,VIRAJ PROFILES LTD-II-TARAPUR,imported,Total Distance (km) set to 0 because source file does not include distance data.
733,D.F.P.C.L.-DAHEJ - - VOXCO PIGMENTS & CHEM-VAPI,D.F.P.C.L.-DAHEJ,VOXCO PIGMENTS & CHEM-VAPI,imported,Total Distance (km) set to 0 because source file does not include distance data.
734,D.F.P.C.L.-DAHEJ - - WESTERN DRUG LTD-UDAIPUR,D.F.P.C.L.-DAHEJ,WESTERN DRUG LTD-UDAIPUR,imported,Total Distance (km) set to 0 because source file does not include distance data.
735,D.F.P.C.L.-DAHEJ - - YOGESHWAR-NAROL-A.BAD,D.F.P.C.L.-DAHEJ,YOGESHWAR-NAROL-A.BAD,imported,Total Distance (km) set to 0 because source file does not include distance data.
736,D.F.P.C.L.-DAHEJ - A TO Z SHEET/CHOKSI HERAEUS-UDAIPUR - CHAMBAL FER & CHEM.LTD-KOTA,D.F.P.C.L.-DAHEJ,CHAMBAL FER & CHEM.LTD-KOTA,imported,Total Distance (km) set to 0 because source file does not include distance data.
737,D.F.P.C.L.-DAHEJ - A.P.L. BHUJ - RASAYAN UDYOG-DHANBAD,D.F.P.C.L.-DAHEJ,RASAYAN UDYOG-DHANBAD,imported,Total Distance (km) set to 0 because source file does not include distance data.
738,D.F.P.C.L.-TALOJA - - BODAL CHEMICAL LTD-SAYKHA,D.F.P.C.L.-TALOJA,BODAL CHEMICAL LTD-SAYKHA,imported,Total Distance (km) set to 0 because source file does not include distance data.
739,D.F.P.C.L.-TALOJA - - CHEMCAL ENTERPRISES-AKALTARA,D.F.P.C.L.-TALOJA,,skipped,Missing RouteFrom or RouteTo
740,D.F.P.C.L.-TALOJA - - CHEMICAL ENTERPRISES-AKALTARA,D.F.P.C.L.-TALOJA,CHEMICAL ENTERPRISES-AKALTARA,imported,Total Distance (km) set to 0 because source file does not include distance data.
741,"D.F.P.C.L.-TALOJA - - CHEMICAL UDYOG,ROURKELA",D.F.P.C.L.-TALOJA,"CHEMICAL UDYOG,ROURKELA",imported,Total Distance (km) set to 0 because source file does not include distance data.
742,D.F.P.C.L.-TALOJA - - CRG IND.PVT.LTD-ROURKELA,D.F.P.C.L.-TALOJA,CRG IND.PVT.LTD-ROURKELA,imported,Total Distance (km) set to 0 because source file does not include distance data.
743,D.F.P.C.L.-TALOJA - - D.F.P.C.L.-DAHEJ,D.F.P.C.L.-TALOJA,D.F.P.C.L.-DAHEJ,imported,Total Distance (km) set to 0 because source file does not include distance data.
744,"D.F.P.C.L.-TALOJA - - DEEPAK NIT, NANDESARI",D.F.P.C.L.-TALOJA,"DEEPAK NIT, NANDESARI",imported,Total Distance (km) set to 0 because source file does not include distance data.
745,D.F.P.C.L.-TALOJA - - GHARDA CHEMICALSLTD-LOTE,D.F.P.C.L.-TALOJA,GHARDA CHEMICALSLTD-LOTE,imported,Total Distance (km) set to 0 because source file does not include distance data.
746,D.F.P.C.L.-TALOJA - - HIND CHEMICALS-MUMBAI,D.F.P.C.L.-TALOJA,HIND CHEMICALS-MUMBAI,imported,Total Distance (km) set to 0 because source file does not include distance data.
747,D.F.P.C.L.-TALOJA - - KREDENCE PERFORMANCE MATERIALS(I)P. LTD-VADODARA,D.F.P.C.L.-TALOJA,KREDENCE PERFORMANCE MATERIALS(I)P. LTD-VADODARA,imported,Total Distance (km) set to 0 because source file does not include distance data.
748,D.F.P.C.L.-TALOJA - - NAROTTAMDAS & COM-M.H,D.F.P.C.L.-TALOJA,NAROTTAMDAS & COM-M.H,imported,Total Distance (km) set to 0 because source file does not include distance data.
749,D.F.P.C.L.-TALOJA - - NAVI MUMBAI-TURBA,D.F.P.C.L.-TALOJA,NAVI MUMBAI-TURBA,imported,Total Distance (km) set to 0 because source file does not include distance data.
750,"D.F.P.C.L.-TALOJA - - PANOLI INT , NANDESARI",D.F.P.C.L.-TALOJA,"PANOLI INT , NANDESARI",imported,Total Distance (km) set to 0 because source file does not include distance data.
751,D.F.P.C.L.-TALOJA - - PARISHRAM CHEMICALS-VAPI,D.F.P.C.L.-TALOJA,PARISHRAM CHEMICALS-VAPI,imported,Total Distance (km) set to 0 because source file does not include distance data.
752,D.F.P.C.L.-TALOJA - - PIGMENTS & CHEMICAL-VAPI,D.F.P.C.L.-TALOJA,PIGMENTS & CHEMICAL-VAPI,imported,Total Distance (km) set to 0 because source file does not include distance data.
753,D.F.P.C.L.-TALOJA - - PRAGATI CHEM IND-KORBA(C.G),D.F.P.C.L.-TALOJA,PRAGATI CHEM IND-KORBA(C.G),imported,Total Distance (km) set to 0 because source file does not include distance data.
754,D.F.P.C.L.-TALOJA - - RASAYAN UDYOG-DHANBAD,D.F.P.C.L.-TALOJA,RASAYAN UDYOG-DHANBAD,imported,Total Distance (km) set to 0 because source file does not include distance data.
755,D.F.P.C.L.-TALOJA - - RASAYAN UDYOG-SINGRAULI,D.F.P.C.L.-TALOJA,RASAYAN UDYOG-SINGRAULI,imported,Total Distance (km) set to 0 because source file does not include distance data.
756,D.F.P.C.L.-TALOJA - - SAIL-SALEM STEEL-TAMILNADU,D.F.P.C.L.-TALOJA,SAIL-SALEM STEEL-TAMILNADU,imported,Total Distance (km) set to 0 because source file does not include distance data.
757,D.F.P.C.L.-TALOJA - - SELF,D.F.P.C.L.-TALOJA,SELF,imported,Total Distance (km) set to 0 because source file does not include distance data.
758,D.F.P.C.L.-TALOJA - - SHIVAM PRODUCT-ANK,D.F.P.C.L.-TALOJA,SHIVAM PRODUCT-ANK,imported,Total Distance (km) set to 0 because source file does not include distance data.
759,D.F.P.C.L.-TALOJA - - SHREE KRISHNA ENT-ALIGARH,D.F.P.C.L.-TALOJA,SHREE KRISHNA ENT-ALIGARH,imported,Total Distance (km) set to 0 because source file does not include distance data.
760,D.F.P.C.L.-TALOJA - - SHRI KRISHNA ENT-JALESAR,D.F.P.C.L.-TALOJA,SHRI KRISHNA ENT-JALESAR,imported,Total Distance (km) set to 0 because source file does not include distance data.
761,D.F.P.C.L.-TALOJA - - SUDARSHAN CHEM-ROHA,D.F.P.C.L.-TALOJA,SUDARSHAN CHEM-ROHA,imported,Total Distance (km) set to 0 because source file does not include distance data.
762,D.F.P.C.L.-TALOJA - - SUPER ACID & CHEMICALS-WEST DELHI,D.F.P.C.L.-TALOJA,SUPER ACID & CHEMICALS-WEST DELHI,imported,Total Distance (km) set to 0 because source file does not include distance data.
763,D.F.P.C.L.-TALOJA - - TANAY INORGANICS PVT LTD-RAMAGUNDAM,D.F.P.C.L.-TALOJA,TANAY INORGANICS PVT LTD-RAMAGUNDAM,imported,Total Distance (km) set to 0 because source file does not include distance data.
764,D.F.P.C.L.-TALOJA - - TANAY INORGANICS PVT. LTD-NAGPUR,D.F.P.C.L.-TALOJA,TANAY INORGANICS PVT. LTD-NAGPUR,imported,Total Distance (km) set to 0 because source file does not include distance data.
765,D.F.P.C.L.-TALOJA - - UDAIPUR UNIT,D.F.P.C.L.-TALOJA,UDAIPUR UNIT,imported,Total Distance (km) set to 0 because source file does not include distance data.
766,D.F.P.C.L.-TALOJA - - VAPI,D.F.P.C.L.-TALOJA,VAPI,imported,Total Distance (km) set to 0 because source file does not include distance data.
767,D.F.P.C.L.-TALOJA - - VIRAJ PROFILES LTD-II-TARAPUR,D.F.P.C.L.-TALOJA,VIRAJ PROFILES LTD-II-TARAPUR,imported,Total Distance (km) set to 0 because source file does not include distance data.
768,D.F.P.C.L.-TALOJA - - VOXCO PIGMENTS & CHEM-VAPI,D.F.P.C.L.-TALOJA,VOXCO PIGMENTS & CHEM-VAPI,imported,Total Distance (km) set to 0 because source file does not include distance data.
769,D.F.P.C.L.-TALOJA - - WESTERN DRUG LTD-UDAIPUR,D.F.P.C.L.-TALOJA,WESTERN DRUG LTD-UDAIPUR,imported,Total Distance (km) set to 0 because source file does not include distance data.
770,D.F.P.C.L.-TALOJA - - YOGESHWAR-NAROL-A.BAD,D.F.P.C.L.-TALOJA,YOGESHWAR-NAROL-A.BAD,imported,Total Distance (km) set to 0 because source file does not include distance data.
771,D.F.P.C.L-SHRIKA KULAM - - CHEMICAL ENTERPRISES-AKALTARA,DFPCL-SHRIKAKULAM,CHEMICAL ENTERPRISES-AKALTARA,imported,Total Distance (km) set to 0 because source file does not include distance data.
772,"D.M.C.C-DAHEJ - - DEEPAK NIT, NANDESARI",D.M.C.C-DAHEJ,"DEEPAK NIT, NANDESARI",imported,Total Distance (km) set to 0 because source file does not include distance data.
773,D.M.C.C-DAHEJ - - DEEPAK NIT-DAHEJ,D.M.C.C-DAHEJ,DEEPAK NIT-DAHEJ,imported,Total Distance (km) set to 0 because source file does not include distance data.
774,D.M.C.C-DAHEJ - - H.N. ENT. NANDESARI,D.M.C.C-DAHEJ,H.N. ENT. NANDESARI,imported,Total Distance (km) set to 0 because source file does not include distance data.
775,D.M.C.C-DAHEJ - - INDORE,D.M.C.C-DAHEJ,INDORE,imported,Total Distance (km) set to 0 because source file does not include distance data.
776,D.M.C.C-DAHEJ - - JAINSON ORGANIC-INDORE,D.M.C.C-DAHEJ,JAINSON ORGANIC-INDORE,imported,Total Distance (km) set to 0 because source file does not include distance data.
777,D.M.C.C-DAHEJ - - PARVATI INTER PRIES-INDOR,D.M.C.C-DAHEJ,PARVATI INTER PRIES-INDOR,imported,Total Distance (km) set to 0 because source file does not include distance data.
778,D.M.C.C-DAHEJ - - ROHA DYECHEM-BHARUCH,D.M.C.C-DAHEJ,ROHA DYECHEM-BHARUCH,imported,Total Distance (km) set to 0 because source file does not include distance data.
779,DAHEJ - - DHANBAD,DAHEJ,DHANBAD,imported,Total Distance (km) set to 0 because source file does not include distance data.
780,DECCEN-ANK - - SHREE AMBICA-BHAVNAGAR,DECCEN-ANK,SHREE AMBICA-BHAVNAGAR,imported,Total Distance (km) set to 0 because source file does not include distance data.
781,DECCEN-ANK - - SHREE CEMENT LTD-BEAWAR,DECCEN-ANK,SHREE CEMENT LTD-BEAWAR,imported,Total Distance (km) set to 0 because source file does not include distance data.
782,DEEP CHAND ARYA IND-NEW DELHI - - GODHREJ CONSUMER PRODUCTS-MALANPUR(M.P),DEEP CHAND ARYA IND-NEW DELHI,GODHREJ CONSUMER PRODUCTS-MALANPUR(M.P),imported,Total Distance (km) set to 0 because source file does not include distance data.
783,"DEEPAK NIT, NANDESARI - - A.G.TRADERS-INDORE","DEEPAK NIT, NANDESARI",A.G.TRADERS-INDORE,imported,Total Distance (km) set to 0 because source file does not include distance data.
784,"DEEPAK NIT, NANDESARI - - ADHEESHA PHOSPHATE-UDAIPUR","DEEPAK NIT, NANDESARI",ADHEESHA PHOSPHATE-UDAIPUR,imported,Total Distance (km) set to 0 because source file does not include distance data.
785,"DEEPAK NIT, NANDESARI - - AGRO PHOS INDIA LTD-MEGHNAGAR","DEEPAK NIT, NANDESARI",AGRO PHOS INDIA LTD-MEGHNAGAR,imported,Total Distance (km) set to 0 because source file does not include distance data.
786,"DEEPAK NIT, NANDESARI - - ANU ENTERPRISES-KANPUR","DEEPAK NIT, NANDESARI",ANU ENTERPRISES-KANPUR,imported,Total Distance (km) set to 0 because source file does not include distance data.
787,"DEEPAK NIT, NANDESARI - - BASANT AGRO-AKOLA","DEEPAK NIT, NANDESARI",BASANT AGRO-AKOLA,imported,Total Distance (km) set to 0 because source file does not include distance data.
788,"DEEPAK NIT, NANDESARI - - BEC FERTILIZERS LIMITED","DEEPAK NIT, NANDESARI",BEC FERTILIZERS LIMITED,imported,Total Distance (km) set to 0 because source file does not include distance data.
789,"DEEPAK NIT, NANDESARI - - BHARAT TANKER-INDORE","DEEPAK NIT, NANDESARI",BHARAT TANKER-INDORE,imported,Total Distance (km) set to 0 because source file does not include distance data.
790,"DEEPAK NIT, NANDESARI - - BHARAT TRADERS-INDORE","DEEPAK NIT, NANDESARI",BHARAT TRADERS-INDORE,imported,Total Distance (km) set to 0 because source file does not include distance data.
791,"DEEPAK NIT, NANDESARI - - D.F.P.C.L.-DAHEJ","DEEPAK NIT, NANDESARI",D.F.P.C.L.-DAHEJ,imported,Total Distance (km) set to 0 because source file does not include distance data.
792,"DEEPAK NIT, NANDESARI - - DEEPAK NIT, NANDESARI","DEEPAK NIT, NANDESARI","DEEPAK NIT, NANDESARI",imported,Total Distance (km) set to 0 because source file does not include distance data.
793,"DEEPAK NIT, NANDESARI - - EVEREST FER & CHEM. PVT LTD-GONDAL","DEEPAK NIT, NANDESARI",EVEREST FER & CHEM. PVT LTD-GONDAL,imported,Total Distance (km) set to 0 because source file does not include distance data.
794,"DEEPAK NIT, NANDESARI - - G.C.LLP-KANDLA","DEEPAK NIT, NANDESARI",G.C.LLP-KANDLA,imported,Total Distance (km) set to 0 because source file does not include distance data.
795,"DEEPAK NIT, NANDESARI - - GAURHYM TRADE CHEM-ANK","DEEPAK NIT, NANDESARI",GAURHYM TRADE CHEM-ANK,imported,Total Distance (km) set to 0 because source file does not include distance data.
796,"DEEPAK NIT, NANDESARI - - GREEN LAND BIO-SCIENCE-PADRA","DEEPAK NIT, NANDESARI",GREEN LAND BIO-SCIENCE-PADRA,imported,Total Distance (km) set to 0 because source file does not include distance data.
797,"DEEPAK NIT, NANDESARI - - INDORE","DEEPAK NIT, NANDESARI",INDORE,imported,Total Distance (km) set to 0 because source file does not include distance data.
798,"DEEPAK NIT, NANDESARI - - KALYAN ENTERPRISES-INDORE","DEEPAK NIT, NANDESARI",KALYAN ENTERPRISES-INDORE,imported,Total Distance (km) set to 0 because source file does not include distance data.
799,"DEEPAK NIT, NANDESARI - - KANPUR","DEEPAK NIT, NANDESARI",KANPUR,imported,Total Distance (km) set to 0 because source file does not include distance data.
800,"DEEPAK NIT, NANDESARI - - KISAN SHAKTI FER & PESTICIDES .P. LTD-SAYKHA BHARUCH","DEEPAK NIT, NANDESARI",KISAN SHAKTI FER & PESTICIDES .P. LTD-SAYKHA BHARUCH,imported,Total Distance (km) set to 0 because source file does not include distance data.
801,"DEEPAK NIT, NANDESARI - - KUSHAL TRADING CO-VATVA","DEEPAK NIT, NANDESARI",KUSHAL TRADING CO-VATVA,imported,Total Distance (km) set to 0 because source file does not include distance data.
802,"DEEPAK NIT, NANDESARI - - LAXMI TRADERS-BVR","DEEPAK NIT, NANDESARI",LAXMI TRADERS-BVR,imported,Total Distance (km) set to 0 because source file does not include distance data.
803,"DEEPAK NIT, NANDESARI - - M.BHARAT,MEGHANARAR","DEEPAK NIT, NANDESARI","M.BHARAT,MEGHANARAR",imported,Total Distance (km) set to 0 because source file does not include distance data.
804,"DEEPAK NIT, NANDESARI - - MARUTI PETROCHEM-RAJKOT","DEEPAK NIT, NANDESARI",MARUTI PETROCHEM-RAJKOT,imported,Total Distance (km) set to 0 because source file does not include distance data.
805,"DEEPAK NIT, NANDESARI - - MSG PETROLEUM PRODT-KANPUR","DEEPAK NIT, NANDESARI",MSG PETROLEUM PRODT-KANPUR,imported,Total Distance (km) set to 0 because source file does not include distance data.
806,"DEEPAK NIT, NANDESARI - - NANDESARI UNIT,SELF","DEEPAK NIT, NANDESARI","NANDESARI UNIT,SELF",imported,Total Distance (km) set to 0 because source file does not include distance data.
807,"DEEPAK NIT, NANDESARI - - PANOLI INT , NANDESARI","DEEPAK NIT, NANDESARI","PANOLI INT , NANDESARI",imported,Total Distance (km) set to 0 because source file does not include distance data.
808,"DEEPAK NIT, NANDESARI - - R.M.PHOSPHATE,DHULIA","DEEPAK NIT, NANDESARI","R.M.PHOSPHATE,DHULIA",imported,Total Distance (km) set to 0 because source file does not include distance data.
809,"DEEPAK NIT, NANDESARI - - ROHAN CHEMICAL KHAMBHAT","DEEPAK NIT, NANDESARI",ROHAN CHEMICAL KHAMBHAT,imported,Total Distance (km) set to 0 because source file does not include distance data.
810,"DEEPAK NIT, NANDESARI - - SAVLI-TUNDAV","DEEPAK NIT, NANDESARI",SAVLI-TUNDAV,imported,Total Distance (km) set to 0 because source file does not include distance data.
811,"DEEPAK NIT, NANDESARI - - SBL ENERGY LIMITED-NAGPUR","DEEPAK NIT, NANDESARI",SBL ENERGY LIMITED-NAGPUR,imported,Total Distance (km) set to 0 because source file does not include distance data.
812,"DEEPAK NIT, NANDESARI - - SELF","DEEPAK NIT, NANDESARI",SELF,imported,Total Distance (km) set to 0 because source file does not include distance data.
813,"DEEPAK NIT, NANDESARI - - SHAH INDUSTRIES-ANAND","DEEPAK NIT, NANDESARI",SHAH INDUSTRIES-ANAND,imported,Total Distance (km) set to 0 because source file does not include distance data.
814,"DEEPAK NIT, NANDESARI - - SHIVAM INDUSTRIES-PITHAMPUR","DEEPAK NIT, NANDESARI",SHIVAM INDUSTRIES-PITHAMPUR,imported,Total Distance (km) set to 0 because source file does not include distance data.
815,"DEEPAK NIT, NANDESARI - - SHREE CEMENT LTD-BEAWAR","DEEPAK NIT, NANDESARI",SHREE CEMENT LTD-BEAWAR,imported,Total Distance (km) set to 0 because source file does not include distance data.
816,"DEEPAK NIT, NANDESARI - - SHREE CEMENT-RAIPUR","DEEPAK NIT, NANDESARI",SHREE CEMENT-RAIPUR,imported,Total Distance (km) set to 0 because source file does not include distance data.
817,"DEEPAK NIT, NANDESARI - - SHRI BALAJI ENT-SONIPAT","DEEPAK NIT, NANDESARI",SHRI BALAJI ENT-SONIPAT,imported,Total Distance (km) set to 0 because source file does not include distance data.
818,"DEEPAK NIT, NANDESARI - - SITARAM IND-BHAVNAGAR","DEEPAK NIT, NANDESARI",SITARAM IND-BHAVNAGAR,imported,Total Distance (km) set to 0 because source file does not include distance data.
819,"DEEPAK NIT, NANDESARI - - SQUARE PETROFIELD-SAVLI","DEEPAK NIT, NANDESARI",SQUARE PETROFIELD-SAVLI,imported,Total Distance (km) set to 0 because source file does not include distance data.
820,"DEEPAK NIT, NANDESARI - - SUPER CHEM-INDORE","DEEPAK NIT, NANDESARI",SUPER CHEM-INDORE,imported,Total Distance (km) set to 0 because source file does not include distance data.
821,"DEEPAK NIT, NANDESARI - - UDAIPUR POLY SACKS LTD-UDAIPUR","DEEPAK NIT, NANDESARI",UDAIPUR POLY SACKS LTD-UDAIPUR,imported,Total Distance (km) set to 0 because source file does not include distance data.
822,"DEEPAK NIT, NANDESARI - - UNICHEM-AKOLA","DEEPAK NIT, NANDESARI",UNICHEM-AKOLA,imported,Total Distance (km) set to 0 because source file does not include distance data.
823,DEEPAK NITRITE LTD-PIPAVAV - - GAURHYM TRADE CHEM-ANK,DEEPAK NITRITE LTD-PIPAVAV,GAURHYM TRADE CHEM-ANK,imported,Total Distance (km) set to 0 because source file does not include distance data.
824,DEEPAK NITRITE LTD-ROHA(M.H) - - AVSL INDUSTRIES LTD-BHIWADI,DEEPAK NITRITE LTD-ROHA(M.H),AVSL INDUSTRIES LTD-BHIWADI,imported,Total Distance (km) set to 0 because source file does not include distance data.
825,DEEPAK NITRITE LTD-ROHA(M.H) - - BHIWADI,DEEPAK NITRITE LTD-ROHA(M.H),BHIWADI,imported,Total Distance (km) set to 0 because source file does not include distance data.
826,"DEEPAK NITRITE LTD-ROHA(M.H) - - COLOUR TEX,SURAT",DEEPAK NITRITE LTD-ROHA(M.H),"COLOUR TEX,SURAT",imported,Total Distance (km) set to 0 because source file does not include distance data.
827,DEEPAK NITRITE LTD-ROHA(M.H) - - INDORE,DEEPAK NITRITE LTD-ROHA(M.H),INDORE,imported,Total Distance (km) set to 0 because source file does not include distance data.
828,DEEPAK NITRITE LTD-ROHA(M.H) - - KANPUR,DEEPAK NITRITE LTD-ROHA(M.H),KANPUR,imported,Total Distance (km) set to 0 because source file does not include distance data.
829,DEEPAK NITRITE LTD-ROHA(M.H) - - M R IND-OILS-KARNATAKA,DEEPAK NITRITE LTD-ROHA(M.H),M R IND-OILS-KARNATAKA,imported,Total Distance (km) set to 0 because source file does not include distance data.
830,"DEEPAK NITRITE LTD-ROHA(M.H) - - R.M.PHOSPHATE,DHULIA",DEEPAK NITRITE LTD-ROHA(M.H),"R.M.PHOSPHATE,DHULIA",imported,Total Distance (km) set to 0 because source file does not include distance data.
831,DEEPAK NITRITE LTD-ROHA(M.H) - - SELF,DEEPAK NITRITE LTD-ROHA(M.H),SELF,imported,Total Distance (km) set to 0 because source file does not include distance data.
832,DEEPAK NITRITE LTD-ROHA(M.H) - - SHRI BALAJI ENT-SONIPAT,DEEPAK NITRITE LTD-ROHA(M.H),SHRI BALAJI ENT-SONIPAT,imported,Total Distance (km) set to 0 because source file does not include distance data.
833,"DEEPAK NITRITE,NANDESARI - - A.G.TRADERS-INDORE","DEEPAK NITRITE,NANDESARI",A.G.TRADERS-INDORE,imported,Total Distance (km) set to 0 because source file does not include distance data.
834,"DEEPAK NITRITE,NANDESARI - - SBL ENERGY LIMITED-MOHPA (M.H.)","DEEPAK NITRITE,NANDESARI",SBL ENERGY LIMITED-MOHPA (M.H.),imported,Total Distance (km) set to 0 because source file does not include distance data.
835,DFPCL-SHRIKA KULAM - - CHEMCAL ENTERPRISES-AKALTARA,DFPCL-SHRIKAKULAM,CHEMICAL ENTERPRISES-AKALTARA,imported,Total Distance (km) set to 0 because source file does not include distance data.
836,DHANBAD - - RAIGARH,DHANBAD,RAIGARH,imported,Total Distance (km) set to 0 because source file does not include distance data.
837,DHANMANTRY - - SANAND,DHANMANTRY,SANAND,imported,Total Distance (km) set to 0 because source file does not include distance data.
838,DHRU FOODS FATS-(C.G.) - - TIWANA NUTRITION-FATEHGARH,DHRU FOODS FATS-(C.G.),TIWANA NUTRITION-FATEHGARH,imported,Total Distance (km) set to 0 because source file does not include distance data.
839,DISCON SALES PVT. LTD-HOWRAH - - ADANI POWER-JHARKHAND,DISCON SALES PVT. LTD-HOWRAH,ADANI POWER-JHARKHAND,imported,Total Distance (km) set to 0 because source file does not include distance data.
840,DISCON SALES PVT. LTD-HOWRAH - - SEHORE (M.P.),DISCON SALES PVT. LTD-HOWRAH,SEHORE (M.P.),imported,Total Distance (km) set to 0 because source file does not include distance data.
841,DMCC SPEC. CHEM. LTD-DAHEJ - - SHREEJI LIQUID STORAGE TERMINAL-KANDLA,DMCC SPEC. CHEM. LTD-DAHEJ,SHREEJI LIQUID STORAGE TERMINAL-KANDLA,imported,Total Distance (km) set to 0 because source file does not include distance data.
842,DMCC SPEC. CHEM. LTD-DAHEJ - - SIFLON PHARMA PVT LTD-KARNATAKA,DMCC SPEC. CHEM. LTD-DAHEJ,SIFLON PHARMA PVT LTD-KARNATAKA,imported,Total Distance (km) set to 0 because source file does not include distance data.
843,DOLLEX AGROTECH-DATIA(M.P.) - - AHUJA BARREL SUPPLY-ROHTAK,DOLLEX AGROTECH-DATIA(M.P.),AHUJA BARREL SUPPLY-ROHTAK,imported,Total Distance (km) set to 0 because source file does not include distance data.
844,DOLLEX AGROTECH-DATIA(M.P.) - - SEHORE (M.P.),DOLLEX AGROTECH-DATIA(M.P.),SEHORE (M.P.),imported,Total Distance (km) set to 0 because source file does not include distance data.
845,DOLLEX AGROTECH-DATIA(M.P.) - - SHRIRAM VINYL & CHEMICAL-KOTA,DOLLEX AGROTECH-DATIA(M.P.),SHRIRAM VINYL & CHEMICAL-KOTA,imported,Total Distance (km) set to 0 because source file does not include distance data.
846,DURG-NAGPUR - - SURAT,DURG-NAGPUR,SURAT,imported,Total Distance (km) set to 0 because source file does not include distance data.
847,EMAMI AGROTECH LTD-HALDIA - - AJAY CHEMICAL-BHAVNAGAR,EMAMI AGROTECH LTD-HALDIA,AJAY CHEMICAL-BHAVNAGAR,imported,Total Distance (km) set to 0 because source file does not include distance data.
848,EMAMI AGROTECH LTD-HALDIA - - ANAND ROTOGRAVURES-BAREILLY,EMAMI AGROTECH LTD-HALDIA,ANAND ROTOGRAVURES-BAREILLY,imported,Total Distance (km) set to 0 because source file does not include distance data.
849,EMAMI AGROTECH LTD-HALDIA - - GODHREJ CONSUMER PRODUCTS-MALANPUR(M.P),EMAMI AGROTECH LTD-HALDIA,GODHREJ CONSUMER PRODUCTS-MALANPUR(M.P),imported,Total Distance (km) set to 0 because source file does not include distance data.
850,EMAMI AGROTECH LTD-HALDIA - - GODREJ IND LTD-VALIA-BHARUCH,EMAMI AGROTECH LTD-HALDIA,GODREJ IND LTD-VALIA-BHARUCH,imported,Total Distance (km) set to 0 because source file does not include distance data.
851,EMAMI AGROTECH LTD-HALDIA - - SHIVAGARH SOAP & CHEM P.LTD-BULANDSHAHR,EMAMI AGROTECH LTD-HALDIA,SHIVAGARH SOAP & CHEM P.LTD-BULANDSHAHR,imported,Total Distance (km) set to 0 because source file does not include distance data.
852,EMAMI AGROTECLTD-KANDLA - - GODHREJ CONSUMER PRODUCTS-MALANPUR(M.P),EMAMI AGROTECLTD-KANDLA,GODHREJ CONSUMER PRODUCTS-MALANPUR(M.P),imported,Total Distance (km) set to 0 because source file does not include distance data.
853,EPIGRAL LTD-VAGRA-BHARUCH - - B.S. CHEMICALS-BHILWARA,EPIGRAL LTD-VAGRA-BHARUCH,B.S. CHEMICALS-BHILWARA,imported,Total Distance (km) set to 0 because source file does not include distance data.
854,EPIGRAL LTD-VAGRA-BHARUCH - - DELIVERD AT SONA SELECTION-BHILWARA,EPIGRAL LTD-VAGRA-BHARUCH,DELIVERD AT SONA SELECTION-BHILWARA,imported,Total Distance (km) set to 0 because source file does not include distance data.
855,EPIGRAL LTD-VAGRA-BHARUCH - - DHANRAJ SOLVEX PVT LTD-LATUR,EPIGRAL LTD-VAGRA-BHARUCH,DHANRAJ SOLVEX PVT LTD-LATUR,imported,Total Distance (km) set to 0 because source file does not include distance data.
856,EPIGRAL LTD-VAGRA-BHARUCH - - GOYAL PROTEINS LTD-NAGPUR,EPIGRAL LTD-VAGRA-BHARUCH,GOYAL PROTEINS LTD-NAGPUR,imported,Total Distance (km) set to 0 because source file does not include distance data.
857,EPIGRAL LTD-VAGRA-BHARUCH - - HARSH CHEMICALS-BALOTRA,EPIGRAL LTD-VAGRA-BHARUCH,HARSH CHEMICALS-BALOTRA,imported,Total Distance (km) set to 0 because source file does not include distance data.
858,EPIGRAL LTD-VAGRA-BHARUCH - - MAHESHWARI ACID & CHEM-BHILWARA,EPIGRAL LTD-VAGRA-BHARUCH,MAHESHWARI ACID & CHEM-BHILWARA,imported,Total Distance (km) set to 0 because source file does not include distance data.
859,EPIGRAL LTD-VAGRA-BHARUCH - - PARSHWANATH PRODUCTS-BALOTRA,EPIGRAL LTD-VAGRA-BHARUCH,PARSHWANATH PRODUCTS-BALOTRA,imported,Total Distance (km) set to 0 because source file does not include distance data.
860,EPIGRAL LTD-VAGRA-BHARUCH - - PRABHA CHEM INT-BUTIBORI,EPIGRAL LTD-VAGRA-BHARUCH,PRABHA CHEM INT-BUTIBORI,imported,Total Distance (km) set to 0 because source file does not include distance data.
861,EPIGRAL LTD-VAGRA-BHARUCH - - RANJAN POLYSTER LTD-BHILWARA,EPIGRAL LTD-VAGRA-BHARUCH,RANJAN POLYSTER LTD-BHILWARA,imported,Total Distance (km) set to 0 because source file does not include distance data.
862,EPIGRAL LTD-VAGRA-BHARUCH - - SNIGDHA BASIC CHEM-INDORE,EPIGRAL LTD-VAGRA-BHARUCH,SNIGDHA BASIC CHEM-INDORE,imported,Total Distance (km) set to 0 because source file does not include distance data.
863,EPIGRAL LTD-VAGRA-BHARUCH - - SONA SELECTION-BHILWARA,EPIGRAL LTD-VAGRA-BHARUCH,SONA SELECTION-BHILWARA,imported,Total Distance (km) set to 0 because source file does not include distance data.
864,EPIGRAL LTD-VAGRA-BHARUCH - - SULUX PHOS.LTD-UDAIPUR,EPIGRAL LTD-VAGRA-BHARUCH,SULUX PHOS.LTD-UDAIPUR,imported,Total Distance (km) set to 0 because source file does not include distance data.
865,EPIGRAL LTD-VAGRA-BHARUCH - - VIKASH ACID-BHILWARA,EPIGRAL LTD-VAGRA-BHARUCH,VIKASH ACID-BHILWARA,imported,Total Distance (km) set to 0 because source file does not include distance data.
866,EPIGRAL LTD-VAGRA-BHARUCH - - VIMALSTAR FAB TEX-BALOTRA,EPIGRAL LTD-VAGRA-BHARUCH,VIMALSTAR FAB TEX-BALOTRA,imported,Total Distance (km) set to 0 because source file does not include distance data.
867,ETHERIS PETROCHEM -WB-HOWRAH - - BIRLA CARBON INDIA-PATELGANGA-RAIGAD,ETHERIS PETROCHEM -WB-HOWRAH,BIRLA CARBON INDIA-PATELGANGA-RAIGAD,imported,Total Distance (km) set to 0 because source file does not include distance data.
868,"FENA LTD, SILVASSA - - BASANT AGRO-JALGOAN","FENA LTD, SILVASSA",BASANT AGRO-JALGOAN,imported,Total Distance (km) set to 0 because source file does not include distance data.
869,"FENA LTD, SILVASSA - - CHANDRAPUR","FENA LTD, SILVASSA",CHANDRAPUR,imported,Total Distance (km) set to 0 because source file does not include distance data.
870,"FENA LTD, SILVASSA - - JHONPURA","FENA LTD, SILVASSA",JHONPURA,imported,Total Distance (km) set to 0 because source file does not include distance data.
871,"FENA LTD, SILVASSA - - MULTI ORG, CHANDRAPUR","FENA LTD, SILVASSA","MULTI ORG, CHANDRAPUR",imported,Total Distance (km) set to 0 because source file does not include distance data.
872,"FENA LTD, SILVASSA - - R.M.PHOSPHATE,DHULIA","FENA LTD, SILVASSA","R.M.PHOSPHATE,DHULIA",imported,Total Distance (km) set to 0 because source file does not include distance data.
873,G.I.L.-VALIA (GUJ) - - MADHUSUDAN SOAP. NAGAUR,G.I.L.-VALIA (GUJ),MADHUSUDAN SOAP. NAGAUR,imported,Total Distance (km) set to 0 because source file does not include distance data.
874,G.I.L.-VALIA (GUJ) - - THAKUR MULTI UDAIPUR,G.I.L.-VALIA (GUJ),THAKUR MULTI UDAIPUR,imported,Total Distance (km) set to 0 because source file does not include distance data.
875,GACL-BARODA - - A TO Z SHEET/CHOKSI HERAEUS-UDAIPUR,GACL-BARODA,A TO Z SHEET/CHOKSI HERAEUS-UDAIPUR,imported,Total Distance (km) set to 0 because source file does not include distance data.
876,GACL-BARODA - - A TO Z METALS/CHOKSI HERBEL-UDAIPUR,GACL-BARODA,A TO Z METALS/CHOKSI HERBEL-UDAIPUR,imported,Total Distance (km) set to 0 because source file does not include distance data.
877,GACL-BARODA - - AJMERA ENTERPRISES-UDAIPUR,GACL-BARODA,AJMERA ENTERPRISES-UDAIPUR,imported,Total Distance (km) set to 0 because source file does not include distance data.
878,GACL-BARODA - - ARIHANT SOLVEX P.LTD-BIKANER,GACL-BARODA,ARIHANT SOLVEX P.LTD-BIKANER,imported,Total Distance (km) set to 0 because source file does not include distance data.
879,GACL-BARODA - - BALOTRA,GACL-BARODA,BALOTRA,imported,Total Distance (km) set to 0 because source file does not include distance data.
880,GACL-BARODA - - BHILWARA.,GACL-BARODA,BHILWARA.,imported,Total Distance (km) set to 0 because source file does not include distance data.
881,GACL-BARODA - - BIKANER,GACL-BARODA,BIKANER,imported,Total Distance (km) set to 0 because source file does not include distance data.
882,"GACL-BARODA - - DEEPAK NIT, NANDESARI",GACL-BARODA,"DEEPAK NIT, NANDESARI",imported,Total Distance (km) set to 0 because source file does not include distance data.
883,GACL-BARODA - - DNL-HYDRABAD,GACL-BARODA,DNL-HYDRABAD,imported,Total Distance (km) set to 0 because source file does not include distance data.
884,GACL-BARODA - - GACL-BARODA,GACL-BARODA,GACL-BARODA,imported,Total Distance (km) set to 0 because source file does not include distance data.
885,GACL-BARODA - - GORWARA CHEM IND-UDAIPUR,GACL-BARODA,GORWARA CHEM IND-UDAIPUR,imported,Total Distance (km) set to 0 because source file does not include distance data.
886,GACL-BARODA - - GULJAG IND LTD-KOTA,GACL-BARODA,GULJAG IND LTD-KOTA,imported,Total Distance (km) set to 0 because source file does not include distance data.
887,GACL-BARODA - - GULJAG IND LTD-PALI,GACL-BARODA,GULJAG IND LTD-PALI,imported,Total Distance (km) set to 0 because source file does not include distance data.
888,GACL-BARODA - - GULJAG IND LTD-UDAIPUR,GACL-BARODA,GULJAG IND LTD-UDAIPUR,imported,Total Distance (km) set to 0 because source file does not include distance data.
889,GACL-BARODA - - HARSH CHEMICALS-BALOTRA,GACL-BARODA,HARSH CHEMICALS-BALOTRA,imported,Total Distance (km) set to 0 because source file does not include distance data.
890,GACL-BARODA - - HZL-CHITTORGARH,GACL-BARODA,HZL-CHITTORGARH,imported,Total Distance (km) set to 0 because source file does not include distance data.
891,GACL-BARODA - - JODHPUR,GACL-BARODA,JODHPUR,imported,Total Distance (km) set to 0 because source file does not include distance data.
892,GACL-BARODA - - KATPP-KOTA,GACL-BARODA,KATPP-KOTA,imported,Total Distance (km) set to 0 because source file does not include distance data.
893,GACL-BARODA - - MAHESHWARI ACID & CHEM-BHILWARA,GACL-BARODA,MAHESHWARI ACID & CHEM-BHILWARA,imported,Total Distance (km) set to 0 because source file does not include distance data.
894,GACL-BARODA - - MAULIK DYE CHEM-UDAIPUR,GACL-BARODA,MAULIK DYE CHEM-UDAIPUR,imported,Total Distance (km) set to 0 because source file does not include distance data.
895,GACL-BARODA - - MOTI COLOUR CO-BALOTRA,GACL-BARODA,MOTI COLOUR CO-BALOTRA,imported,Total Distance (km) set to 0 because source file does not include distance data.
896,"GACL-BARODA - - PANOLI INT , NANDESARI",GACL-BARODA,"PANOLI INT , NANDESARI",imported,Total Distance (km) set to 0 because source file does not include distance data.
897,GACL-BARODA - - PATEL ENTERPRISES-GUDLI-UDAIPUR,GACL-BARODA,PATEL ENTERPRISES-GUDLI-UDAIPUR,imported,Total Distance (km) set to 0 because source file does not include distance data.
898,GACL-BARODA - - PORWAL INST & CHEMICAL PVT.LTD-UDAIPUR,GACL-BARODA,PORWAL INST & CHEMICAL PVT.LTD-UDAIPUR,imported,Total Distance (km) set to 0 because source file does not include distance data.
899,GACL-BARODA - - PRAKASH CHEMICAL AGENCIES-VADODARA,GACL-BARODA,PRAKASH CHEMICAL AGENCIES-VADODARA,imported,Total Distance (km) set to 0 because source file does not include distance data.
900,GACL-BARODA - - RAVINDRA HERAEUS P. LTD-UDAIPUR,GACL-BARODA,RAVINDRA HERAEUS P. LTD-UDAIPUR,imported,Total Distance (km) set to 0 because source file does not include distance data.
901,GACL-BARODA - - RONAK PROCESSORS PVT LTD-BHILWARA,GACL-BARODA,RONAK PROCESSORS PVT LTD-BHILWARA,imported,Total Distance (km) set to 0 because source file does not include distance data.
902,GACL-BARODA - - S-C.C.I.-BHIWADI,GACL-BARODA,S-C.C.I.-BHIWADI,imported,Total Distance (km) set to 0 because source file does not include distance data.
903,GACL-BARODA - - SHREE HARI ARIHANT SOLVEX-BIKANER,GACL-BARODA,SHREE HARI ARIHANT SOLVEX-BIKANER,imported,Total Distance (km) set to 0 because source file does not include distance data.
904,GACL-BARODA - - SHREE HARI IND-BIKANER,GACL-BARODA,SHREE HARI IND-BIKANER,imported,Total Distance (km) set to 0 because source file does not include distance data.
905,GACL-BARODA - - SHREE KRISHNA PAPER MILL IND-KOTPUTLI,GACL-BARODA,SHREE KRISHNA PAPER MILL IND-KOTPUTLI,imported,Total Distance (km) set to 0 because source file does not include distance data.
906,GACL-BARODA - - SONA PROCESSORS-BHILWARA,GACL-BARODA,SONA PROCESSORS-BHILWARA,imported,Total Distance (km) set to 0 because source file does not include distance data.
907,GACL-BARODA - - SRF LTD BHIWADI,GACL-BARODA,SRF LTD BHIWADI,imported,Total Distance (km) set to 0 because source file does not include distance data.
908,GACL-BARODA - - SULUX PHOS.LTD-UDAIPUR,GACL-BARODA,SULUX PHOS.LTD-UDAIPUR,imported,Total Distance (km) set to 0 because source file does not include distance data.
909,GACL-BARODA - - SULUX PHOS/AJMERA ENT-UDIPUR,GACL-BARODA,SULUX PHOS/AJMERA ENT-UDIPUR,imported,Total Distance (km) set to 0 because source file does not include distance data.
910,GACL-BARODA - - TIME PHARMA RESEARCH-UDAIPUR,GACL-BARODA,TIME PHARMA RESEARCH-UDAIPUR,imported,Total Distance (km) set to 0 because source file does not include distance data.
911,GACL-BARODA - - UNITED BREWERIES LTD-ALWAR-(RAJ),GACL-BARODA,UNITED BREWERIES LTD-ALWAR-(RAJ),imported,Total Distance (km) set to 0 because source file does not include distance data.
912,GACL-BARODA - - UPL LTD-JHAGADIA,GACL-BARODA,UPL LTD-JHAGADIA,imported,Total Distance (km) set to 0 because source file does not include distance data.
913,GACL-BARODA - - VARDHMAN PHARMA-UDAIPUR,GACL-BARODA,VARDHMAN PHARMA-UDAIPUR,imported,Total Distance (km) set to 0 because source file does not include distance data.
914,GACL-DAHEJ - - DNL-HYDRABAD,GACL-DAHEJ,DNL-HYDRABAD,imported,Total Distance (km) set to 0 because source file does not include distance data.
915,GACL-DAHEJ - - HARSH CHEMICALS-BALOTRA,GACL-DAHEJ,HARSH CHEMICALS-BALOTRA,imported,Total Distance (km) set to 0 because source file does not include distance data.
916,GACL-DAHEJ - - JODHPUR,GACL-DAHEJ,JODHPUR,imported,Total Distance (km) set to 0 because source file does not include distance data.
917,GACL-DAHEJ - - MAHESHWARI ACID & CHEM-BHILWARA,GACL-DAHEJ,MAHESHWARI ACID & CHEM-BHILWARA,imported,Total Distance (km) set to 0 because source file does not include distance data.
918,GACL-DAHEJ - - MOTI COLOUR CO-BALOTRA,GACL-DAHEJ,MOTI COLOUR CO-BALOTRA,imported,Total Distance (km) set to 0 because source file does not include distance data.
919,GACL-NALCO-BHARUCH - - GULJAG IND LTD-PALI,GACL-NALCO-BHARUCH,GULJAG IND LTD-PALI,imported,Total Distance (km) set to 0 because source file does not include distance data.
920,GACL-NALCO-BHARUCH - - MAHESHWARI ACID & CHEM-BHILWARA,GACL-NALCO-BHARUCH,MAHESHWARI ACID & CHEM-BHILWARA,imported,Total Distance (km) set to 0 because source file does not include distance data.
921,GAYATRI CHEMICAL-BAVLA-AMD - - RMP-NARDANA,GAYATRI CHEMICAL-BAVLA-AMD,RMP-NARDANA,imported,Total Distance (km) set to 0 because source file does not include distance data.
922,"GAYTRI CHEM PANOLI-ANK - - R.M.PHOSPHATE,DHULIA",GAYTRI CHEM PANOLI-ANK,"R.M.PHOSPHATE,DHULIA",imported,Total Distance (km) set to 0 because source file does not include distance data.
923,GFL-DAHEJ - - BALOTRA,GFL-DAHEJ,BALOTRA,imported,Total Distance (km) set to 0 because source file does not include distance data.
924,GFL-DAHEJ - - BANKE BIHARI-BALOTRA,GFL-DAHEJ,BANKE BIHARI-BALOTRA,imported,Total Distance (km) set to 0 because source file does not include distance data.
925,GFL-DAHEJ - - HARSH CHEMICALS-BALOTRA,GFL-DAHEJ,HARSH CHEMICALS-BALOTRA,imported,Total Distance (km) set to 0 because source file does not include distance data.
926,GFL-DAHEJ - - HOPL-SAVLI,GFL-DAHEJ,HOPL-SAVLI,imported,Total Distance (km) set to 0 because source file does not include distance data.
927,GFL-DAHEJ - - J.K CEMNT -MANGROL,GFL-DAHEJ,J.K CEMNT -MANGROL,imported,Total Distance (km) set to 0 because source file does not include distance data.
928,GFL-DAHEJ - - KANCHAN INDIA LTD-BHILWARA,GFL-DAHEJ,KANCHAN INDIA LTD-BHILWARA,imported,Total Distance (km) set to 0 because source file does not include distance data.
929,GFL-DAHEJ - - MAHESHWARI ACID & CHEM-BHILWARA,GFL-DAHEJ,MAHESHWARI ACID & CHEM-BHILWARA,imported,Total Distance (km) set to 0 because source file does not include distance data.
930,GFL-DAHEJ - - MOHAN POLYFAB-ANK,GFL-DAHEJ,MOHAN POLYFAB-ANK,imported,Total Distance (km) set to 0 because source file does not include distance data.
931,GFL-DAHEJ - - SILVER CHEMICALS-MAKARPURA,GFL-DAHEJ,SILVER CHEMICALS-MAKARPURA,imported,Total Distance (km) set to 0 because source file does not include distance data.
932,GFL-DAHEJ - - SNIGDHA BASIC CHEM-INDORE,GFL-DAHEJ,SNIGDHA BASIC CHEM-INDORE,imported,Total Distance (km) set to 0 because source file does not include distance data.
933,GFL-DAHEJ - - SRF LTD BHIWADI,GFL-DAHEJ,SRF LTD BHIWADI,imported,Total Distance (km) set to 0 because source file does not include distance data.
934,GFL-DAHEJ - - VIKASH ACID-BHILWARA,GFL-DAHEJ,VIKASH ACID-BHILWARA,imported,Total Distance (km) set to 0 because source file does not include distance data.
935,GIL KHARACH-KOSAMBA - - JHAGADIA,GIL KHARACH-KOSAMBA,JHAGADIA,imported,Total Distance (km) set to 0 because source file does not include distance data.
936,"GIL KHARACH-KOSAMBA - - MMCPL,JHAGADIA",GIL KHARACH-KOSAMBA,"MMCPL,JHAGADIA",imported,Total Distance (km) set to 0 because source file does not include distance data.
937,GIL KHARACH-KOSAMBA - - SELF,GIL KHARACH-KOSAMBA,SELF,imported,Total Distance (km) set to 0 because source file does not include distance data.
938,"GIL, VILAYAT - - BHAVITHRA IND-METTUR-DAM","GIL, VILAYAT",BHAVITHRA IND-METTUR-DAM,imported,Total Distance (km) set to 0 because source file does not include distance data.
939,"GIL, VILAYAT - - BHILWARA.","GIL, VILAYAT",BHILWARA.,imported,Total Distance (km) set to 0 because source file does not include distance data.
940,"GIL, VILAYAT - - BIRLA-DAHEJ","GIL, VILAYAT",BIRLA-DAHEJ,imported,Total Distance (km) set to 0 because source file does not include distance data.
941,"GIL, VILAYAT - - COACHIN","GIL, VILAYAT",COACHIN,imported,Total Distance (km) set to 0 because source file does not include distance data.
942,"GIL, VILAYAT - - DEEPAK NIT, NANDESARI","GIL, VILAYAT","DEEPAK NIT, NANDESARI",imported,Total Distance (km) set to 0 because source file does not include distance data.
943,"GIL, VILAYAT - - H.N. ENT. NANDESARI","GIL, VILAYAT",H.N. ENT. NANDESARI,imported,Total Distance (km) set to 0 because source file does not include distance data.
944,"GIL, VILAYAT - - ICMC COR.LTD-METTUR-DAM","GIL, VILAYAT",ICMC COR.LTD-METTUR-DAM,imported,Total Distance (km) set to 0 because source file does not include distance data.
945,"GIL, VILAYAT - - JAYEM ENGINEERS-TIRUPUR","GIL, VILAYAT",JAYEM ENGINEERS-TIRUPUR,imported,Total Distance (km) set to 0 because source file does not include distance data.
946,"GIL, VILAYAT - - KANPUR","GIL, VILAYAT",KANPUR,imported,Total Distance (km) set to 0 because source file does not include distance data.
947,"GIL, VILAYAT - - M.BHARAT,MEGHANARAR","GIL, VILAYAT","M.BHARAT,MEGHANARAR",imported,Total Distance (km) set to 0 because source file does not include distance data.
948,"GIL, VILAYAT - - MEGHMANI DYES & INTER-DUDHWADA-PADRA","GIL, VILAYAT",MEGHMANI DYES & INTER-DUDHWADA-PADRA,imported,Total Distance (km) set to 0 because source file does not include distance data.
949,"GIL, VILAYAT - - MEGHMANI NOVOTECH-DAHEJ","GIL, VILAYAT",MEGHMANI NOVOTECH-DAHEJ,imported,Total Distance (km) set to 0 because source file does not include distance data.
950,"GIL, VILAYAT - - MEGHMANI, NANDESARI","GIL, VILAYAT","MEGHMANI, NANDESARI",imported,Total Distance (km) set to 0 because source file does not include distance data.
951,"GIL, VILAYAT - - METTOR","GIL, VILAYAT",METTOR,imported,Total Distance (km) set to 0 because source file does not include distance data.
952,"GIL, VILAYAT - - NAGPUR","GIL, VILAYAT",NAGPUR,imported,Total Distance (km) set to 0 because source file does not include distance data.
953,"GIL, VILAYAT - - ORGANIC IND,DAHEJ","GIL, VILAYAT","ORGANIC IND,DAHEJ",imported,Total Distance (km) set to 0 because source file does not include distance data.
954,"GIL, VILAYAT - - R.M.PHOSPHATE,DHULIA","GIL, VILAYAT","R.M.PHOSPHATE,DHULIA",imported,Total Distance (km) set to 0 because source file does not include distance data.
955,"GIL, VILAYAT - - SELF","GIL, VILAYAT",SELF,imported,Total Distance (km) set to 0 because source file does not include distance data.
956,"GIL, VILAYAT - - SHREE BALAJEE MEGNESITE-SALEM-TAMILNADU","GIL, VILAYAT",SHREE BALAJEE MEGNESITE-SALEM-TAMILNADU,imported,Total Distance (km) set to 0 because source file does not include distance data.
957,"GIL, VILAYAT - - SRI SUBRAMANIAM CHEMICAL-METTUR-DAM","GIL, VILAYAT",SRI SUBRAMANIAM CHEMICAL-METTUR-DAM,imported,Total Distance (km) set to 0 because source file does not include distance data.
958,"GIL, VILAYAT - - THE SIRPUR PAPER MILLS LTD-TELENGANA","GIL, VILAYAT",THE SIRPUR PAPER MILLS LTD-TELENGANA,imported,Total Distance (km) set to 0 because source file does not include distance data.
959,"GIL, VILAYAT - - V.V.TITANIUM PIGMENT P LTD-THOOTHUKUDI","GIL, VILAYAT",V.V.TITANIUM PIGMENT P LTD-THOOTHUKUDI,imported,Total Distance (km) set to 0 because source file does not include distance data.
960,"GIL, VILAYAT - - WANKSONS,PANOLI","GIL, VILAYAT","WANKSONS,PANOLI",imported,Total Distance (km) set to 0 because source file does not include distance data.
961,GIL-NAGDA - - ADANI HAZIRA-SURAT,GIL-NAGDA,ADANI HAZIRA-SURAT,imported,Total Distance (km) set to 0 because source file does not include distance data.
962,"GIL-NAGDA - - AMC CHEM,PANOLI",GIL-NAGDA,"AMC CHEM,PANOLI",imported,Total Distance (km) set to 0 because source file does not include distance data.
963,GIL-NAGDA - - ANUPAM RASAYAN INDIA LTD-SACHIN,GIL-NAGDA,ANUPAM RASAYAN INDIA LTD-SACHIN,imported,Total Distance (km) set to 0 because source file does not include distance data.
964,GIL-NAGDA - - BARODA-GODOWN,GIL-NAGDA,BARODA-GODOWN,imported,Total Distance (km) set to 0 because source file does not include distance data.
965,GIL-NAGDA - - EXCEL IND LTD-ROHA,GIL-NAGDA,EXCEL IND LTD-ROHA,imported,Total Distance (km) set to 0 because source file does not include distance data.
966,"GIL-NAGDA - - GIL, VILAYAT",GIL-NAGDA,"GIL, VILAYAT",imported,Total Distance (km) set to 0 because source file does not include distance data.
967,GIL-NAGDA - - HINDUSTAN CHEMICALS CO-OLPAD-SURAT,GIL-NAGDA,HINDUSTAN CHEMICALS CO-OLPAD-SURAT,imported,Total Distance (km) set to 0 because source file does not include distance data.
968,"GIL-NAGDA - - NAVIN FLOURIN,SURAT",GIL-NAGDA,"NAVIN FLOURIN,SURAT",imported,Total Distance (km) set to 0 because source file does not include distance data.
969,"GIL-NAGDA - - ORGANIC IND,DAHEJ",GIL-NAGDA,"ORGANIC IND,DAHEJ",imported,Total Distance (km) set to 0 because source file does not include distance data.
970,GIL-NAGDA - - PATSIL IND-NADIAD,GIL-NAGDA,PATSIL IND-NADIAD,imported,Total Distance (km) set to 0 because source file does not include distance data.
971,GIL-NAGDA - - SST-OFFICE,GIL-NAGDA,SST-OFFICE,imported,Total Distance (km) set to 0 because source file does not include distance data.
972,GIL-NAGDA - - SURAT,GIL-NAGDA,SURAT,imported,Total Distance (km) set to 0 because source file does not include distance data.
973,GNFC LTD. - DAHEJ - - GACL-BARODA,GNFC LTD. - DAHEJ,GACL-BARODA,imported,Total Distance (km) set to 0 because source file does not include distance data.
974,"GNFC,. BHARUCH - - AANJANEY ENT-ALIGARH","GNFC,. BHARUCH",AANJANEY ENT-ALIGARH,imported,Total Distance (km) set to 0 because source file does not include distance data.
975,"GNFC,. BHARUCH - - AAP CHEM PVT LTD-BRD","GNFC,. BHARUCH",AAP CHEM PVT LTD-BRD,imported,Total Distance (km) set to 0 because source file does not include distance data.
976,"GNFC,. BHARUCH - - ABHIDEEP CHEMICALS-CHNDRAPUR","GNFC,. BHARUCH",ABHIDEEP CHEMICALS-CHNDRAPUR,imported,Total Distance (km) set to 0 because source file does not include distance data.
977,"GNFC,. BHARUCH - - ABHISHEK ACID & CHEM-BHILWARA","GNFC,. BHARUCH",ABHISHEK ACID & CHEM-BHILWARA,imported,Total Distance (km) set to 0 because source file does not include distance data.
978,"GNFC,. BHARUCH - - ALIGARH U.P.","GNFC,. BHARUCH",ALIGARH U.P.,imported,Total Distance (km) set to 0 because source file does not include distance data.
979,"GNFC,. BHARUCH - - AMBEY CHEMTECH PVT LTD-M.NAGAR","GNFC,. BHARUCH",AMBEY CHEMTECH PVT LTD-M.NAGAR,imported,Total Distance (km) set to 0 because source file does not include distance data.
980,"GNFC,. BHARUCH - - ANKITRAJ EXPOTRADE PVT LTD-RAIGAD","GNFC,. BHARUCH",ANKITRAJ EXPOTRADE PVT LTD-RAIGAD,imported,Total Distance (km) set to 0 because source file does not include distance data.
981,"GNFC,. BHARUCH - - ANKLESHWAR","GNFC,. BHARUCH",ANKLESHWAR,imported,Total Distance (km) set to 0 because source file does not include distance data.
982,"GNFC,. BHARUCH - - ARAVALI CHEMICAL-ALWAR","GNFC,. BHARUCH",ARAVALI CHEMICAL-ALWAR,imported,Total Distance (km) set to 0 because source file does not include distance data.
983,"GNFC,. BHARUCH - - BAJAJ STEEL & IND LTD-JALAUN-ORA(U.P.)","GNFC,. BHARUCH",BAJAJ STEEL & IND LTD-JALAUN-ORA(U.P.),imported,Total Distance (km) set to 0 because source file does not include distance data.
984,"GNFC,. BHARUCH - - BAJAJ STEELS & IND LTD-KANPUR","GNFC,. BHARUCH",BAJAJ STEELS & IND LTD-KANPUR,imported,Total Distance (km) set to 0 because source file does not include distance data.
985,"GNFC,. BHARUCH - - BALAJEE CHEMICAL-VIJAYAWADA (A.P.)","GNFC,. BHARUCH",BALAJEE CHEMICAL-VIJAYAWADA (A.P.),imported,Total Distance (km) set to 0 because source file does not include distance data.
986,"GNFC,. BHARUCH - - BALOTRA","GNFC,. BHARUCH",BALOTRA,imported,Total Distance (km) set to 0 because source file does not include distance data.
987,"GNFC,. BHARUCH - - BANGLORE","GNFC,. BHARUCH",BANGLORE,imported,Total Distance (km) set to 0 because source file does not include distance data.
988,"GNFC,. BHARUCH - - BANSAL CHEM-JALESAR-DEHAT","GNFC,. BHARUCH",BANSAL CHEM-JALESAR-DEHAT,imported,Total Distance (km) set to 0 because source file does not include distance data.
989,"GNFC,. BHARUCH - - BHDOHI INT-(U.P)","GNFC,. BHARUCH",BHDOHI INT-(U.P),imported,Total Distance (km) set to 0 because source file does not include distance data.
990,"GNFC,. BHARUCH - - BHILAI","GNFC,. BHARUCH",BHILAI,imported,Total Distance (km) set to 0 because source file does not include distance data.
991,"GNFC,. BHARUCH - - BHILWARA","GNFC,. BHARUCH",ABHISHEK ACID & CHEM-BHILWARA,imported,Total Distance (km) set to 0 because source file does not include distance data.
992,"GNFC,. BHARUCH - - BHILWARA.","GNFC,. BHARUCH",BHILWARA.,imported,Total Distance (km) set to 0 because source file does not include distance data.
993,"GNFC,. BHARUCH - - BIRLA-DAHEJ","GNFC,. BHARUCH",BIRLA-DAHEJ,imported,Total Distance (km) set to 0 because source file does not include distance data.
994,"GNFC,. BHARUCH - - BODAL CHEMICAL LTD-MATHURA (U.P.)","GNFC,. BHARUCH",BODAL CHEMICAL LTD-MATHURA (U.P.),imported,Total Distance (km) set to 0 because source file does not include distance data.
995,"GNFC,. BHARUCH - - BODAL-PADRA","GNFC,. BHARUCH",BODAL-PADRA,imported,Total Distance (km) set to 0 because source file does not include distance data.
996,"GNFC,. BHARUCH - - BRAHMANI RASAYAN-JODHPUR","GNFC,. BHARUCH",BRAHMANI RASAYAN-JODHPUR,imported,Total Distance (km) set to 0 because source file does not include distance data.
997,"GNFC,. BHARUCH - - CHANDAN STEEL LTD-UMBERGAON","GNFC,. BHARUCH",CHANDAN STEEL LTD-UMBERGAON,imported,Total Distance (km) set to 0 because source file does not include distance data.
998,"GNFC,. BHARUCH - - CHEMICAL ENTERPRISES-AKALTARA","GNFC,. BHARUCH",CHEMICAL ENTERPRISES-AKALTARA,imported,Total Distance (km) set to 0 because source file does not include distance data.
999,"GNFC,. BHARUCH - - CRG IND.PVT.LTD-ROURKELA","GNFC,. BHARUCH",CRG IND.PVT.LTD-ROURKELA,imported,Total Distance (km) set to 0 because source file does not include distance data.
1000,"GNFC,. BHARUCH - - D.F.P.C.L.-DAHEJ","GNFC,. BHARUCH",D.F.P.C.L.-DAHEJ,imported,Total Distance (km) set to 0 because source file does not include distance data.
1001,"GNFC,. BHARUCH - - D.F.P.C.L.-TALOJA","GNFC,. BHARUCH",D.F.P.C.L.-TALOJA,imported,Total Distance (km) set to 0 because source file does not include distance data.
1002,"GNFC,. BHARUCH - - D.M.C.C-DAHEJ","GNFC,. BHARUCH",D.M.C.C-DAHEJ,imported,Total Distance (km) set to 0 because source file does not include distance data.
1003,"GNFC,. BHARUCH - - DEEPAK NIT, NANDESARI","GNFC,. BHARUCH","DEEPAK NIT, NANDESARI",imported,Total Distance (km) set to 0 because source file does not include distance data.
1004,"GNFC,. BHARUCH - - DEEPTHY LAB-KARNATAKA","GNFC,. BHARUCH",DEEPTHY LAB-KARNATAKA,imported,Total Distance (km) set to 0 because source file does not include distance data.
1005,"GNFC,. BHARUCH - - DNL-HYDRABAD","GNFC,. BHARUCH",DNL-HYDRABAD,imported,Total Distance (km) set to 0 because source file does not include distance data.
1006,"GNFC,. BHARUCH - - EVEREST ORG LTD-SANGAREDDY","GNFC,. BHARUCH",EVEREST ORG LTD-SANGAREDDY,imported,Total Distance (km) set to 0 because source file does not include distance data.
1007,"GNFC,. BHARUCH - - GACL-BARODA","GNFC,. BHARUCH",GACL-BARODA,imported,Total Distance (km) set to 0 because source file does not include distance data.
1008,"GNFC,. BHARUCH - - GACL-DAHEJ","GNFC,. BHARUCH",GACL-DAHEJ,imported,Total Distance (km) set to 0 because source file does not include distance data.
1009,"GNFC,. BHARUCH - - GANDHIDHAM","GNFC,. BHARUCH",GANDHIDHAM,imported,Total Distance (km) set to 0 because source file does not include distance data.
1010,"GNFC,. BHARUCH - - GANESHKRUPA CHEM-VALSAD","GNFC,. BHARUCH",GANESHKRUPA CHEM-VALSAD,imported,Total Distance (km) set to 0 because source file does not include distance data.
1011,"GNFC,. BHARUCH - - GARG SALTPETER IND-JALESAR","GNFC,. BHARUCH",GARG SALTPETER IND-JALESAR,imported,Total Distance (km) set to 0 because source file does not include distance data.
1012,"GNFC,. BHARUCH - - GRASIM IND LTD-VILAYAT BHARUCH","GNFC,. BHARUCH",GRASIM IND LTD-VILAYAT BHARUCH,imported,Total Distance (km) set to 0 because source file does not include distance data.
1013,"GNFC,. BHARUCH - - GSP CROP SCIENCE-NANDESARI","GNFC,. BHARUCH",GSP CROP SCIENCE-NANDESARI,imported,Total Distance (km) set to 0 because source file does not include distance data.
1014,"GNFC,. BHARUCH - - GULJAG IND LTD-PALI","GNFC,. BHARUCH",GULJAG IND LTD-PALI,imported,Total Distance (km) set to 0 because source file does not include distance data.
1015,"GNFC,. BHARUCH - - HETERO LABS LTD-VISAKAPATNAM","GNFC,. BHARUCH",HETERO LABS LTD-VISAKAPATNAM,imported,Total Distance (km) set to 0 because source file does not include distance data.
1016,"GNFC,. BHARUCH - - HYDRABAD","GNFC,. BHARUCH",HYDRABAD,imported,Total Distance (km) set to 0 because source file does not include distance data.
1017,"GNFC,. BHARUCH - - IDEAL IND.EXPOLSIVE LTD-NALGONDA","GNFC,. BHARUCH",IDEAL IND.EXPOLSIVE LTD-NALGONDA,imported,Total Distance (km) set to 0 because source file does not include distance data.
1018,"GNFC,. BHARUCH - - INDIAN GLYCOLS LTD-(U.KHAND","GNFC,. BHARUCH",INDIAN GLYCOLS LTD-(U.KHAND,imported,Total Distance (km) set to 0 because source file does not include distance data.
1019,"GNFC,. BHARUCH - - INDIAN OIL CORP-PANIPAT","GNFC,. BHARUCH",INDIAN OIL CORP-PANIPAT,imported,Total Distance (km) set to 0 because source file does not include distance data.
1020,"GNFC,. BHARUCH - - JAY JEE ENTERPRISES-SILVASSA","GNFC,. BHARUCH",JAY JEE ENTERPRISES-SILVASSA,imported,Total Distance (km) set to 0 because source file does not include distance data.
1021,"GNFC,. BHARUCH - - JINDAL ST.STEEL-JAJPUR,ORISSA","GNFC,. BHARUCH","JINDAL ST.STEEL-JAJPUR,ORISSA",imported,Total Distance (km) set to 0 because source file does not include distance data.
1022,"GNFC,. BHARUCH - - JODHPUR","GNFC,. BHARUCH",JODHPUR,imported,Total Distance (km) set to 0 because source file does not include distance data.
1023,"GNFC,. BHARUCH - - JYOTI CHEMICALS-KANPUR(U.P.)","GNFC,. BHARUCH",JYOTI CHEMICALS-KANPUR(U.P.),imported,Total Distance (km) set to 0 because source file does not include distance data.
1024,"GNFC,. BHARUCH - - KANCHAN INDIA LTD-BHILWARA","GNFC,. BHARUCH",KANCHAN INDIA LTD-BHILWARA,imported,Total Distance (km) set to 0 because source file does not include distance data.
1025,"GNFC,. BHARUCH - - KAPASI ACID AND CHEM-RAIPUR-C.G","GNFC,. BHARUCH",KAPASI ACID AND CHEM-RAIPUR-C.G,imported,Total Distance (km) set to 0 because source file does not include distance data.
1026,"GNFC,. BHARUCH - - KARNATAK AGRO-BENGALURU","GNFC,. BHARUCH",KARNATAK AGRO-BENGALURU,imported,Total Distance (km) set to 0 because source file does not include distance data.
1027,"GNFC,. BHARUCH - - KCIL-GANDHAIDHAM","GNFC,. BHARUCH",KCIL-GANDHAIDHAM,imported,Total Distance (km) set to 0 because source file does not include distance data.
1028,"GNFC,. BHARUCH - - KEKULE PHARMA LTD-SANGAREDDY","GNFC,. BHARUCH",KEKULE PHARMA LTD-SANGAREDDY,imported,Total Distance (km) set to 0 because source file does not include distance data.
1029,"GNFC,. BHARUCH - - KRISHNA CHEMICALS-WAIDHAN-M.P.","GNFC,. BHARUCH",KRISHNA CHEMICALS-WAIDHAN-M.P.,imported,Total Distance (km) set to 0 because source file does not include distance data.
1030,"GNFC,. BHARUCH - - LASONS INDIA PVT LTD-TALOJA","GNFC,. BHARUCH",LASONS INDIA PVT LTD-TALOJA,imported,Total Distance (km) set to 0 because source file does not include distance data.
1031,"GNFC,. BHARUCH - - LOHITHA LABORATORIES-BALLARI","GNFC,. BHARUCH",LOHITHA LABORATORIES-BALLARI,imported,Total Distance (km) set to 0 because source file does not include distance data.
1032,"GNFC,. BHARUCH - - M.S. & CO.LUCKNOW","GNFC,. BHARUCH",M.S. & CO.LUCKNOW,imported,Total Distance (km) set to 0 because source file does not include distance data.
1033,"GNFC,. BHARUCH - - MAA BINDWASHNI CHEMICALS-WEST BENGAL","GNFC,. BHARUCH",MAA BINDWASHNI CHEMICALS-WEST BENGAL,imported,Total Distance (km) set to 0 because source file does not include distance data.
1034,"GNFC,. BHARUCH - - MAHAVEER DYEING-PALI","GNFC,. BHARUCH",MAHAVEER DYEING-PALI,imported,Total Distance (km) set to 0 because source file does not include distance data.
1035,"GNFC,. BHARUCH - - MAHAVIR TRADIND CO-KANPUR","GNFC,. BHARUCH",MAHAVIR TRADIND CO-KANPUR,imported,Total Distance (km) set to 0 because source file does not include distance data.
1036,"GNFC,. BHARUCH - - MAHESHWARI ACID & CHEM-BHILWARA","GNFC,. BHARUCH",MAHESHWARI ACID & CHEM-BHILWARA,imported,Total Distance (km) set to 0 because source file does not include distance data.
1037,"GNFC,. BHARUCH - - MAHESHWARI ENTERPRISE-ALIGARH","GNFC,. BHARUCH",MAHESHWARI ENTERPRISE-ALIGARH,imported,Total Distance (km) set to 0 because source file does not include distance data.
1038,"GNFC,. BHARUCH - - MANYA TRADERS-KORBA","GNFC,. BHARUCH",MANYA TRADERS-KORBA,imported,Total Distance (km) set to 0 because source file does not include distance data.
1039,"GNFC,. BHARUCH - - MATUNGI COTTON-BALOTRA","GNFC,. BHARUCH",MATUNGI COTTON-BALOTRA,imported,Total Distance (km) set to 0 because source file does not include distance data.
1040,"GNFC,. BHARUCH - - MEGHNAGAR","GNFC,. BHARUCH",MEGHNAGAR,imported,Total Distance (km) set to 0 because source file does not include distance data.
1041,"GNFC,. BHARUCH - - METMIN COMMTRADE PVT-DHANBAD","GNFC,. BHARUCH",METMIN COMMTRADE PVT-DHANBAD,imported,Total Distance (km) set to 0 because source file does not include distance data.
1042,"GNFC,. BHARUCH - - METROCHEM API PVT LTD-SANGAREDDY","GNFC,. BHARUCH",METROCHEM API PVT LTD-SANGAREDDY,imported,Total Distance (km) set to 0 because source file does not include distance data.
1043,"GNFC,. BHARUCH - - METROCHEM API-SANGAREDDY","GNFC,. BHARUCH",METROCHEM API-SANGAREDDY,imported,Total Distance (km) set to 0 because source file does not include distance data.
1044,"GNFC,. BHARUCH - - MITTAL CHEM-JALESAR","GNFC,. BHARUCH",MITTAL CHEM-JALESAR,imported,Total Distance (km) set to 0 because source file does not include distance data.
1045,"GNFC,. BHARUCH - - MOTHER DAIRY FRUTI & VEG-JUNAGADH","GNFC,. BHARUCH",MOTHER DAIRY FRUTI & VEG-JUNAGADH,imported,Total Distance (km) set to 0 because source file does not include distance data.
1046,"GNFC,. BHARUCH - - NATHDWARA CHEMICAL-AMRAVATI)","GNFC,. BHARUCH",NATHDWARA CHEMICAL-AMRAVATI),imported,Total Distance (km) set to 0 because source file does not include distance data.
1047,"GNFC,. BHARUCH - - NUCLEAR FUEL COMPLEX-RAWATBHATA","GNFC,. BHARUCH",NUCLEAR FUEL COMPLEX-RAWATBHATA,imported,Total Distance (km) set to 0 because source file does not include distance data.
1048,"GNFC,. BHARUCH - - OM ICE & CHEMICAL-ALIGARH","GNFC,. BHARUCH",OM ICE & CHEMICAL-ALIGARH,imported,Total Distance (km) set to 0 because source file does not include distance data.
1049,"GNFC,. BHARUCH - - OM NITRATE-WAIDHAN-M.P.","GNFC,. BHARUCH",OM NITRATE-WAIDHAN-M.P.,imported,Total Distance (km) set to 0 because source file does not include distance data.
1050,"GNFC,. BHARUCH - - PARVATI INTER PRIES-INDOR","GNFC,. BHARUCH",PARVATI INTER PRIES-INDOR,imported,Total Distance (km) set to 0 because source file does not include distance data.
1051,"GNFC,. BHARUCH - - PORWAL INST & CHEMICAL PVT.LTD-UDAIPUR","GNFC,. BHARUCH",PORWAL INST & CHEMICAL PVT.LTD-UDAIPUR,imported,Total Distance (km) set to 0 because source file does not include distance data.
1052,"GNFC,. BHARUCH - - PRABUDHA ENTERPRISES-ALIGARH","GNFC,. BHARUCH",PRABUDHA ENTERPRISES-ALIGARH,imported,Total Distance (km) set to 0 because source file does not include distance data.
1053,"GNFC,. BHARUCH - - PRAGATI CHEMICAL IND-BILLASPUR","GNFC,. BHARUCH",PRAGATI CHEMICAL IND-BILLASPUR,imported,Total Distance (km) set to 0 because source file does not include distance data.
1054,"GNFC,. BHARUCH - - RADHA KISAN FAQUIR-JALESAR","GNFC,. BHARUCH",RADHA KISAN FAQUIR-JALESAR,imported,Total Distance (km) set to 0 because source file does not include distance data.
1055,"GNFC,. BHARUCH - - RAIPUR","GNFC,. BHARUCH",RAIPUR,imported,Total Distance (km) set to 0 because source file does not include distance data.
1056,"GNFC,. BHARUCH - - RAVI ORG LTD ,GURGAON-HARYANA","GNFC,. BHARUCH","RAVI ORG LTD ,GURGAON-HARYANA",imported,Total Distance (km) set to 0 because source file does not include distance data.
1057,"GNFC,. BHARUCH - - RICCO IND-BHILWARA","GNFC,. BHARUCH",RICCO IND-BHILWARA,imported,Total Distance (km) set to 0 because source file does not include distance data.
1058,"GNFC,. BHARUCH - - RIMJHIM STAINLESS LTD-UNNAO","GNFC,. BHARUCH",RIMJHIM STAINLESS LTD-UNNAO,imported,Total Distance (km) set to 0 because source file does not include distance data.
1059,"GNFC,. BHARUCH - - ROHIT FABTEX-BALOTRA","GNFC,. BHARUCH",ROHIT FABTEX-BALOTRA,imported,Total Distance (km) set to 0 because source file does not include distance data.
1060,"GNFC,. BHARUCH - - RPM INTERNATIONAL-BHILWARA","GNFC,. BHARUCH",RPM INTERNATIONAL-BHILWARA,imported,Total Distance (km) set to 0 because source file does not include distance data.
1061,"GNFC,. BHARUCH - - RUDRAKSHA ALLIED CHEM PVT LTD-NAGPUR (M.H)","GNFC,. BHARUCH",RUDRAKSHA ALLIED CHEM PVT LTD-NAGPUR (M.H),imported,Total Distance (km) set to 0 because source file does not include distance data.
1062,"GNFC,. BHARUCH - - RUPESH KUMAR & SONS-(U.P)","GNFC,. BHARUCH",RUPESH KUMAR & SONS-(U.P),imported,Total Distance (km) set to 0 because source file does not include distance data.
1063,"GNFC,. BHARUCH - - S.B.ORGANIC LTD-CHANDAPUR","GNFC,. BHARUCH",S.B.ORGANIC LTD-CHANDAPUR,imported,Total Distance (km) set to 0 because source file does not include distance data.
1064,"GNFC,. BHARUCH - - S.B.ORGANICS LTD-CHANDAPUR","GNFC,. BHARUCH",S.B.ORGANICS LTD-CHANDAPUR,imported,Total Distance (km) set to 0 because source file does not include distance data.
1065,"GNFC,. BHARUCH - - S.G.CHEMTEX-JODHPUR","GNFC,. BHARUCH",S.G.CHEMTEX-JODHPUR,imported,Total Distance (km) set to 0 because source file does not include distance data.
1066,"GNFC,. BHARUCH - - SAGAR CHEMICALS-MEHSANA","GNFC,. BHARUCH",SAGAR CHEMICALS-MEHSANA,imported,Total Distance (km) set to 0 because source file does not include distance data.
1067,"GNFC,. BHARUCH - - SAGAR SALTPETER-ETHA(U.P.)","GNFC,. BHARUCH",SAGAR SALTPETER-ETHA(U.P.),imported,Total Distance (km) set to 0 because source file does not include distance data.
1068,"GNFC,. BHARUCH - - SARVODAYA INDIA LTD-BHILWARA","GNFC,. BHARUCH",SARVODAYA INDIA LTD-BHILWARA,imported,Total Distance (km) set to 0 because source file does not include distance data.
1069,"GNFC,. BHARUCH - - SBL ENERGY LIMITED-NAGPUR","GNFC,. BHARUCH",SBL ENERGY LIMITED-NAGPUR,imported,Total Distance (km) set to 0 because source file does not include distance data.
1070,"GNFC,. BHARUCH - - SELF","GNFC,. BHARUCH",SELF,imported,Total Distance (km) set to 0 because source file does not include distance data.
1071,"GNFC,. BHARUCH - - SEUTIC LABS PVT LTD","GNFC,. BHARUCH",SEUTIC LABS PVT LTD,imported,Total Distance (km) set to 0 because source file does not include distance data.
1072,"GNFC,. BHARUCH - - SEUTIC PHARMA PVT LTD-HUMNABAD","GNFC,. BHARUCH",SEUTIC PHARMA PVT LTD-HUMNABAD,imported,Total Distance (km) set to 0 because source file does not include distance data.
1073,"GNFC,. BHARUCH - - SEUTIC PHARMA-BIDAR","GNFC,. BHARUCH",SEUTIC PHARMA-BIDAR,imported,Total Distance (km) set to 0 because source file does not include distance data.
1074,"GNFC,. BHARUCH - - SHANKAR LAL RAMPAL DYE-BHILWARA","GNFC,. BHARUCH",SHANKAR LAL RAMPAL DYE-BHILWARA,imported,Total Distance (km) set to 0 because source file does not include distance data.
1075,"GNFC,. BHARUCH - - SHREE ANANDESHWAR ENT-KANPUR","GNFC,. BHARUCH",SHREE ANANDESHWAR ENT-KANPUR,imported,Total Distance (km) set to 0 because source file does not include distance data.
1076,"GNFC,. BHARUCH - - SHREE BALAJI CHEMICALS-JALESA","GNFC,. BHARUCH",SHREE BALAJI CHEMICALS-JALESA,imported,Total Distance (km) set to 0 because source file does not include distance data.
1077,"GNFC,. BHARUCH - - SHREE JAYA LAB-MALKAPUR","GNFC,. BHARUCH",SHREE JAYA LAB-MALKAPUR,imported,Total Distance (km) set to 0 because source file does not include distance data.
1078,"GNFC,. BHARUCH - - SHREE KRISHNA ENT-ALIGARH","GNFC,. BHARUCH",SHREE KRISHNA ENT-ALIGARH,imported,Total Distance (km) set to 0 because source file does not include distance data.
1079,"GNFC,. BHARUCH - - SHREE KRISHNA EXP & ACCE-TIRUPAT","GNFC,. BHARUCH",SHREE KRISHNA EXP & ACCE-TIRUPAT,imported,Total Distance (km) set to 0 because source file does not include distance data.
1080,"GNFC,. BHARUCH - - SHREE KRISHNA EXPLOSIVE & ACCESS-KORBA","GNFC,. BHARUCH",SHREE KRISHNA EXPLOSIVE & ACCESS-KORBA,imported,Total Distance (km) set to 0 because source file does not include distance data.
1081,"GNFC,. BHARUCH - - SHRI BALAJI CHEMICALS-JALESAR","GNFC,. BHARUCH",SHRI BALAJI CHEMICALS-JALESAR,imported,Total Distance (km) set to 0 because source file does not include distance data.
1082,"GNFC,. BHARUCH - - SHRI KRISHNA ENT-JALESAR","GNFC,. BHARUCH",SHRI KRISHNA ENT-JALESAR,imported,Total Distance (km) set to 0 because source file does not include distance data.
1083,"GNFC,. BHARUCH - - SINGRUALI","GNFC,. BHARUCH",SINGRUALI,imported,Total Distance (km) set to 0 because source file does not include distance data.
1084,"GNFC,. BHARUCH - - SNEHAA FARMA CHEM-SANGAREDDY","GNFC,. BHARUCH",SNEHAA FARMA CHEM-SANGAREDDY,imported,Total Distance (km) set to 0 because source file does not include distance data.
1085,"GNFC,. BHARUCH - - SNIGDHA BASIC CHEM-INDORE","GNFC,. BHARUCH",SNIGDHA BASIC CHEM-INDORE,imported,Total Distance (km) set to 0 because source file does not include distance data.
1086,"GNFC,. BHARUCH - - SONA PROCESSORS-BHILWARA","GNFC,. BHARUCH",SONA PROCESSORS-BHILWARA,imported,Total Distance (km) set to 0 because source file does not include distance data.
1087,"GNFC,. BHARUCH - - SONA SELECTION-BHILWARA","GNFC,. BHARUCH",SONA SELECTION-BHILWARA,imported,Total Distance (km) set to 0 because source file does not include distance data.
1088,"GNFC,. BHARUCH - - SPECIAL BLASTS LTD-PIRDA","GNFC,. BHARUCH",SPECIAL BLASTS LTD-PIRDA,imported,Total Distance (km) set to 0 because source file does not include distance data.
1089,"GNFC,. BHARUCH - - SPECIAL BLASTS-RAIGARH","GNFC,. BHARUCH",SPECIAL BLASTS-RAIGARH,imported,Total Distance (km) set to 0 because source file does not include distance data.
1090,"GNFC,. BHARUCH - - SREE SHIV CHEMICAL-(U.P)","GNFC,. BHARUCH",SREE SHIV CHEMICAL-(U.P),imported,Total Distance (km) set to 0 because source file does not include distance data.
1091,"GNFC,. BHARUCH - - SREE SHIV CHEMICAL-HATHRAS (U.P.)","GNFC,. BHARUCH",SREE SHIV CHEMICAL-HATHRAS (U.P.),imported,Total Distance (km) set to 0 because source file does not include distance data.
1092,"GNFC,. BHARUCH - - SRF-DAHEJ","GNFC,. BHARUCH",SRF-DAHEJ,imported,Total Distance (km) set to 0 because source file does not include distance data.
1093,"GNFC,. BHARUCH - - SRI KRISHNA EXPLOSIVES-A.P.","GNFC,. BHARUCH",SRI KRISHNA EXPLOSIVES-A.P.,imported,Total Distance (km) set to 0 because source file does not include distance data.
1094,"GNFC,. BHARUCH - - SUKHA CHEMICALS IND UNIT-11-PANOLI","GNFC,. BHARUCH",SUKHA CHEMICALS IND UNIT-11-PANOLI,imported,Total Distance (km) set to 0 because source file does not include distance data.
1095,"GNFC,. BHARUCH - - SULZERPROCE-SSOR-BHILWARA","GNFC,. BHARUCH",SULZERPROCE-SSOR-BHILWARA,imported,Total Distance (km) set to 0 because source file does not include distance data.
1096,"GNFC,. BHARUCH - - SUMIT CHEM TEX-JODHPUR","GNFC,. BHARUCH",SUMIT CHEM TEX-JODHPUR,imported,Total Distance (km) set to 0 because source file does not include distance data.
1097,"GNFC,. BHARUCH - - SUN IND PVT LTD-LUDHIANA","GNFC,. BHARUCH",SUN IND PVT LTD-LUDHIANA,imported,Total Distance (km) set to 0 because source file does not include distance data.
1098,"GNFC,. BHARUCH - - SUNIL TRADING-BEAWAR","GNFC,. BHARUCH",SUNIL TRADING-BEAWAR,imported,Total Distance (km) set to 0 because source file does not include distance data.
1099,"GNFC,. BHARUCH - - SUPER ACID & CHEMICALS-WEST DELHI","GNFC,. BHARUCH",SUPER ACID & CHEMICALS-WEST DELHI,imported,Total Distance (km) set to 0 because source file does not include distance data.
1100,"GNFC,. BHARUCH - - SWAMI ENT-HATHRAS-U.P","GNFC,. BHARUCH",SWAMI ENT-HATHRAS-U.P,imported,Total Distance (km) set to 0 because source file does not include distance data.
1101,"GNFC,. BHARUCH - - T.J.AGRO.IND-JUNAGADH","GNFC,. BHARUCH",T.J.AGRO.IND-JUNAGADH,imported,Total Distance (km) set to 0 because source file does not include distance data.
1102,"GNFC,. BHARUCH - - TAGOOR CHEM PVT- (A.P.)","GNFC,. BHARUCH",TAGOOR CHEM PVT- (A.P.),imported,Total Distance (km) set to 0 because source file does not include distance data.
1103,"GNFC,. BHARUCH - - TANAY INORGANICS PVT. LTD-NAGPUR","GNFC,. BHARUCH",TANAY INORGANICS PVT. LTD-NAGPUR,imported,Total Distance (km) set to 0 because source file does not include distance data.
1104,"GNFC,. BHARUCH - - TATA CHEMICAL LTD-CUDDALORE","GNFC,. BHARUCH",TATA CHEMICAL LTD-CUDDALORE,imported,Total Distance (km) set to 0 because source file does not include distance data.
1105,"GNFC,. BHARUCH - - UDAIPUR POLY SACKS LTD-UDAIPUR","GNFC,. BHARUCH",UDAIPUR POLY SACKS LTD-UDAIPUR,imported,Total Distance (km) set to 0 because source file does not include distance data.
1106,"GNFC,. BHARUCH - - UMARGAON","GNFC,. BHARUCH",UMARGAON,imported,Total Distance (km) set to 0 because source file does not include distance data.
1107,"GNFC,. BHARUCH - - UMESH ENT SHIKOHABAD U.P","GNFC,. BHARUCH",UMESH ENT SHIKOHABAD U.P,imported,Total Distance (km) set to 0 because source file does not include distance data.
1108,"GNFC,. BHARUCH - - UMESH ENTERPRISES-FIROZABAD(UP)","GNFC,. BHARUCH",UMESH ENTERPRISES-FIROZABAD(UP),imported,Total Distance (km) set to 0 because source file does not include distance data.
1109,"GNFC,. BHARUCH - - UNITED ACID & CHEMICAL-BANGLORE","GNFC,. BHARUCH",UNITED ACID & CHEMICAL-BANGLORE,imported,Total Distance (km) set to 0 because source file does not include distance data.
1110,"GNFC,. BHARUCH - - VEDANT CHEMICALS-TELNAGANA","GNFC,. BHARUCH",VEDANT CHEMICALS-TELNAGANA,imported,Total Distance (km) set to 0 because source file does not include distance data.
1111,"GNFC,. BHARUCH - - VEDANT PETROCHEM-TELANGANA","GNFC,. BHARUCH",VEDANT PETROCHEM-TELANGANA,imported,Total Distance (km) set to 0 because source file does not include distance data.
1112,"GNFC,. BHARUCH - - VESTRO SOLVENTS PVT LTD","GNFC,. BHARUCH",VESTRO SOLVENTS PVT LTD,imported,Total Distance (km) set to 0 because source file does not include distance data.
1113,"GNFC,. BHARUCH - - VIKASH ACID-BHILWARA","GNFC,. BHARUCH",VIKASH ACID-BHILWARA,imported,Total Distance (km) set to 0 because source file does not include distance data.
1114,"GNFC,. BHARUCH - - VISHAKHA METALS-MUNDRA","GNFC,. BHARUCH",VISHAKHA METALS-MUNDRA,imported,Total Distance (km) set to 0 because source file does not include distance data.
1115,"GNFC,. BHARUCH - - YOGESHWAR-NAROL-A.BAD","GNFC,. BHARUCH",,skipped,Missing RouteFrom or RouteTo
1116,"GNFC,. BHARUCH - - YOGESHWAR-NAROL-A.BAD","GNFC,. BHARUCH",YOGESHWAR-NAROL-A.BAD,imported,Total Distance (km) set to 0 because source file does not include distance data.
1117,GODHREJ AMARNATH (M.H) - - YOGESHWAR-NAROL-A.BAD,GODHREJ AMARNATH (M.H),YOGESHWAR-NAROL-A.BAD,imported,Total Distance (km) set to 0 because source file does not include distance data.
1118,GOKUL AGRO RESOURCES-HALDIA - - SHREE UDYOG-KANPUR,GOKUL AGRO RESOURCES-HALDIA,SHREE UDYOG-KANPUR,imported,Total Distance (km) set to 0 because source file does not include distance data.
1119,GOLDEN CASHEW PRODUCT.P.LTD-PUDUCHERRY - - PINETECH CHEMICALS-HOSIARPUR,GOLDEN CASHEW PRODUCT.P.LTD-PUDUCHERRY,PINETECH CHEMICALS-HOSIARPUR,imported,Total Distance (km) set to 0 because source file does not include distance data.
1120,GOWARDHAN BIOCHEM-DURG-(CHHATTISGARH) - - G.S.F.C LTD-ROZYPORT-JAMNAGAR,GOWARDHAN BIOCHEM-DURG-(CHHATTISGARH),G.S.F.C LTD-ROZYPORT-JAMNAGAR,imported,Total Distance (km) set to 0 because source file does not include distance data.
1121,GOWARDHAN BIOCHEM-DURG-(CHHATTISGARH) - - KRISHAK BHARATI CO.OP LTD-SURAT,GOWARDHAN BIOCHEM-DURG-(CHHATTISGARH),KRISHAK BHARATI CO.OP LTD-SURAT,imported,Total Distance (km) set to 0 because source file does not include distance data.
1122,GOWARDHAN BIOCHEM-DURG-(CHHATTISGARH) - - NARMADA BIO-CHEM-DAHEJ,GOWARDHAN BIOCHEM-DURG-(CHHATTISGARH),NARMADA BIO-CHEM-DAHEJ,imported,Total Distance (km) set to 0 because source file does not include distance data.
1123,GOWARDHAN BIOCHEM-DURG-(CHHATTISGARH) - - NATIONAL FERTILIZERS LTD-GUNA (M.P),GOWARDHAN BIOCHEM-DURG-(CHHATTISGARH),NATIONAL FERTILIZERS LTD-GUNA (M.P),imported,Total Distance (km) set to 0 because source file does not include distance data.
1124,GRASIM CELLUOSIC-VILAYAT - - H.N. ENT. NANDESARI,GRASIM CELLUOSIC-VILAYAT,H.N. ENT. NANDESARI,imported,Total Distance (km) set to 0 because source file does not include distance data.
1125,GRASIM CELLUOSIC-VILAYAT - - RMP-NARDANA,GRASIM CELLUOSIC-VILAYAT,RMP-NARDANA,imported,Total Distance (km) set to 0 because source file does not include distance data.
1126,GRASIM IND LTD-KARWAR - - AQUAPHARM CHE PVT LTD.MAHAD-M.H,GRASIM IND LTD-KARWAR,AQUAPHARM CHE PVT LTD.MAHAD-M.H,imported,Total Distance (km) set to 0 because source file does not include distance data.
1127,GRASIM IND LTD-VILAYAT BHARUCH - - ADANI HAZIRA-SURAT,GRASIM IND LTD-VILAYAT BHARUCH,ADANI HAZIRA-SURAT,imported,Total Distance (km) set to 0 because source file does not include distance data.
1128,GRASIM IND LTD-VILAYAT BHARUCH - - AKSHAR CHEM INDIA-MEHSANA,GRASIM IND LTD-VILAYAT BHARUCH,AKSHAR CHEM INDIA-MEHSANA,imported,Total Distance (km) set to 0 because source file does not include distance data.
1129,GRASIM IND LTD-VILAYAT BHARUCH - - HCL-ANKLESHWAR,GRASIM IND LTD-VILAYAT BHARUCH,HCL-ANKLESHWAR,imported,Total Distance (km) set to 0 because source file does not include distance data.
1130,GRASIM IND LTD-VILAYAT BHARUCH - - KANPUR,GRASIM IND LTD-VILAYAT BHARUCH,KANPUR,imported,Total Distance (km) set to 0 because source file does not include distance data.
1131,"GRASIM IND LTD-VILAYAT BHARUCH - - R.M.PHOSPHATE,DHULIA",GRASIM IND LTD-VILAYAT BHARUCH,"R.M.PHOSPHATE,DHULIA",imported,Total Distance (km) set to 0 because source file does not include distance data.
1132,GRASIM IND. LTD.-KOSAMBA - - GRASIM IND LTD-VILAYAT BHARUCH,GRASIM IND. LTD.-KOSAMBA,GRASIM IND LTD-VILAYAT BHARUCH,imported,Total Distance (km) set to 0 because source file does not include distance data.
1133,GRASIM IND-LTD-NAGDA - - ADANI HAZIRA-SURAT,GRASIM IND-LTD-NAGDA,ADANI HAZIRA-SURAT,imported,Total Distance (km) set to 0 because source file does not include distance data.
1134,GRASIM IND-LTD-NAGDA - - ANUPAM RASAYAN INDIA LTD-SACHIN,GRASIM IND-LTD-NAGDA,ANUPAM RASAYAN INDIA LTD-SACHIN,imported,Total Distance (km) set to 0 because source file does not include distance data.
1135,"GRASIM IND-LTD-NAGDA - - GIL, VILAYAT",GRASIM IND-LTD-NAGDA,"GIL, VILAYAT",imported,Total Distance (km) set to 0 because source file does not include distance data.
1136,GRASIM IND-LTD-NAGDA - - HINDUSTAN UNILEVER-KHAMGAON,GRASIM IND-LTD-NAGDA,HINDUSTAN UNILEVER-KHAMGAON,imported,Total Distance (km) set to 0 because source file does not include distance data.
1137,"GRASIM IND-LTD-NAGDA - - ORGANIC IND,DAHEJ",GRASIM IND-LTD-NAGDA,"ORGANIC IND,DAHEJ",imported,Total Distance (km) set to 0 because source file does not include distance data.
1138,GRASIM IND-LTD-NAGDA - - SURAT,GRASIM IND-LTD-NAGDA,SURAT,imported,Total Distance (km) set to 0 because source file does not include distance data.
1139,GSFC LTD. BARODA - - ANKLESHWAR,GSFC LTD. BARODA,ANKLESHWAR,imported,Total Distance (km) set to 0 because source file does not include distance data.
1140,GSFC LTD. BARODA - - BIRLA-DAHEJ,GSFC LTD. BARODA,BIRLA-DAHEJ,imported,Total Distance (km) set to 0 because source file does not include distance data.
1141,GSFC LTD. BARODA - - CHEMIE ORG. JHAGADIA,GSFC LTD. BARODA,CHEMIE ORG. JHAGADIA,imported,Total Distance (km) set to 0 because source file does not include distance data.
1142,GSFC LTD. BARODA - - CRYSTAL IND-RAJKOT,GSFC LTD. BARODA,CRYSTAL IND-RAJKOT,imported,Total Distance (km) set to 0 because source file does not include distance data.
1143,"GSFC LTD. BARODA - - DEEPAK NIT, NANDESARI",GSFC LTD. BARODA,"DEEPAK NIT, NANDESARI",imported,Total Distance (km) set to 0 because source file does not include distance data.
1144,GSFC LTD. BARODA - - EXW-FERTILIZERNAGAR-ANK,GSFC LTD. BARODA,EXW-FERTILIZERNAGAR-ANK,imported,Total Distance (km) set to 0 because source file does not include distance data.
1145,GSFC LTD. BARODA - - GACL-BARODA,GSFC LTD. BARODA,GACL-BARODA,imported,Total Distance (km) set to 0 because source file does not include distance data.
1146,GSFC LTD. BARODA - - GACL-DAHEJ,GSFC LTD. BARODA,GACL-DAHEJ,imported,Total Distance (km) set to 0 because source file does not include distance data.
1147,"GSFC LTD. BARODA - - GEB, PANENDRO",GSFC LTD. BARODA,"GEB, PANENDRO",imported,Total Distance (km) set to 0 because source file does not include distance data.
1148,GSFC LTD. BARODA - - GSFC LTD. SIKKA UNIT,GSFC LTD. BARODA,GSFC LTD. SIKKA UNIT,imported,Total Distance (km) set to 0 because source file does not include distance data.
1149,GSFC LTD. BARODA - - HZL-DEBARI,GSFC LTD. BARODA,HZL-DEBARI,imported,Total Distance (km) set to 0 because source file does not include distance data.
1150,GSFC LTD. BARODA - - INDORE,GSFC LTD. BARODA,INDORE,imported,Total Distance (km) set to 0 because source file does not include distance data.
1151,GSFC LTD. BARODA - - JAKSH CASTOR PRODUCTS LTD-GAJERA,GSFC LTD. BARODA,JAKSH CASTOR PRODUCTS LTD-GAJERA,imported,Total Distance (km) set to 0 because source file does not include distance data.
1152,GSFC LTD. BARODA - - JAYANT AGRO ORGANIC-DHANORA,GSFC LTD. BARODA,JAYANT AGRO ORGANIC-DHANORA,imported,Total Distance (km) set to 0 because source file does not include distance data.
1153,GSFC LTD. BARODA - - JAYANT AGRO-RANOLI,GSFC LTD. BARODA,JAYANT AGRO-RANOLI,imported,Total Distance (km) set to 0 because source file does not include distance data.
1154,GSFC LTD. BARODA - - KAKADIYA CHEM-ANK,GSFC LTD. BARODA,KAKADIYA CHEM-ANK,imported,Total Distance (km) set to 0 because source file does not include distance data.
1155,GSFC LTD. BARODA - - KLJ SILVASSA,GSFC LTD. BARODA,KLJ SILVASSA,imported,Total Distance (km) set to 0 because source file does not include distance data.
1156,GSFC LTD. BARODA - - LALIT BRATHER-INDOR,GSFC LTD. BARODA,LALIT BRATHER-INDOR,imported,Total Distance (km) set to 0 because source file does not include distance data.
1157,"GSFC LTD. BARODA - - MMCPL,JHAGADIA",GSFC LTD. BARODA,"MMCPL,JHAGADIA",imported,Total Distance (km) set to 0 because source file does not include distance data.
1158,GSFC LTD. BARODA - - NEW INDIA-NANDESARI,GSFC LTD. BARODA,NEW INDIA-NANDESARI,imported,Total Distance (km) set to 0 because source file does not include distance data.
1159,GSFC LTD. BARODA - - OM SAI CHEMICAL-ANKLESHWAR,GSFC LTD. BARODA,OM SAI CHEMICAL-ANKLESHWAR,imported,Total Distance (km) set to 0 because source file does not include distance data.
1160,GSFC LTD. BARODA - - PRAKASH CHEMICAL AGENCIES-VADODARA,GSFC LTD. BARODA,PRAKASH CHEMICAL AGENCIES-VADODARA,imported,Total Distance (km) set to 0 because source file does not include distance data.
1161,GSFC LTD. BARODA - - RAJKOT,GSFC LTD. BARODA,RAJKOT,imported,Total Distance (km) set to 0 because source file does not include distance data.
1162,"GSFC LTD. BARODA - - SABAR DAIRY,HIMMATNAGAR",GSFC LTD. BARODA,"SABAR DAIRY,HIMMATNAGAR",imported,Total Distance (km) set to 0 because source file does not include distance data.
1163,GSFC LTD. BARODA - - SHREE CHLORATES-DHAR(M.P),GSFC LTD. BARODA,SHREE CHLORATES-DHAR(M.P),imported,Total Distance (km) set to 0 because source file does not include distance data.
1164,GSFC LTD. BARODA - - SHREE VAM INDUS-RAJKOT,GSFC LTD. BARODA,SHREE VAM INDUS-RAJKOT,imported,Total Distance (km) set to 0 because source file does not include distance data.
1165,GSFC LTD. BARODA - - STYRENIX PERFORMANCE-NANDESARI,GSFC LTD. BARODA,STYRENIX PERFORMANCE-NANDESARI,imported,Total Distance (km) set to 0 because source file does not include distance data.
1166,GSFC LTD. BARODA - - UPL LTD-JHAGADIA,GSFC LTD. BARODA,UPL LTD-JHAGADIA,imported,Total Distance (km) set to 0 because source file does not include distance data.
1167,GSFC LTD. BARODA - - VAKRATUNDA CHEM-UDAIPUR,GSFC LTD. BARODA,VAKRATUNDA CHEM-UDAIPUR,imported,Total Distance (km) set to 0 because source file does not include distance data.
1168,GSFC LTD. BARODA - - VAPI,GSFC LTD. BARODA,VAPI,imported,Total Distance (km) set to 0 because source file does not include distance data.
1169,GUJARAT DYE STUFF-KUTCH - - VIKASH ACID-BHILWARA,GUJARAT DYE STUFF-KUTCH,VIKASH ACID-BHILWARA,imported,Total Distance (km) set to 0 because source file does not include distance data.
1170,GULJAG IND.LTD-JODHPUR - - AROMATICS INDIA PVT LTD-UDAIPUR,GULJAG IND.LTD-JODHPUR,AROMATICS INDIA PVT LTD-UDAIPUR,imported,Total Distance (km) set to 0 because source file does not include distance data.
1171,GULJAG IND.LTD-JODHPUR - - WESTERN DRUG LTD-UDAIPUR,GULJAG IND.LTD-JODHPUR,WESTERN DRUG LTD-UDAIPUR,imported,Total Distance (km) set to 0 because source file does not include distance data.
1172,GUNGUN SALES COR-ROHTAK - - K.N.RESOURCES PVT LTD-KANDLA PORT,GUNGUN SALES COR-ROHTAK,K.N.RESOURCES PVT LTD-KANDLA PORT,imported,Total Distance (km) set to 0 because source file does not include distance data.
1173,HALDIA - - ADANI POWER-JHARKHAND,HALDIA,ADANI POWER-JHARKHAND,imported,Total Distance (km) set to 0 because source file does not include distance data.
1174,HALDIA - - BHIWADI,HALDIA,BHIWADI,imported,Total Distance (km) set to 0 because source file does not include distance data.
1175,HALDIA - - GAZIABAD,HALDIA,GAZIABAD,imported,Total Distance (km) set to 0 because source file does not include distance data.
1176,HALDIA - - GODHREJ CONSUMER PRODUCTS-MALANPUR(M.P),HALDIA,GODHREJ CONSUMER PRODUCTS-MALANPUR(M.P),imported,Total Distance (km) set to 0 because source file does not include distance data.
1177,HALDIA - - JHONPURA,HALDIA,JHONPURA,imported,Total Distance (km) set to 0 because source file does not include distance data.
1178,"HALDIA - - JINDAL ST.STEEL-JAJPUR,ORISSA",HALDIA,"JINDAL ST.STEEL-JAJPUR,ORISSA",imported,Total Distance (km) set to 0 because source file does not include distance data.
1179,HALDIA - - NTPC LTD-MOUDHA-NAGPUR,HALDIA,NTPC LTD-MOUDHA-NAGPUR,imported,Total Distance (km) set to 0 because source file does not include distance data.
1180,HALDIA - - NTPC-SIPAT-BILSAPUR,HALDIA,NTPC-SIPAT-BILSAPUR,imported,Total Distance (km) set to 0 because source file does not include distance data.
1181,HALDIA - - PHILLIPS CARBON BLACK LTD-PALEJ,HALDIA,PHILLIPS CARBON BLACK LTD-PALEJ,imported,Total Distance (km) set to 0 because source file does not include distance data.
1182,HALDIA - - RAIPUR,HALDIA,RAIPUR,imported,Total Distance (km) set to 0 because source file does not include distance data.
1183,HALDIA - - VARANASI,HALDIA,VARANASI,imported,Total Distance (km) set to 0 because source file does not include distance data.
1184,HALDIA PETROCHEMICAL LTD-HALDIA - - G.K.BURMAN HERBALS-HARIDWAR,HALDIA PETROCHEMICAL LTD-HALDIA,G.K.BURMAN HERBALS-HARIDWAR,imported,Total Distance (km) set to 0 because source file does not include distance data.
1185,HALDIA PETROCHEMICAL LTD-HALDIA - - KANPUR,HALDIA PETROCHEMICAL LTD-HALDIA,KANPUR,imported,Total Distance (km) set to 0 because source file does not include distance data.
1186,HALDIA PETROCHEMICAL LTD-HALDIA - - MALANPUR,HALDIA PETROCHEMICAL LTD-HALDIA,MALANPUR,imported,Total Distance (km) set to 0 because source file does not include distance data.
1187,HALDIA PETROCHEMICAL LTD-HALDIA - - PHILLIPS CARBON BLACK LTD-PALEJ,HALDIA PETROCHEMICAL LTD-HALDIA,PHILLIPS CARBON BLACK LTD-PALEJ,imported,Total Distance (km) set to 0 because source file does not include distance data.
1188,HALDIA PETROCHEMICAL LTD-HALDIA - - SHREE UDYOG-KANPUR,HALDIA PETROCHEMICAL LTD-HALDIA,SHREE UDYOG-KANPUR,imported,Total Distance (km) set to 0 because source file does not include distance data.
1189,HALDIA PETROCHEMICAL LTD-HALDIA - - UNILEVER INDIA LTD-SUMERPUR-(UP),HALDIA PETROCHEMICAL LTD-HALDIA,UNILEVER INDIA LTD-SUMERPUR-(UP),imported,Total Distance (km) set to 0 because source file does not include distance data.
1190,HALDIRAM FOODS INT-NAGPUR - - INDORE,HALDIRAM FOODS INT-NAGPUR,INDORE,imported,Total Distance (km) set to 0 because source file does not include distance data.
1191,HANWHA INTERNATIONAL INDIA-G.DHAM - - HVG LOGISTICS PVT-24 PARGANAS-(W.B.),HANWHA INTERNATIONAL INDIA-G.DHAM,HVG LOGISTICS PVT-24 PARGANAS-(W.B.),imported,Total Distance (km) set to 0 because source file does not include distance data.
1192,HARSH ORGENO-VATVA - - ZJL ORGANIC PVT-MEGHNAGAR,HARSH ORGENO-VATVA,ZJL ORGANIC PVT-MEGHNAGAR,imported,Total Distance (km) set to 0 because source file does not include distance data.
1193,HAZIRA PORT SURAT - - CAUSTIC SODALYE,HAZIRA PORT SURAT,CAUSTIC SODALYE,imported,Total Distance (km) set to 0 because source file does not include distance data.
1194,HAZIRA PORT SURAT - - SNIGDHA BASIC CHEM-INDORE,HAZIRA PORT SURAT,SNIGDHA BASIC CHEM-INDORE,imported,Total Distance (km) set to 0 because source file does not include distance data.
1195,HINDALCO IND.LTD-RENUKOOT - - CENTURY PULP & PAPER-LALKUA (U.KHAND),HINDALCO IND.LTD-RENUKOOT,CENTURY PULP & PAPER-LALKUA (U.KHAND),imported,Total Distance (km) set to 0 because source file does not include distance data.
1196,HOPL MANJUSAR - - BHAVNAGAR,HOPL MANJUSAR,BHAVNAGAR,imported,Total Distance (km) set to 0 because source file does not include distance data.
1197,HOPL MANJUSAR - - HOPL-NANDESARI,HOPL MANJUSAR,HOPL-NANDESARI,imported,Total Distance (km) set to 0 because source file does not include distance data.
1198,HOPL MANJUSAR - - RENAISSANCE INDUSTRIES-BHAVNAGAR,HOPL MANJUSAR,RENAISSANCE INDUSTRIES-BHAVNAGAR,imported,Total Distance (km) set to 0 because source file does not include distance data.
1199,HOPL-NANDESARI - - AMFICO LIQUID LOGISTIC-MUMBAI,HOPL-NANDESARI,AMFICO LIQUID LOGISTIC-MUMBAI,imported,Total Distance (km) set to 0 because source file does not include distance data.
1200,HOPL-NANDESARI - - HOPL MANJUSAR,HOPL-NANDESARI,HOPL MANJUSAR,imported,Total Distance (km) set to 0 because source file does not include distance data.
1201,HOPL-NANDESARI - - HOPL-SAVLI,HOPL-NANDESARI,HOPL-SAVLI,imported,Total Distance (km) set to 0 because source file does not include distance data.
1202,HOPL-NANDESARI - - MUMBAI (M.H.),HOPL-NANDESARI,MUMBAI (M.H.),imported,Total Distance (km) set to 0 because source file does not include distance data.
1203,"HOPL-NANDESARI - - NANDESARI UNIT,SELF",HOPL-NANDESARI,"NANDESARI UNIT,SELF",imported,Total Distance (km) set to 0 because source file does not include distance data.
1204,HOPL-NANDESARI - - SRF LTD BHIWADI,HOPL-NANDESARI,SRF LTD BHIWADI,imported,Total Distance (km) set to 0 because source file does not include distance data.
1205,HOPL-NANDESARI - - SRF-DAHEJ,HOPL-NANDESARI,SRF-DAHEJ,imported,Total Distance (km) set to 0 because source file does not include distance data.
1206,HOPL-NANDESARI - - SUPREM-NANDESARI,HOPL-NANDESARI,SUPREM-NANDESARI,imported,Total Distance (km) set to 0 because source file does not include distance data.
1207,HOPL-SAVLI - - HOPL-NANDESARI,HOPL-SAVLI,HOPL-NANDESARI,imported,Total Distance (km) set to 0 because source file does not include distance data.
1208,HRSU INDORE PVT LTD-SHAJAPUR - - MAHARASHTRA ENT-KHOPOL,HRSU INDORE PVT LTD-SHAJAPUR,MAHARASHTRA ENT-KHOPOL,imported,Total Distance (km) set to 0 because source file does not include distance data.
1209,HRSU INDORE PVT LTD-SHAJAPUR - - SUNIL CHEMICALS-MUMBAI,HRSU INDORE PVT LTD-SHAJAPUR,SUNIL CHEMICALS-MUMBAI,imported,Total Distance (km) set to 0 because source file does not include distance data.
1210,HZL-CHITTORGARH - - AIM CHEMTECH PVT LTD-PITHAMPUR,HZL-CHITTORGARH,AIM CHEMTECH PVT LTD-PITHAMPUR,imported,Total Distance (km) set to 0 because source file does not include distance data.
1211,HZL-CHITTORGARH - - ARIHANT DETERGENT PVT LTD-AVDHAN,HZL-CHITTORGARH,ARIHANT DETERGENT PVT LTD-AVDHAN,imported,Total Distance (km) set to 0 because source file does not include distance data.
1212,HZL-CHITTORGARH - - CIL -NANDESARI,HZL-CHITTORGARH,CIL -NANDESARI,imported,Total Distance (km) set to 0 because source file does not include distance data.
1213,HZL-CHITTORGARH - - CIL-MUNIRABAD RS-KARNATAKA,HZL-CHITTORGARH,CIL-MUNIRABAD RS-KARNATAKA,imported,Total Distance (km) set to 0 because source file does not include distance data.
1214,HZL-CHITTORGARH - - CIL-NIMRANI KHARGONE(MP),HZL-CHITTORGARH,CIL-NIMRANI KHARGONE(MP),imported,Total Distance (km) set to 0 because source file does not include distance data.
1215,HZL-CHITTORGARH - - DCCPP.PRVUNL-CHHAWANI,HZL-CHITTORGARH,DCCPP.PRVUNL-CHHAWANI,imported,Total Distance (km) set to 0 because source file does not include distance data.
1216,HZL-CHITTORGARH - - DJ SURFACTANTS-HIMACHAL PRADESH,HZL-CHITTORGARH,DJ SURFACTANTS-HIMACHAL PRADESH,imported,Total Distance (km) set to 0 because source file does not include distance data.
1217,"HZL-CHITTORGARH - - FENA LTD, SILVASSA",HZL-CHITTORGARH,"FENA LTD, SILVASSA",imported,Total Distance (km) set to 0 because source file does not include distance data.
1218,HZL-CHITTORGARH - - GACL-BARODA,HZL-CHITTORGARH,GACL-BARODA,imported,Total Distance (km) set to 0 because source file does not include distance data.
1219,HZL-CHITTORGARH - - GSFC LTD. BARODA,HZL-CHITTORGARH,GSFC LTD. BARODA,imported,Total Distance (km) set to 0 because source file does not include distance data.
1220,HZL-CHITTORGARH - - GSFC LTD. SIKKA UNIT,HZL-CHITTORGARH,GSFC LTD. SIKKA UNIT,imported,Total Distance (km) set to 0 because source file does not include distance data.
1221,HZL-CHITTORGARH - - HZL-DARIBA,HZL-CHITTORGARH,HZL-DARIBA,imported,Total Distance (km) set to 0 because source file does not include distance data.
1222,HZL-CHITTORGARH - - HZL-SINDESAR KHURD-RAJSAMAND,HZL-CHITTORGARH,HZL-SINDESAR KHURD-RAJSAMAND,imported,Total Distance (km) set to 0 because source file does not include distance data.
1223,HZL-CHITTORGARH - - KALISINDH SUPER THERMAL POWER-JHALARAPATAN,HZL-CHITTORGARH,KALISINDH SUPER THERMAL POWER-JHALARAPATAN,imported,Total Distance (km) set to 0 because source file does not include distance data.
1224,HZL-CHITTORGARH - - KCFL-DAHEJ,HZL-CHITTORGARH,KCFL-DAHEJ,imported,Total Distance (km) set to 0 because source file does not include distance data.
1225,HZL-CHITTORGARH - - MALCO ENERGY LTD-CUNCOLIM-GOA,HZL-CHITTORGARH,MALCO ENERGY LTD-CUNCOLIM-GOA,imported,Total Distance (km) set to 0 because source file does not include distance data.
1226,HZL-CHITTORGARH - - NEW INDIA DET. PVT LTD-SARIGAM,HZL-CHITTORGARH,NEW INDIA DET. PVT LTD-SARIGAM,imported,Total Distance (km) set to 0 because source file does not include distance data.
1227,HZL-CHITTORGARH - - NEW INDIA DETERGENT PVT LTD (MAHAD),HZL-CHITTORGARH,NEW INDIA DETERGENT PVT LTD (MAHAD),imported,Total Distance (km) set to 0 because source file does not include distance data.
1228,HZL-CHITTORGARH - - R.M. CHEMICALS-DHULE,HZL-CHITTORGARH,R.M. CHEMICALS-DHULE,imported,Total Distance (km) set to 0 because source file does not include distance data.
1229,HZL-CHITTORGARH - - RAJASTHAN RAJYA-RAMGARH,HZL-CHITTORGARH,RAJASTHAN RAJYA-RAMGARH,imported,Total Distance (km) set to 0 because source file does not include distance data.
1230,HZL-CHITTORGARH - - RAMAPURA AGUCHA MINES-(RAJ),HZL-CHITTORGARH,RAMAPURA AGUCHA MINES-(RAJ),imported,Total Distance (km) set to 0 because source file does not include distance data.
1231,HZL-CHITTORGARH - - RSPL-AURANGABAD,HZL-CHITTORGARH,RSPL-AURANGABAD,imported,Total Distance (km) set to 0 because source file does not include distance data.
1232,HZL-CHITTORGARH - - SELF,HZL-CHITTORGARH,SELF,imported,Total Distance (km) set to 0 because source file does not include distance data.
1233,HZL-CHITTORGARH - - SHIVANI DET PVT LTD-M.NAGAR,HZL-CHITTORGARH,SHIVANI DET PVT LTD-M.NAGAR,imported,Total Distance (km) set to 0 because source file does not include distance data.
1234,HZL-CHITTORGARH - - SHREE CEMENT LTD-BEAWAR,HZL-CHITTORGARH,SHREE CEMENT LTD-BEAWAR,imported,Total Distance (km) set to 0 because source file does not include distance data.
1235,HZL-CHITTORGARH - - SHREEJI LIQUID STORAGE TERMINAL-KANDLA,HZL-CHITTORGARH,SHREEJI LIQUID STORAGE TERMINAL-KANDLA,imported,Total Distance (km) set to 0 because source file does not include distance data.
1236,HZL-CHITTORGARH - - SURATGARH THERMAL POWER-SURATHGARH,HZL-CHITTORGARH,SURATGARH THERMAL POWER-SURATHGARH,imported,Total Distance (km) set to 0 because source file does not include distance data.
1237,HZL-CHITTORGARH - - UDAIPUR POLY SACKS LTD-UDAIPUR,HZL-CHITTORGARH,UDAIPUR POLY SACKS LTD-UDAIPUR,imported,Total Distance (km) set to 0 because source file does not include distance data.
1238,HZL-CHITTORGARH - - ZAWAR-RAJ,HZL-CHITTORGARH,ZAWAR-RAJ,imported,Total Distance (km) set to 0 because source file does not include distance data.
1239,HZL-CHITTORGARH - - ZINCO FERTILIZERS-MANDAL,HZL-CHITTORGARH,ZINCO FERTILIZERS-MANDAL,imported,Total Distance (km) set to 0 because source file does not include distance data.
1240,HZL-DARIBA - - A.P.L. BHUJ,HZL-DARIBA,A.P.L. BHUJ,imported,Total Distance (km) set to 0 because source file does not include distance data.
1241,HZL-DARIBA - - AHMEDABAD,HZL-DARIBA,KEMIT CHEMICALS PVT LTD-AHMEDABAD,imported,Total Distance (km) set to 0 because source file does not include distance data.
1242,HZL-DARIBA - - AMBUJA INTERMEDIATES-MEHSANA,HZL-DARIBA,AMBUJA INTERMEDIATES-MEHSANA,imported,Total Distance (km) set to 0 because source file does not include distance data.
1243,"HZL-DARIBA - - ARIHANT DET,DHULIA",HZL-DARIBA,"ARIHANT DET,DHULIA",imported,Total Distance (km) set to 0 because source file does not include distance data.
1244,HZL-DARIBA - - AROMETIC-G DHAM-KUTCH,HZL-DARIBA,AROMETIC-G DHAM-KUTCH,imported,Total Distance (km) set to 0 because source file does not include distance data.
1245,HZL-DARIBA - - BRIMSTONE AGRO-KANERA,HZL-DARIBA,BRIMSTONE AGRO-KANERA,imported,Total Distance (km) set to 0 because source file does not include distance data.
1246,HZL-DARIBA - - CHANDAN STEEL LTD-UMBERGAON,HZL-DARIBA,CHANDAN STEEL LTD-UMBERGAON,imported,Total Distance (km) set to 0 because source file does not include distance data.
1247,HZL-DARIBA - - CIL -NANDESARI,HZL-DARIBA,CIL -NANDESARI,imported,Total Distance (km) set to 0 because source file does not include distance data.
1248,HZL-DARIBA - - CIL-ENNORE-CHENNAI,HZL-DARIBA,CIL-ENNORE-CHENNAI,imported,Total Distance (km) set to 0 because source file does not include distance data.
1249,HZL-DARIBA - - CIL-MUNIRABAD RS-KARNATAKA,HZL-DARIBA,CIL-MUNIRABAD RS-KARNATAKA,imported,Total Distance (km) set to 0 because source file does not include distance data.
1250,HZL-DARIBA - - CIL-NIMRANI KHARGONE(MP),HZL-DARIBA,CIL-NIMRANI KHARGONE(MP),imported,Total Distance (km) set to 0 because source file does not include distance data.
1251,HZL-DARIBA - - CIL-PALI (M.H.),HZL-DARIBA,CIL-PALI (M.H.),imported,Total Distance (km) set to 0 because source file does not include distance data.
1252,HZL-DARIBA - - D.J.DYE CHEM-DAMAN,HZL-DARIBA,D.J.DYE CHEM-DAMAN,imported,Total Distance (km) set to 0 because source file does not include distance data.
1253,HZL-DARIBA - - DAHEJ,HZL-DARIBA,DAHEJ,imported,Total Distance (km) set to 0 because source file does not include distance data.
1254,"HZL-DARIBA - - DEEPAK NIT, NANDESARI",HZL-DARIBA,"DEEPAK NIT, NANDESARI",imported,Total Distance (km) set to 0 because source file does not include distance data.
1255,HZL-DARIBA - - DHANLAKSHMI BIOCHEM-AHMEDABAD,HZL-DARIBA,DHANLAKSHMI BIOCHEM-AHMEDABAD,imported,Total Distance (km) set to 0 because source file does not include distance data.
1256,"HZL-DARIBA - - FENA LTD, SILVASSA",HZL-DARIBA,"FENA LTD, SILVASSA",imported,Total Distance (km) set to 0 because source file does not include distance data.
1257,HZL-DARIBA - - GFL-DAHEJ,HZL-DARIBA,GFL-DAHEJ,imported,Total Distance (km) set to 0 because source file does not include distance data.
1258,HZL-DARIBA - - GFL-RANJITNAGAR,HZL-DARIBA,GFL-RANJITNAGAR,imported,Total Distance (km) set to 0 because source file does not include distance data.
1259,HZL-DARIBA - - GOPINATH CHHATRAL,HZL-DARIBA,GOPINATH CHHATRAL,imported,Total Distance (km) set to 0 because source file does not include distance data.
1260,HZL-DARIBA - - GSFC LTD. BARODA,HZL-DARIBA,GSFC LTD. BARODA,imported,Total Distance (km) set to 0 because source file does not include distance data.
1261,HZL-DARIBA - - GSFC LTD. SIKKA UNIT,HZL-DARIBA,GSFC LTD. SIKKA UNIT,imported,Total Distance (km) set to 0 because source file does not include distance data.
1262,HZL-DARIBA - - H.N. ENT. NANDESARI,HZL-DARIBA,H.N. ENT. NANDESARI,imported,Total Distance (km) set to 0 because source file does not include distance data.
1263,HZL-DARIBA - - HARSH ORGENO-VATVA,HZL-DARIBA,HARSH ORGENO-VATVA,imported,Total Distance (km) set to 0 because source file does not include distance data.
1264,HZL-DARIBA - - HZL-ZAWAR MINES,HZL-DARIBA,HZL-ZAWAR MINES,imported,Total Distance (km) set to 0 because source file does not include distance data.
1265,"HZL-DARIBA - - IFFCO,KANDLA",HZL-DARIBA,"IFFCO,KANDLA",imported,Total Distance (km) set to 0 because source file does not include distance data.
1266,HZL-DARIBA - - IFFCO-KALOL UNIT,HZL-DARIBA,IFFCO-KALOL UNIT,imported,Total Distance (km) set to 0 because source file does not include distance data.
1267,HZL-DARIBA - - INDIAN PHOS LTD-UDAIPUR,HZL-DARIBA,INDIAN PHOS LTD-UDAIPUR,imported,Total Distance (km) set to 0 because source file does not include distance data.
1268,HZL-DARIBA - - JAY CHEMICAL VATVA,HZL-DARIBA,JAY CHEMICAL VATVA,imported,Total Distance (km) set to 0 because source file does not include distance data.
1269,HZL-DARIBA - - JAY CHEMICAL-KHAMBAT,HZL-DARIBA,JAY CHEMICAL-KHAMBAT,imported,Total Distance (km) set to 0 because source file does not include distance data.
1270,HZL-DARIBA - - JHAGADIA,HZL-DARIBA,JHAGADIA,imported,Total Distance (km) set to 0 because source file does not include distance data.
1271,HZL-DARIBA - - JUBILANT AGRI-CHITTORGARH,HZL-DARIBA,JUBILANT AGRI-CHITTORGARH,imported,Total Distance (km) set to 0 because source file does not include distance data.
1272,HZL-DARIBA - - KHAITAN CHEM & FER-DAHEJ,HZL-DARIBA,KHAITAN CHEM & FER-DAHEJ,imported,Total Distance (km) set to 0 because source file does not include distance data.
1273,HZL-DARIBA - - M.N. CHEM. SHIRPUR-PUNE,HZL-DARIBA,M.N. CHEM. SHIRPUR-PUNE,imported,Total Distance (km) set to 0 because source file does not include distance data.
1274,HZL-DARIBA - - M.N.SURF-PUNE,HZL-DARIBA,M.N.SURF-PUNE,imported,Total Distance (km) set to 0 because source file does not include distance data.
1275,"HZL-DARIBA - - MADHU SIL,BHAVNAGAR",HZL-DARIBA,"MADHU SIL,BHAVNAGAR",imported,Total Distance (km) set to 0 because source file does not include distance data.
1276,HZL-DARIBA - - MANDOLIA ORG.CHEM PVT.LTD-PANOLI,HZL-DARIBA,MANDOLIA ORG.CHEM PVT.LTD-PANOLI,imported,Total Distance (km) set to 0 because source file does not include distance data.
1277,HZL-DARIBA - - MANMOHAN CHEM-JHAGADIA,HZL-DARIBA,MMCPL-JHAGADIA,imported,Total Distance (km) set to 0 because source file does not include distance data.
1278,HZL-DARIBA - - MEGHMANI FINE CHEM-DAHEJ,HZL-DARIBA,MEGHMANI FINE CHEM-DAHEJ,imported,Total Distance (km) set to 0 because source file does not include distance data.
1279,HZL-DARIBA - - MEGHNAGAR,HZL-DARIBA,MEGHNAGAR,imported,Total Distance (km) set to 0 because source file does not include distance data.
1280,HZL-DARIBA - - MEHSANA,HZL-DARIBA,MEHSANA,imported,Total Distance (km) set to 0 because source file does not include distance data.
1281,HZL-DARIBA - - NEW INDIA DET. PVT LTD-SARIGAM,HZL-DARIBA,NEW INDIA DET. PVT LTD-SARIGAM,imported,Total Distance (km) set to 0 because source file does not include distance data.
1282,HZL-DARIBA - - NEW INDIA DETERGENT PVT LTD (MAHAD),HZL-DARIBA,NEW INDIA DETERGENT PVT LTD (MAHAD),imported,Total Distance (km) set to 0 because source file does not include distance data.
1283,HZL-DARIBA - - NEW INDIA DETERGENT-KUTCH,HZL-DARIBA,NEW INDIA DETERGENT-KUTCH,imported,Total Distance (km) set to 0 because source file does not include distance data.
1284,HZL-DARIBA - - NEW INDIA-NANDESARI,HZL-DARIBA,NEW INDIA-NANDESARI,imported,Total Distance (km) set to 0 because source file does not include distance data.
1285,HZL-DARIBA - - PATEL PHOSCHEM-UDAIPUR,HZL-DARIBA,PATEL PHOSCHEM-UDAIPUR,imported,Total Distance (km) set to 0 because source file does not include distance data.
1286,HZL-DARIBA - - RADHIKA NANDESARI,HZL-DARIBA,RADHIKA NANDESARI,imported,Total Distance (km) set to 0 because source file does not include distance data.
1287,HZL-DARIBA - - REVA MINE CHEM-PATAN,HZL-DARIBA,REVA MINE CHEM-PATAN,imported,Total Distance (km) set to 0 because source file does not include distance data.
1288,HZL-DARIBA - - S.V.I.-RAJKOT,HZL-DARIBA,S.V.I.-RAJKOT,imported,Total Distance (km) set to 0 because source file does not include distance data.
1289,HZL-DARIBA - - SHREE CEMENT LTD-BEAWAR,HZL-DARIBA,SHREE CEMENT LTD-BEAWAR,imported,Total Distance (km) set to 0 because source file does not include distance data.
1290,HZL-DARIBA - - SHREEJI LIQUID STORAGE TERMINAL-KANDLA,HZL-DARIBA,SHREEJI LIQUID STORAGE TERMINAL-KANDLA,imported,Total Distance (km) set to 0 because source file does not include distance data.
1291,HZL-DARIBA - - SRF-DAHEJ,HZL-DARIBA,SRF-DAHEJ,imported,Total Distance (km) set to 0 because source file does not include distance data.
1292,HZL-DARIBA - - TRANSWORLD F.P. PVT LTD-G.DHAM,HZL-DARIBA,TRANSWORLD F.P. PVT LTD-G.DHAM,imported,Total Distance (km) set to 0 because source file does not include distance data.
1293,HZL-DARIBA - - WANKSONS CHEMICAL-PANOL,HZL-DARIBA,WANKSONS CHEMICAL-PANOL,imported,Total Distance (km) set to 0 because source file does not include distance data.
1294,HZL-DARIBA - - YOGESHWAR-NAROL-A.BAD,HZL-DARIBA,YOGESHWAR-NAROL-A.BAD,imported,Total Distance (km) set to 0 because source file does not include distance data.
1295,HZL-DARIBA - - ZIL ORGANIC PVT-MEGHNAGAR,HZL-DARIBA,ZIL ORGANIC PVT-MEGHNAGAR,imported,Total Distance (km) set to 0 because source file does not include distance data.
1296,HZL-DARIBA - - ZJL ORGANIC PVT-MEGHNAGAR,HZL-DARIBA,ZJL ORGANIC PVT-MEGHNAGAR,imported,Total Distance (km) set to 0 because source file does not include distance data.
1297,HZL-DEBARI - - A.P.L. BHUJ,HZL-DEBARI,A.P.L. BHUJ,imported,Total Distance (km) set to 0 because source file does not include distance data.
1298,HZL-DEBARI - - AARTI IND.-JHAGADIA,HZL-DEBARI,AARTI IND.-JHAGADIA,imported,Total Distance (km) set to 0 because source file does not include distance data.
1299,HZL-DEBARI - - AHMEDABAD,HZL-DEBARI,KEMIT CHEMICALS PVT LTD-AHMEDABAD,imported,Total Distance (km) set to 0 because source file does not include distance data.
1300,HZL-DEBARI - - AHMEDABAD.,HZL-DEBARI,AHMEDABAD.,imported,Total Distance (km) set to 0 because source file does not include distance data.
1301,HZL-DEBARI - - ANKLESHWAR,HZL-DEBARI,ANKLESHWAR,imported,Total Distance (km) set to 0 because source file does not include distance data.
1302,"HZL-DEBARI - - ARIHANT DET,DHULIA",HZL-DEBARI,"ARIHANT DET,DHULIA",imported,Total Distance (km) set to 0 because source file does not include distance data.
1303,HZL-DEBARI - - AROMETIC-G DHAM-KUTCH,HZL-DEBARI,AROMETIC-G DHAM-KUTCH,imported,Total Distance (km) set to 0 because source file does not include distance data.
1304,HZL-DEBARI - - BECL-BHAVNAGAR,HZL-DEBARI,BECL-BHAVNAGAR,imported,Total Distance (km) set to 0 because source file does not include distance data.
1305,HZL-DEBARI - - BRIMSTONE AGRO-KANERA,HZL-DEBARI,BRIMSTONE AGRO-KANERA,imported,Total Distance (km) set to 0 because source file does not include distance data.
1306,HZL-DEBARI - - CIL -NANDESARI,HZL-DEBARI,CIL -NANDESARI,imported,Total Distance (km) set to 0 because source file does not include distance data.
1307,HZL-DEBARI - - CIL-NIMRANI KHARGONE(MP),HZL-DEBARI,CIL-NIMRANI KHARGONE(MP),imported,Total Distance (km) set to 0 because source file does not include distance data.
1308,HZL-DEBARI - - CIL-PALI (M.H.),HZL-DEBARI,CIL-PALI (M.H.),imported,Total Distance (km) set to 0 because source file does not include distance data.
1309,HZL-DEBARI - - CIL-UDAIPUR,HZL-DEBARI,CIL-UDAIPUR,imported,Total Distance (km) set to 0 because source file does not include distance data.
1310,HZL-DEBARI - - DAHEJ,HZL-DEBARI,DAHEJ,imported,Total Distance (km) set to 0 because source file does not include distance data.
1311,"HZL-DEBARI - - DEEPAK NIT, NANDESARI",HZL-DEBARI,"DEEPAK NIT, NANDESARI",imported,Total Distance (km) set to 0 because source file does not include distance data.
1312,HZL-DEBARI - - DHANLAXMI IND -A.BAD,HZL-DEBARI,DHANLAXMI IND -A.BAD,imported,Total Distance (km) set to 0 because source file does not include distance data.
1313,"HZL-DEBARI - - FENA LTD, SILVASSA",HZL-DEBARI,"FENA LTD, SILVASSA",imported,Total Distance (km) set to 0 because source file does not include distance data.
1314,HZL-DEBARI - - GFL-DAHEJ,HZL-DEBARI,GFL-DAHEJ,imported,Total Distance (km) set to 0 because source file does not include distance data.
1315,HZL-DEBARI - - GFL-RANJITNAGAR,HZL-DEBARI,GFL-RANJITNAGAR,imported,Total Distance (km) set to 0 because source file does not include distance data.
1316,HZL-DEBARI - - GSFC LTD. BARODA,HZL-DEBARI,GSFC LTD. BARODA,imported,Total Distance (km) set to 0 because source file does not include distance data.
1317,HZL-DEBARI - - GSFC LTD. SIKKA UNIT,HZL-DEBARI,GSFC LTD. SIKKA UNIT,imported,Total Distance (km) set to 0 because source file does not include distance data.
1318,HZL-DEBARI - - HARSH ORGENO-VATVA,HZL-DEBARI,HARSH ORGENO-VATVA,imported,Total Distance (km) set to 0 because source file does not include distance data.
1319,HZL-DEBARI - - HZL-DEBARI,HZL-DEBARI,HZL-DEBARI,imported,Total Distance (km) set to 0 because source file does not include distance data.
1320,HZL-DEBARI - - HZL-ZAWAR MINES,HZL-DEBARI,HZL-ZAWAR MINES,imported,Total Distance (km) set to 0 because source file does not include distance data.
1321,"HZL-DEBARI - - IFFCO,KANDLA",HZL-DEBARI,"IFFCO,KANDLA",imported,Total Distance (km) set to 0 because source file does not include distance data.
1322,HZL-DEBARI - - IFFCO-KALOL UNIT,HZL-DEBARI,IFFCO-KALOL UNIT,imported,Total Distance (km) set to 0 because source file does not include distance data.
1323,HZL-DEBARI - - IPF VIKRAM INDAI LTD-KURALI,HZL-DEBARI,IPF VIKRAM INDAI LTD-KURALI,imported,Total Distance (km) set to 0 because source file does not include distance data.
1324,HZL-DEBARI - - JAY CHEMICAL-KHAMBAT,HZL-DEBARI,JAY CHEMICAL-KHAMBAT,imported,Total Distance (km) set to 0 because source file does not include distance data.
1325,HZL-DEBARI - - KADI,HZL-DEBARI,KADI,imported,Total Distance (km) set to 0 because source file does not include distance data.
1326,HZL-DEBARI - - KALISINDH SUPER THERMAL POWER-JHALARAPATAN,HZL-DEBARI,KALISINDH SUPER THERMAL POWER-JHALARAPATAN,imported,Total Distance (km) set to 0 because source file does not include distance data.
1327,HZL-DEBARI - - KALOL,HZL-DEBARI,KALOL,imported,Total Distance (km) set to 0 because source file does not include distance data.
1328,HZL-DEBARI - - KCFL-DAHEJ,HZL-DEBARI,KCFL-DAHEJ,imported,Total Distance (km) set to 0 because source file does not include distance data.
1329,HZL-DEBARI - - KCIL-GANDHAIDHAM,HZL-DEBARI,KCIL-GANDHAIDHAM,imported,Total Distance (km) set to 0 because source file does not include distance data.
1330,"HZL-DEBARI - - KINJAL ORG,A'BAD.",HZL-DEBARI,"KINJAL ORG,A'BAD.",imported,Total Distance (km) set to 0 because source file does not include distance data.
1331,HZL-DEBARI - - M.N.SURF-PUNE,HZL-DEBARI,M.N.SURF-PUNE,imported,Total Distance (km) set to 0 because source file does not include distance data.
1332,"HZL-DEBARI - - MADHU SIL,BHAVNAGAR",HZL-DEBARI,"MADHU SIL,BHAVNAGAR",imported,Total Distance (km) set to 0 because source file does not include distance data.
1333,HZL-DEBARI - - MAHADHAN AGRITECH LTD-TALOJA,HZL-DEBARI,MAHADHAN AGRITECH LTD-TALOJA,imported,Total Distance (km) set to 0 because source file does not include distance data.
1334,HZL-DEBARI - - MEGHMANI IND LTD-DAHEJ,HZL-DEBARI,MEGHMANI IND LTD-DAHEJ,imported,Total Distance (km) set to 0 because source file does not include distance data.
1335,"HZL-DEBARI - - MMCPL,JHAGADIA",HZL-DEBARI,"MMCPL,JHAGADIA",imported,Total Distance (km) set to 0 because source file does not include distance data.
1336,HZL-DEBARI - - NAVDEEP ENT-SANAND,HZL-DEBARI,NAVDEEP ENT-SANAND,imported,Total Distance (km) set to 0 because source file does not include distance data.
1337,HZL-DEBARI - - NEW INDIA DETERGENT PVT LTD (MAHAD),HZL-DEBARI,NEW INDIA DETERGENT PVT LTD (MAHAD),imported,Total Distance (km) set to 0 because source file does not include distance data.
1338,"HZL-DEBARI - - ORGANIC IND,DAHEJ",HZL-DEBARI,"ORGANIC IND,DAHEJ",imported,Total Distance (km) set to 0 because source file does not include distance data.
1339,"HZL-DEBARI - - PANOLI INT , NANDESARI",HZL-DEBARI,"PANOLI INT , NANDESARI",imported,Total Distance (km) set to 0 because source file does not include distance data.
1340,HZL-DEBARI - - PUNE-(M.H.),HZL-DEBARI,PUNE-(M.H.),imported,Total Distance (km) set to 0 because source file does not include distance data.
1341,"HZL-DEBARI - - R.M.PHOSPHATE,DHULIA",HZL-DEBARI,"R.M.PHOSPHATE,DHULIA",imported,Total Distance (km) set to 0 because source file does not include distance data.
1342,HZL-DEBARI - - RADHIKA NANDESARI,HZL-DEBARI,RADHIKA NANDESARI,imported,Total Distance (km) set to 0 because source file does not include distance data.
1343,HZL-DEBARI - - RAJASTHAN,HZL-DEBARI,RAJASTHAN,imported,Total Distance (km) set to 0 because source file does not include distance data.
1344,HZL-DEBARI - - RAMAPURA AGUCHA MINES-(RAJ),HZL-DEBARI,RAMAPURA AGUCHA MINES-(RAJ),imported,Total Distance (km) set to 0 because source file does not include distance data.
1345,HZL-DEBARI - - RELIANCE SYNGAS LTD.-JAMNAGAR,HZL-DEBARI,RELIANCE SYNGAS LTD.-JAMNAGAR,imported,Total Distance (km) set to 0 because source file does not include distance data.
1346,HZL-DEBARI - - RESHMIKA MINERAL-PANOLI,HZL-DEBARI,RESHMIKA MINERAL-PANOLI,imported,Total Distance (km) set to 0 because source file does not include distance data.
1347,HZL-DEBARI - - REVA MINE CHEM-PATAN,HZL-DEBARI,REVA MINE CHEM-PATAN,imported,Total Distance (km) set to 0 because source file does not include distance data.
1348,HZL-DEBARI - - RIL-HAZIRA-SURAT,HZL-DEBARI,RIL-HAZIRA-SURAT,imported,Total Distance (km) set to 0 because source file does not include distance data.
1349,HZL-DEBARI - - RIL-MOTIKHAVDI-JAMNAGAR,HZL-DEBARI,RIL-MOTIKHAVDI-JAMNAGAR,imported,Total Distance (km) set to 0 because source file does not include distance data.
1350,HZL-DEBARI - - ROYAL CASTOR PROD.LTD-MEHASANA,HZL-DEBARI,ROYAL CASTOR PROD.LTD-MEHASANA,imported,Total Distance (km) set to 0 because source file does not include distance data.
1351,HZL-DEBARI - - S.KRISHNA.SILVASSA,HZL-DEBARI,S.KRISHNA.SILVASSA,imported,Total Distance (km) set to 0 because source file does not include distance data.
1352,HZL-DEBARI - - S.V.I.-RAJKOT,HZL-DEBARI,S.V.I.-RAJKOT,imported,Total Distance (km) set to 0 because source file does not include distance data.
1353,HZL-DEBARI - - SAP FINE CHEM-M.NAGAR,HZL-DEBARI,SAP FINE CHEM-M.NAGAR,imported,Total Distance (km) set to 0 because source file does not include distance data.
1354,HZL-DEBARI - - SHAKTI CHEMICAL-RAJKOT,HZL-DEBARI,SHAKTI CHEMICAL-RAJKOT,imported,Total Distance (km) set to 0 because source file does not include distance data.
1355,"HZL-DEBARI - - SHANTI AGRO,NAVSARI",HZL-DEBARI,"SHANTI AGRO,NAVSARI",imported,Total Distance (km) set to 0 because source file does not include distance data.
1356,HZL-DEBARI - - SHREE AMBICA-BHAVNAGAR,HZL-DEBARI,SHREE AMBICA-BHAVNAGAR,imported,Total Distance (km) set to 0 because source file does not include distance data.
1357,HZL-DEBARI - - SHREE CEMENT LTD-BEAWAR,HZL-DEBARI,SHREE CEMENT LTD-BEAWAR,imported,Total Distance (km) set to 0 because source file does not include distance data.
1358,HZL-DEBARI - - SHREEJI LIQUID STORAGE TERMINAL-KANDLA,HZL-DEBARI,SHREEJI LIQUID STORAGE TERMINAL-KANDLA,imported,Total Distance (km) set to 0 because source file does not include distance data.
1359,HZL-DEBARI - - UDAIPUR UNIT,HZL-DEBARI,UDAIPUR UNIT,imported,Total Distance (km) set to 0 because source file does not include distance data.
1360,HZL-DEBARI - - UMIYA ACID & CHEMICALS-HIMATNAGAR,HZL-DEBARI,UMIYA ACID & CHEMICALS-HIMATNAGAR,imported,Total Distance (km) set to 0 because source file does not include distance data.
1361,HZL-DEBARI - - VAPI,HZL-DEBARI,VAPI,imported,Total Distance (km) set to 0 because source file does not include distance data.
1362,HZL-DEBARI - - ZAWAR-RAJ,HZL-DEBARI,ZAWAR-RAJ,imported,Total Distance (km) set to 0 because source file does not include distance data.
1363,HZL-DEBARI - - ZJL ORGANIC PVT-MEGHNAGAR,HZL-DEBARI,ZJL ORGANIC PVT-MEGHNAGAR,imported,Total Distance (km) set to 0 because source file does not include distance data.
1364,HZL-KANDLA - - GSFC LTD. BARODA,HZL-KANDLA,GSFC LTD. BARODA,imported,Total Distance (km) set to 0 because source file does not include distance data.
1365,HZL-KANDLA - - GSFC LTD. SIKKA UNIT,HZL-KANDLA,GSFC LTD. SIKKA UNIT,imported,Total Distance (km) set to 0 because source file does not include distance data.
1366,INDIAN OIL CORP LTD-PARADEEP - - VACMET INDIA LTD-DHAR,INDIAN OIL CORP LTD-PARADEEP,VACMET INDIA LTD-DHAR,imported,Total Distance (km) set to 0 because source file does not include distance data.
1367,INDORAMA INDIA PVT LTD-HALDIA - - PRAYAGRAJ POWER GEN.COMPANY LTD-ALLAHABAD,INDORAMA INDIA PVT LTD-HALDIA,PRAYAGRAJ POWER GEN.COMPANY LTD-ALLAHABAD,imported,Total Distance (km) set to 0 because source file does not include distance data.
1368,INDORAMA INDIA PVT LTD-HALDIA - - RAIPUR RASAYAN UDYOG (C.G.),INDORAMA INDIA PVT LTD-HALDIA,RAIPUR RASAYAN UDYOG (C.G.),imported,Total Distance (km) set to 0 because source file does not include distance data.
1369,INDORE - - ADANI HAZIRA-SURAT,INDORE,ADANI HAZIRA-SURAT,imported,Total Distance (km) set to 0 because source file does not include distance data.
1370,INDUSTRIAL SOLVENT-ANK - - KATHMANDU-NEPAL.,INDUSTRIAL SOLVENT-ANK,KATHMANDU-NEPAL.,imported,Total Distance (km) set to 0 because source file does not include distance data.
1371,INDUSTRIAL SOLVENT-ANK - - NEPAL,INDUSTRIAL SOLVENT-ANK,NEPAL,imported,Total Distance (km) set to 0 because source file does not include distance data.
1372,IOL CHEMICALS & PHARMA-FATEGARH (PUNJAB) - - MOON LIGHT ENT-JAIPUR,IOL CHEMICALS & PHARMA-FATEGARH (PUNJAB),MOON LIGHT ENT-JAIPUR,imported,Total Distance (km) set to 0 because source file does not include distance data.
1373,ISHAN DYES & CHEMICAL-AMD - - MIRASH IND PVT LTD-DAHEJ,ISHAN DYES & CHEMICAL-AMD,MIRASH IND PVT LTD-DAHEJ,imported,Total Distance (km) set to 0 because source file does not include distance data.
1374,"ISHAN DYES & CHEMICAL-AMD - - RADHA MADHAV,SURAT",ISHAN DYES & CHEMICAL-AMD,"RADHA MADHAV,SURAT",imported,Total Distance (km) set to 0 because source file does not include distance data.
1375,J.N.P.T-MUMBAI - - AGPL-PIPAVAV,J.N.P.T-MUMBAI,AGPL-PIPAVAV,imported,Total Distance (km) set to 0 because source file does not include distance data.
1376,J.N.P.T-MUMBAI - - CHEMICAL ENTERPRISES-AKALTARA,J.N.P.T-MUMBAI,CHEMICAL ENTERPRISES-AKALTARA,imported,Total Distance (km) set to 0 because source file does not include distance data.
1377,J.N.P.T-MUMBAI - - CRG INDUSTRIES PVT. LTD-ROURKELA,J.N.P.T-MUMBAI,CRG INDUSTRIES PVT. LTD-ROURKELA,imported,Total Distance (km) set to 0 because source file does not include distance data.
1378,J.N.P.T-MUMBAI - - D.F.P.C.L.-DAHEJ,J.N.P.T-MUMBAI,D.F.P.C.L.-DAHEJ,imported,Total Distance (km) set to 0 because source file does not include distance data.
1379,J.N.P.T-MUMBAI - - DEEPAK NITRITE LTD-PIPAVAV,J.N.P.T-MUMBAI,DEEPAK NITRITE LTD-PIPAVAV,imported,Total Distance (km) set to 0 because source file does not include distance data.
1380,J.N.P.T-MUMBAI - - DEV CHEMICAL-BUTIBORI-NAGPUR,J.N.P.T-MUMBAI,DEV CHEMICAL-BUTIBORI-NAGPUR,imported,Total Distance (km) set to 0 because source file does not include distance data.
1381,J.N.P.T-MUMBAI - - DNL/IMC-LTD-PIPAVAV,J.N.P.T-MUMBAI,DNL/IMC-LTD-PIPAVAV,imported,Total Distance (km) set to 0 because source file does not include distance data.
1382,J.N.P.T-MUMBAI - - KREDENCE PERFORMANCE MATERIALS(I)P. LTD-VADODARA,J.N.P.T-MUMBAI,KREDENCE PERFORMANCE MATERIALS(I)P. LTD-VADODARA,imported,Total Distance (km) set to 0 because source file does not include distance data.
1383,J.N.P.T-MUMBAI - - RASAYAN UDYOG-DHANBAD,J.N.P.T-MUMBAI,RASAYAN UDYOG-DHANBAD,imported,Total Distance (km) set to 0 because source file does not include distance data.
1384,J.N.P.T-MUMBAI - - RASAYAN UDYOG-SINGRAULI,J.N.P.T-MUMBAI,RASAYAN UDYOG-SINGRAULI,imported,Total Distance (km) set to 0 because source file does not include distance data.
1385,J.N.P.T-MUMBAI - - SHRI KRISHNA ENT-JALESAR,J.N.P.T-MUMBAI,SHRI KRISHNA ENT-JALESAR,imported,Total Distance (km) set to 0 because source file does not include distance data.
1386,J.N.P.T-MUMBAI - - TANAY INORGANICS PVT. LTD-NAGPUR,J.N.P.T-MUMBAI,TANAY INORGANICS PVT. LTD-NAGPUR,imported,Total Distance (km) set to 0 because source file does not include distance data.
1387,JAI BAJARANGBALI CHEM IND-HOWRAH - - AGARWAL CHEMICALS-RAIPUR,JAI BAJARANGBALI CHEM IND-HOWRAH,AGARWAL CHEMICALS-RAIPUR,imported,Total Distance (km) set to 0 because source file does not include distance data.
1388,JAI BAJARANGBALI CHEM IND-HOWRAH - - ALLIED CHEMICAL IND-PRAYAGRAJ,JAI BAJARANGBALI CHEM IND-HOWRAH,ALLIED CHEMICAL IND-PRAYAGRAJ,imported,Total Distance (km) set to 0 because source file does not include distance data.
1389,JAI BAJARANGBALI CHEM IND-HOWRAH - - B.ROSHANLAL CHEMICALS(M.P.),JAI BAJARANGBALI CHEM IND-HOWRAH,B.ROSHANLAL CHEMICALS(M.P.),imported,Total Distance (km) set to 0 because source file does not include distance data.
1390,JAI BAJARANGBALI CHEM IND-HOWRAH - - COLOUR CHROMES PVT LTD-JAUNPUR,JAI BAJARANGBALI CHEM IND-HOWRAH,COLOUR CHROMES PVT LTD-JAUNPUR,imported,Total Distance (km) set to 0 because source file does not include distance data.
1391,JAI BAJARANGBALI CHEM IND-HOWRAH - - MAYUR DYE CHEM-PADRA,JAI BAJARANGBALI CHEM IND-HOWRAH,MAYUR DYE CHEM-PADRA,imported,Total Distance (km) set to 0 because source file does not include distance data.
1392,JAI BAJARANGBALI CHEM IND-HOWRAH - - RAIPUR RASAYAN UDYOG (C.G.),JAI BAJARANGBALI CHEM IND-HOWRAH,RAIPUR RASAYAN UDYOG (C.G.),imported,Total Distance (km) set to 0 because source file does not include distance data.
1393,JAI BAJARANGBALI CHEM IND-HOWRAH - - ROURKELA STEEL PLANT-(W.B.),JAI BAJARANGBALI CHEM IND-HOWRAH,ROURKELA STEEL PLANT-(W.B.),imported,Total Distance (km) set to 0 because source file does not include distance data.
1394,JAI BAJARANGBALI CHEM IND-HOWRAH - - RSPL LIMITED-RAIPUR UNIT,JAI BAJARANGBALI CHEM IND-HOWRAH,RSPL LIMITED-RAIPUR UNIT,imported,Total Distance (km) set to 0 because source file does not include distance data.
1395,JAI BAJARANGBALI CHEM IND-HOWRAH - - SULUX PHOS/AJMERA ENT-UDIPUR,JAI BAJARANGBALI CHEM IND-HOWRAH,SULUX PHOS/AJMERA ENT-UDIPUR,imported,Total Distance (km) set to 0 because source file does not include distance data.
1396,JAI BAJARANGBALI CHEM IND-HOWRAH - - VISHNU CHEMICAL-BHILAI,JAI BAJARANGBALI CHEM IND-HOWRAH,VISHNU CHEMICAL-BHILAI,imported,Total Distance (km) set to 0 because source file does not include distance data.
1397,JAI DURGA ENTERPRISES-PANI PAT - - JAI KISAN AGRO PRODUCT-INDORE,JAI DURGA ENTERPRISES-PANI PAT,JAI KISAN AGRO PRODUCT-INDORE,imported,Total Distance (km) set to 0 because source file does not include distance data.
1398,JAJPUR - - RASAYAN UDYOG-DHANBAD,JAJPUR,RASAYAN UDYOG-DHANBAD,imported,Total Distance (km) set to 0 because source file does not include distance data.
1399,JAKSH CASTOR PRODUCTS LTD-GAJERA - - SANJAY SOLVEX PVT LTD-LUDHIYANA,JAKSH CASTOR PRODUCTS LTD-GAJERA,SANJAY SOLVEX PVT LTD-LUDHIYANA,imported,Total Distance (km) set to 0 because source file does not include distance data.
1400,JATAN GREENTECH PVT LTD-PARADEEP-ODISHA - - GODHREJ CONSUMER PRODUCTS-MALANPUR(M.P),JATAN GREENTECH PVT LTD-PARADEEP-ODISHA,GODHREJ CONSUMER PRODUCTS-MALANPUR(M.P),imported,Total Distance (km) set to 0 because source file does not include distance data.
1401,JAY CHEMICAL-KHAMBAT - - AHMEDABAD,JAY CHEMICAL-KHAMBAT,KEMIT CHEMICALS PVT LTD-AHMEDABAD,imported,Total Distance (km) set to 0 because source file does not include distance data.
1402,JAY CHEMICAL-KHAMBAT - - J.S.M.N.CHEM-UDAIPUR,JAY CHEMICAL-KHAMBAT,J.S.M.N.CHEM-UDAIPUR,imported,Total Distance (km) set to 0 because source file does not include distance data.
1403,JAY CHEMICAL-KHAMBAT - - UDAIPUR UNIT,JAY CHEMICAL-KHAMBAT,UDAIPUR UNIT,imported,Total Distance (km) set to 0 because source file does not include distance data.
1404,"JAYA SPECIALITY CHEMICALS (C.G) - - COLOUR TEX,SURAT",JAYA SPECIALITY CHEMICALS (C.G),"COLOUR TEX,SURAT",imported,Total Distance (km) set to 0 because source file does not include distance data.
1405,JAYANT AGRO ORGANIC-DHANORA - - PAYAL POYPLAST P.LTD-DAMAN,JAYANT AGRO ORGANIC-DHANORA,PAYAL POYPLAST P.LTD-DAMAN,imported,Total Distance (km) set to 0 because source file does not include distance data.
1406,JAYSHREE SOLVEX (I) PVT LTD-DURG - - FAIRCHEM ORGANICS LTD-SANAND,JAYSHREE SOLVEX (I) PVT LTD-DURG,FAIRCHEM ORGANICS LTD-SANAND,imported,Total Distance (km) set to 0 because source file does not include distance data.
1407,JAYSHREE SOLVEX (I) PVT LTD-DURG - - RASAYAN UDYOG-DHANBAD,JAYSHREE SOLVEX (I) PVT LTD-DURG,RASAYAN UDYOG-DHANBAD,imported,Total Distance (km) set to 0 because source file does not include distance data.
1408,"JINDAL ST.STEEL-JAJPUR,ORISSA - - JAIPUR","JINDAL ST.STEEL-JAJPUR,ORISSA",JAIPUR,imported,Total Distance (km) set to 0 because source file does not include distance data.
1409,K.C.F.L.-NIMABHAHRA - - MEGHMANI FINE CHEM-DAHEJ,K.C.F.L.-NIMABHAHRA,MEGHMANI FINE CHEM-DAHEJ,imported,Total Distance (km) set to 0 because source file does not include distance data.
1410,KALKI CHEMICAL-NANDESARI - - DALMIA CEMENT BHARAT LTD-YADWAD,KALKI CHEMICAL-NANDESARI,DALMIA CEMENT BHARAT LTD-YADWAD,imported,Total Distance (km) set to 0 because source file does not include distance data.
1411,KALURAM FOOD PRODUCT-WASHIM (M.S.) - - SAP OLEO CHEM PVT LTD-KURKUMBH-M.H,KALURAM FOOD PRODUCT-WASHIM (M.S.),SAP OLEO CHEM PVT LTD-KURKUMBH-M.H,imported,Total Distance (km) set to 0 because source file does not include distance data.
1412,KALYANI SOLVEX PVT LTD-WEST BENGAL - - JAY KEY CHEMICALS-INDOR,KALYANI SOLVEX PVT LTD-WEST BENGAL,JAY KEY CHEMICALS-INDOR,imported,Total Distance (km) set to 0 because source file does not include distance data.
1413,KAMAL SOLVENT EXT-(C.G) - - FAIRCHEM ORG LTD-AMD,KAMAL SOLVENT EXT-(C.G),FAIRCHEM ORG LTD-AMD,imported,Total Distance (km) set to 0 because source file does not include distance data.
1414,KANDLA - - GODHREJ CONSUMER PRODUCTS-MALANPUR(M.P),KANDLA,GODHREJ CONSUMER PRODUCTS-MALANPUR(M.P),imported,Total Distance (km) set to 0 because source file does not include distance data.
1415,KANPUR - - INDORE,KANPUR,INDORE,imported,Total Distance (km) set to 0 because source file does not include distance data.
1416,KASYAP SWEETNERS LIMITED-M.P - - RASAYAN UDYOG-DHANBAD,KASYAP SWEETNERS LIMITED-M.P,RASAYAN UDYOG-DHANBAD,imported,Total Distance (km) set to 0 because source file does not include distance data.
1417,KAYRPEE VANIJYA PVT LTD - BASKA - - KAYRPEE VANIJYA-HALOL,KAYRPEE VANIJYA PVT LTD - BASKA,KAYRPEE VANIJYA-HALOL,imported,Total Distance (km) set to 0 because source file does not include distance data.
1418,KCFL-NIMRANI - - KCFL-DAHEJ,KCFL-NIMRANI,KCFL-DAHEJ,imported,Total Distance (km) set to 0 because source file does not include distance data.
1419,"KCFL-NIMRANI - - MMCPL,JHAGADIA",KCFL-NIMRANI,"MMCPL,JHAGADIA",imported,Total Distance (km) set to 0 because source file does not include distance data.
1420,KCIL-G.DHAM - - AKSHAY CHEMICALS-ANK,KCIL-G.DHAM,AKSHAY CHEMICALS-ANK,imported,Total Distance (km) set to 0 because source file does not include distance data.
1421,KCIL-G.DHAM - - ATUL LIMITED-VALSAD,KCIL-G.DHAM,ATUL LIMITED-VALSAD,imported,Total Distance (km) set to 0 because source file does not include distance data.
1422,KCIL-G.DHAM - - HARSH CHEMICALS-BALOTRA,KCIL-G.DHAM,HARSH CHEMICALS-BALOTRA,imported,Total Distance (km) set to 0 because source file does not include distance data.
1423,KCIL-G.DHAM - - HEMANI CHEMI ORG-VAPI,KCIL-G.DHAM,HEMANI CHEMI ORG-VAPI,imported,Total Distance (km) set to 0 because source file does not include distance data.
1424,KCIL-G.DHAM - - KAYRPEE VANIJYA-HALOL,KCIL-G.DHAM,KAYRPEE VANIJYA-HALOL,imported,Total Distance (km) set to 0 because source file does not include distance data.
1425,"KCIL-G.DHAM - - PANOLI INT , NANDESARI",KCIL-G.DHAM,"PANOLI INT , NANDESARI",imported,Total Distance (km) set to 0 because source file does not include distance data.
1426,KCIL-G.DHAM - - RUCHI PETRO PLAST-DAHEJ,KCIL-G.DHAM,RUCHI PETRO PLAST-DAHEJ,imported,Total Distance (km) set to 0 because source file does not include distance data.
1427,KCIL-G.DHAM - - VAPI,KCIL-G.DHAM,VAPI,imported,Total Distance (km) set to 0 because source file does not include distance data.
1428,KCIL-GANDHAIDHAM - - A.P.L. BHUJ,KCIL-GANDHAIDHAM,A.P.L. BHUJ,imported,Total Distance (km) set to 0 because source file does not include distance data.
1429,KCIL-GANDHAIDHAM - - A.R.BHANDARI-INDORE,KCIL-GANDHAIDHAM,A.R.BHANDARI-INDORE,imported,Total Distance (km) set to 0 because source file does not include distance data.
1430,KCIL-GANDHAIDHAM - - AARTI INDUSTRIES LTD-VAPI,KCIL-GANDHAIDHAM,AARTI INDUSTRIES LTD-VAPI,imported,Total Distance (km) set to 0 because source file does not include distance data.
1431,KCIL-GANDHAIDHAM - - ABHISHEK ACID & CHEM-BHILWARA,KCIL-GANDHAIDHAM,ABHISHEK ACID & CHEM-BHILWARA,imported,Total Distance (km) set to 0 because source file does not include distance data.
1432,KCIL-GANDHAIDHAM - - ADANI HAZIRA-SURAT,KCIL-GANDHAIDHAM,ADANI HAZIRA-SURAT,imported,Total Distance (km) set to 0 because source file does not include distance data.
1433,KCIL-GANDHAIDHAM - - ADHEESHA PHOSPHATE-UDAIPUR,KCIL-GANDHAIDHAM,ADHEESHA PHOSPHATE-UDAIPUR,imported,Total Distance (km) set to 0 because source file does not include distance data.
1434,KCIL-GANDHAIDHAM - - AEIDAN INDUSTRIES-JHAGADIA,KCIL-GANDHAIDHAM,AEIDAN INDUSTRIES-JHAGADIA,imported,Total Distance (km) set to 0 because source file does not include distance data.
1435,KCIL-GANDHAIDHAM - - AKSHAR CHEM INDIA-MEHSANA,KCIL-GANDHAIDHAM,AKSHAR CHEM INDIA-MEHSANA,imported,Total Distance (km) set to 0 because source file does not include distance data.
1436,KCIL-GANDHAIDHAM - - AMBUJA INTERMEDIATES-MEHSANA,KCIL-GANDHAIDHAM,AMBUJA INTERMEDIATES-MEHSANA,imported,Total Distance (km) set to 0 because source file does not include distance data.
1437,KCIL-GANDHAIDHAM - - AMI PIGMENT PVT-VATVA,KCIL-GANDHAIDHAM,AMI PIGMENT PVT-VATVA,imported,Total Distance (km) set to 0 because source file does not include distance data.
1438,KCIL-GANDHAIDHAM - - ARIES COLOUR CHEM-DAHEJ,KCIL-GANDHAIDHAM,ARIES COLOUR CHEM-DAHEJ,imported,Total Distance (km) set to 0 because source file does not include distance data.
1439,KCIL-GANDHAIDHAM - - AROMATICS INDIA PVT LTD-UDAIPUR,KCIL-GANDHAIDHAM,AROMATICS INDIA PVT LTD-UDAIPUR,imported,Total Distance (km) set to 0 because source file does not include distance data.
1440,KCIL-GANDHAIDHAM - - ASCENT FINECHEM-AMD,KCIL-GANDHAIDHAM,ASCENT FINECHEM-AMD,imported,Total Distance (km) set to 0 because source file does not include distance data.
1441,KCIL-GANDHAIDHAM - - ATUL LIMITED-VALSAD,KCIL-GANDHAIDHAM,ATUL LIMITED-VALSAD,imported,Total Distance (km) set to 0 because source file does not include distance data.
1442,"KCIL-GANDHAIDHAM - - ATUL LTD,ANKLESHWAR",KCIL-GANDHAIDHAM,"ATUL LTD,ANKLESHWAR",imported,Total Distance (km) set to 0 because source file does not include distance data.
1443,KCIL-GANDHAIDHAM - - AVDHOOT CHEMICAL-ANK,KCIL-GANDHAIDHAM,AVDHOOT CHEMICAL-ANK,imported,Total Distance (km) set to 0 because source file does not include distance data.
1444,KCIL-GANDHAIDHAM - - AVSL IND-HALOL,KCIL-GANDHAIDHAM,AVSL IND-HALOL,imported,Total Distance (km) set to 0 because source file does not include distance data.
1445,KCIL-GANDHAIDHAM - - BAYER VAPI PVT LTD-VAPI,KCIL-GANDHAIDHAM,BAYER VAPI PVT LTD-VAPI,imported,Total Distance (km) set to 0 because source file does not include distance data.
1446,KCIL-GANDHAIDHAM - - BHARAT RASAYAN-DAHEJ,KCIL-GANDHAIDHAM,BHARAT RASAYAN-DAHEJ,imported,Total Distance (km) set to 0 because source file does not include distance data.
1447,KCIL-GANDHAIDHAM - - BHILWARA.,KCIL-GANDHAIDHAM,BHILWARA.,imported,Total Distance (km) set to 0 because source file does not include distance data.
1448,KCIL-GANDHAIDHAM - - BHOOMI PHOS-UDAIPUR,KCIL-GANDHAIDHAM,BHOOMI PHOS-UDAIPUR,imported,Total Distance (km) set to 0 because source file does not include distance data.
1449,KCIL-GANDHAIDHAM - - BODAL CHEMICAL LTD-SAYKHA,KCIL-GANDHAIDHAM,BODAL CHEMICAL LTD-SAYKHA,imported,Total Distance (km) set to 0 because source file does not include distance data.
1450,KCIL-GANDHAIDHAM - - BODAL CHEMICALS LTD-UNIT-VII,KCIL-GANDHAIDHAM,BODAL CHEMICALS LTD-UNIT-VII,imported,Total Distance (km) set to 0 because source file does not include distance data.
1451,KCIL-GANDHAIDHAM - - BODAL-PADRA,KCIL-GANDHAIDHAM,BODAL-PADRA,imported,Total Distance (km) set to 0 because source file does not include distance data.
1452,KCIL-GANDHAIDHAM - - CIL -NANDESARI,KCIL-GANDHAIDHAM,CIL -NANDESARI,imported,Total Distance (km) set to 0 because source file does not include distance data.
1453,KCIL-GANDHAIDHAM - - CIL-MUNIRABAD RS-KARNATAKA,KCIL-GANDHAIDHAM,CIL-MUNIRABAD RS-KARNATAKA,imported,Total Distance (km) set to 0 because source file does not include distance data.
1454,KCIL-GANDHAIDHAM - - CIL-UDAIPUR,KCIL-GANDHAIDHAM,CIL-UDAIPUR,imported,Total Distance (km) set to 0 because source file does not include distance data.
1455,KCIL-GANDHAIDHAM - - DAHEJ,KCIL-GANDHAIDHAM,DAHEJ,imported,Total Distance (km) set to 0 because source file does not include distance data.
1456,KCIL-GANDHAIDHAM - - DHARTI ENTERPRISES-DAHEJ,KCIL-GANDHAIDHAM,DHARTI ENTERPRISES-DAHEJ,imported,Total Distance (km) set to 0 because source file does not include distance data.
1457,KCIL-GANDHAIDHAM - - DHOLU EARTH IND-BHUJ,KCIL-GANDHAIDHAM,DHOLU EARTH IND-BHUJ,imported,Total Distance (km) set to 0 because source file does not include distance data.
1458,KCIL-GANDHAIDHAM - - GACL-BARODA,KCIL-GANDHAIDHAM,GACL-BARODA,imported,Total Distance (km) set to 0 because source file does not include distance data.
1459,KCIL-GANDHAIDHAM - - GACL-DAHEJ,KCIL-GANDHAIDHAM,GACL-DAHEJ,imported,Total Distance (km) set to 0 because source file does not include distance data.
1460,KCIL-GANDHAIDHAM - - GFL-DAHEJ,KCIL-GANDHAIDHAM,GFL-DAHEJ,imported,Total Distance (km) set to 0 because source file does not include distance data.
1461,KCIL-GANDHAIDHAM - - GFL-RANJITNAGAR,KCIL-GANDHAIDHAM,GFL-RANJITNAGAR,imported,Total Distance (km) set to 0 because source file does not include distance data.
1462,KCIL-GANDHAIDHAM - - GHARDA CHEMICALS-PANOLI,KCIL-GANDHAIDHAM,GHARDA CHEMICALS-PANOLI,imported,Total Distance (km) set to 0 because source file does not include distance data.
1463,KCIL-GANDHAIDHAM - - GRASIM IND LTD-VILAYAT BHARUCH,KCIL-GANDHAIDHAM,GRASIM IND LTD-VILAYAT BHARUCH,imported,Total Distance (km) set to 0 because source file does not include distance data.
1464,KCIL-GANDHAIDHAM - - GREEN FIELD IND-ALWAR,KCIL-GANDHAIDHAM,GREEN FIELD IND-ALWAR,imported,Total Distance (km) set to 0 because source file does not include distance data.
1465,KCIL-GANDHAIDHAM - - GUJRAT CREDO ALUMINE CHEMICALS.ADANI.PORT-MUNDRA,KCIL-GANDHAIDHAM,GUJRAT CREDO ALUMINE CHEMICALS.ADANI.PORT-MUNDRA,imported,Total Distance (km) set to 0 because source file does not include distance data.
1466,KCIL-GANDHAIDHAM - - H.J.AROCHEM-AMD,KCIL-GANDHAIDHAM,H.J.AROCHEM-AMD,imported,Total Distance (km) set to 0 because source file does not include distance data.
1467,KCIL-GANDHAIDHAM - - HARSH CHEMICALS-BALOTRA,KCIL-GANDHAIDHAM,HARSH CHEMICALS-BALOTRA,imported,Total Distance (km) set to 0 because source file does not include distance data.
1468,KCIL-GANDHAIDHAM - - HEMANI CHEEM -VAPI,KCIL-GANDHAIDHAM,HEMANI CHEEM -VAPI,imported,Total Distance (km) set to 0 because source file does not include distance data.
1469,KCIL-GANDHAIDHAM - - HEMANI CHEMI ORG-VAPI,KCIL-GANDHAIDHAM,HEMANI CHEMI ORG-VAPI,imported,Total Distance (km) set to 0 because source file does not include distance data.
1470,"KCIL-GANDHAIDHAM - - IFFCO,KANDLA",KCIL-GANDHAIDHAM,"IFFCO,KANDLA",imported,Total Distance (km) set to 0 because source file does not include distance data.
1471,KCIL-GANDHAIDHAM - - J S MINCHEM-UDAIPUR,KCIL-GANDHAIDHAM,J S MINCHEM-UDAIPUR,imported,Total Distance (km) set to 0 because source file does not include distance data.
1472,KCIL-GANDHAIDHAM - - JANKI CORP.LTD-BHILWARA,KCIL-GANDHAIDHAM,JANKI CORP.LTD-BHILWARA,imported,Total Distance (km) set to 0 because source file does not include distance data.
1473,KCIL-GANDHAIDHAM - - JAY CHEMICAL VATVA,KCIL-GANDHAIDHAM,JAY CHEMICAL VATVA,imported,Total Distance (km) set to 0 because source file does not include distance data.
1474,KCIL-GANDHAIDHAM - - JAY CHEMICAL-KHAMBAT,KCIL-GANDHAIDHAM,JAY CHEMICAL-KHAMBAT,imported,Total Distance (km) set to 0 because source file does not include distance data.
1475,KCIL-GANDHAIDHAM - - JUBILANT AGRI & CONSUMER PRODUCT-GAJRAULA,KCIL-GANDHAIDHAM,JUBILANT AGRI & CONSUMER PRODUCT-GAJRAULA,imported,Total Distance (km) set to 0 because source file does not include distance data.
1476,KCIL-GANDHAIDHAM - - JUBILANT INGREVIA LTD-GAJRAULA,KCIL-GANDHAIDHAM,JUBILANT INGREVIA LTD-GAJRAULA,imported,Total Distance (km) set to 0 because source file does not include distance data.
1477,KCIL-GANDHAIDHAM - - KCIL-G.DHAM,KCIL-GANDHAIDHAM,KCIL-G.DHAM,imported,Total Distance (km) set to 0 because source file does not include distance data.
1478,KCIL-GANDHAIDHAM - - K-FLEX INDIA PVT LTD.-RANJANGAON (M.H.),KCIL-GANDHAIDHAM,K-FLEX INDIA PVT LTD.-RANJANGAON (M.H.),imported,Total Distance (km) set to 0 because source file does not include distance data.
1479,KCIL-GANDHAIDHAM - - LONSEN KIRI CHEM (DUDHAWADA),KCIL-GANDHAIDHAM,LONSEN KIRI CHEM (DUDHAWADA),imported,Total Distance (km) set to 0 because source file does not include distance data.
1480,"KCIL-GANDHAIDHAM - - LUNA CHEM IND-PVT LTD,VAGRA-BHARUCH",KCIL-GANDHAIDHAM,"LUNA CHEM IND-PVT LTD,VAGRA-BHARUCH",imported,Total Distance (km) set to 0 because source file does not include distance data.
1481,KCIL-GANDHAIDHAM - - MAHALAXMI RUBTECH LTD-SANAND,KCIL-GANDHAIDHAM,MAHALAXMI RUBTECH LTD-SANAND,imported,Total Distance (km) set to 0 because source file does not include distance data.
1482,KCIL-GANDHAIDHAM - - MALWA OXYGEN & INDL-M.P,KCIL-GANDHAIDHAM,MALWA OXYGEN & INDL-M.P,imported,Total Distance (km) set to 0 because source file does not include distance data.
1483,KCIL-GANDHAIDHAM - - MAYUR DYE CHEM-PADRA,KCIL-GANDHAIDHAM,MAYUR DYE CHEM-PADRA,imported,Total Distance (km) set to 0 because source file does not include distance data.
1484,KCIL-GANDHAIDHAM - - MAYUR DYECHEM LTD-VATVA-AMD,KCIL-GANDHAIDHAM,MAYUR DYECHEM LTD-VATVA-AMD,imported,Total Distance (km) set to 0 because source file does not include distance data.
1485,KCIL-GANDHAIDHAM - - MEGHMANI PIGMENTS-VATVA,KCIL-GANDHAIDHAM,MEGHMANI PIGMENTS-VATVA,imported,Total Distance (km) set to 0 because source file does not include distance data.
1486,KCIL-GANDHAIDHAM - - NANDOSAL CHEM IND-VAPI,KCIL-GANDHAIDHAM,NANDOSAL CHEM IND-VAPI,imported,Total Distance (km) set to 0 because source file does not include distance data.
1487,KCIL-GANDHAIDHAM - - NAVDEEP ENT-SANAND,KCIL-GANDHAIDHAM,NAVDEEP ENT-SANAND,imported,Total Distance (km) set to 0 because source file does not include distance data.
1488,KCIL-GANDHAIDHAM - - NAVPAD PIGMENT-CHATRAL,KCIL-GANDHAIDHAM,NAVPAD PIGMENT-CHATRAL,imported,Total Distance (km) set to 0 because source file does not include distance data.
1489,KCIL-GANDHAIDHAM - - NAYARA ENERGY LTD-VADINAR-J.NAGAR,KCIL-GANDHAIDHAM,NAYARA ENERGY LTD-VADINAR-J.NAGAR,imported,Total Distance (km) set to 0 because source file does not include distance data.
1490,KCIL-GANDHAIDHAM - - NEW INDIA DETERGENT-KUTCH,KCIL-GANDHAIDHAM,NEW INDIA DETERGENT-KUTCH,imported,Total Distance (km) set to 0 because source file does not include distance data.
1491,KCIL-GANDHAIDHAM - - NIRMANK COR-BHILWARA,KCIL-GANDHAIDHAM,NIRMANK COR-BHILWARA,imported,Total Distance (km) set to 0 because source file does not include distance data.
1492,KCIL-GANDHAIDHAM - - OM CHEMICAL-(BRD),KCIL-GANDHAIDHAM,OM CHEMICAL-(BRD),imported,Total Distance (km) set to 0 because source file does not include distance data.
1493,KCIL-GANDHAIDHAM - - PAM ORGANICS-VAPI,KCIL-GANDHAIDHAM,PAM ORGANICS-VAPI,imported,Total Distance (km) set to 0 because source file does not include distance data.
1494,"KCIL-GANDHAIDHAM - - PANOLI INT , NANDESARI",KCIL-GANDHAIDHAM,"PANOLI INT , NANDESARI",imported,Total Distance (km) set to 0 because source file does not include distance data.
1495,KCIL-GANDHAIDHAM - - PANOLI INTERMEDIATES-JHAGADIA,KCIL-GANDHAIDHAM,PANOLI INTERMEDIATES-JHAGADIA,imported,Total Distance (km) set to 0 because source file does not include distance data.
1496,KCIL-GANDHAIDHAM - - PANOLI-N.SARI/YASHASHVI-DAHEJ,KCIL-GANDHAIDHAM,PANOLI-N.SARI/YASHASHVI-DAHEJ,imported,Total Distance (km) set to 0 because source file does not include distance data.
1497,KCIL-GANDHAIDHAM - - PI INDUSTRIES-PANOLI,KCIL-GANDHAIDHAM,PI INDUSTRIES-PANOLI,imported,Total Distance (km) set to 0 because source file does not include distance data.
1498,KCIL-GANDHAIDHAM - - PIDILITE IND-VAPI,KCIL-GANDHAIDHAM,PIDILITE IND-VAPI,imported,Total Distance (km) set to 0 because source file does not include distance data.
1499,KCIL-GANDHAIDHAM - - PRAGNA LIFE SCIENCE-PANOLI,KCIL-GANDHAIDHAM,PRAGNA LIFE SCIENCE-PANOLI,imported,Total Distance (km) set to 0 because source file does not include distance data.
1500,"KCIL-GANDHAIDHAM - - PREM SAKHI,UDAIPUR",KCIL-GANDHAIDHAM,"PREM SAKHI,UDAIPUR",imported,Total Distance (km) set to 0 because source file does not include distance data.
1501,KCIL-GANDHAIDHAM - - R.I.L.JAMNAGAR,KCIL-GANDHAIDHAM,R.I.L.JAMNAGAR,imported,Total Distance (km) set to 0 because source file does not include distance data.
1502,KCIL-GANDHAIDHAM - - RADHIKA NANDESARI,KCIL-GANDHAIDHAM,RADHIKA NANDESARI,imported,Total Distance (km) set to 0 because source file does not include distance data.
1503,KCIL-GANDHAIDHAM - - RANKA ORGANICS-UDAIPUR,KCIL-GANDHAIDHAM,RANKA ORGANICS-UDAIPUR,imported,Total Distance (km) set to 0 because source file does not include distance data.
1504,KCIL-GANDHAIDHAM - - RESPONSIVE IND. LTD-BOISER,KCIL-GANDHAIDHAM,RESPONSIVE IND. LTD-BOISER,imported,Total Distance (km) set to 0 because source file does not include distance data.
1505,KCIL-GANDHAIDHAM - - RIL-DAHEJ,KCIL-GANDHAIDHAM,RIL-DAHEJ,imported,Total Distance (km) set to 0 because source file does not include distance data.
1506,KCIL-GANDHAIDHAM - - RIL-HAZIRA-SURAT,KCIL-GANDHAIDHAM,RIL-HAZIRA-SURAT,imported,Total Distance (km) set to 0 because source file does not include distance data.
1507,KCIL-GANDHAIDHAM - - RIL-NAGOTHANE,KCIL-GANDHAIDHAM,RIL-NAGOTHANE,imported,Total Distance (km) set to 0 because source file does not include distance data.
1508,KCIL-GANDHAIDHAM - - RIL-VADODARA,KCIL-GANDHAIDHAM,RIL-VADODARA,imported,Total Distance (km) set to 0 because source file does not include distance data.
1509,KCIL-GANDHAIDHAM - - RUCHI PETRO PLAST-DAHEJ,KCIL-GANDHAIDHAM,RUCHI PETRO PLAST-DAHEJ,imported,Total Distance (km) set to 0 because source file does not include distance data.
1510,KCIL-GANDHAIDHAM - - RUCHI PETRO PLAST-DAHEJ,KCIL-GANDHAIDHAM,RUCHI PETRO PLAST-DAHEJ,deduped,Exact duplicate skipped
1511,KCIL-GANDHAIDHAM - - SHREE SULPHAMIC- ANK,KCIL-GANDHAIDHAM,SHREE SULPHAMIC- ANK,imported,Total Distance (km) set to 0 because source file does not include distance data.
1512,KCIL-GANDHAIDHAM - - SHREEJI IND-DAHEJ,KCIL-GANDHAIDHAM,SHREEJI IND-DAHEJ,imported,Total Distance (km) set to 0 because source file does not include distance data.
1513,KCIL-GANDHAIDHAM - - SHREEJI INDUSTRIES-DAHEJ,KCIL-GANDHAIDHAM,SHREEJI INDUSTRIES-DAHEJ,imported,Total Distance (km) set to 0 because source file does not include distance data.
1514,KCIL-GANDHAIDHAM - - SHREEJI LIQUID STORAGE TERMINAL-KANDLA,KCIL-GANDHAIDHAM,SHREEJI LIQUID STORAGE TERMINAL-KANDLA,imported,Total Distance (km) set to 0 because source file does not include distance data.
1515,KCIL-GANDHAIDHAM - - SNIGDHA BASIC CHEM-INDORE,KCIL-GANDHAIDHAM,SNIGDHA BASIC CHEM-INDORE,imported,Total Distance (km) set to 0 because source file does not include distance data.
1516,KCIL-GANDHAIDHAM - - SUKHA CHEMICALS IND UNIT-11-PANOLI,KCIL-GANDHAIDHAM,SUKHA CHEMICALS IND UNIT-11-PANOLI,imported,Total Distance (km) set to 0 because source file does not include distance data.
1517,KCIL-GANDHAIDHAM - - TECHNICHEM ORG-KHAMBAT,KCIL-GANDHAIDHAM,TECHNICHEM ORG-KHAMBAT,imported,Total Distance (km) set to 0 because source file does not include distance data.
1518,KCIL-GANDHAIDHAM - - TRANSPEK-PADRA,KCIL-GANDHAIDHAM,TRANSPEK-PADRA,imported,Total Distance (km) set to 0 because source file does not include distance data.
1519,KCIL-GANDHAIDHAM - - TRANSWORLD F.P. PVT LTD-G.DHAM,KCIL-GANDHAIDHAM,TRANSWORLD F.P. PVT LTD-G.DHAM,imported,Total Distance (km) set to 0 because source file does not include distance data.
1520,KCIL-GANDHAIDHAM - - UDAIPUR POLY SACKS LTD-UDAIPUR,KCIL-GANDHAIDHAM,UDAIPUR POLY SACKS LTD-UDAIPUR,imported,Total Distance (km) set to 0 because source file does not include distance data.
1521,KCIL-GANDHAIDHAM - - VAL ORGANICS PVT-VALSAD,KCIL-GANDHAIDHAM,VAL ORGANICS PVT-VALSAD,imported,Total Distance (km) set to 0 because source file does not include distance data.
1522,KCIL-GANDHAIDHAM - - VASU CHE.LLP-PALGHAR (M.H),KCIL-GANDHAIDHAM,VASU CHE.LLP-PALGHAR (M.H),imported,Total Distance (km) set to 0 because source file does not include distance data.
1523,KCIL-GANDHAIDHAM - - VIKRAM AROMA LTD-KADI,KCIL-GANDHAIDHAM,VIKRAM AROMA LTD-KADI,imported,Total Distance (km) set to 0 because source file does not include distance data.
1524,KCIL-GANDHAIDHAM - - VIRAG ENTERPRISE-SURAT,KCIL-GANDHAIDHAM,VIRAG ENTERPRISE-SURAT,imported,Total Distance (km) set to 0 because source file does not include distance data.
1525,KCIL-GANDHAIDHAM - - WESTERN DRUGS LTD-UDAIPUR,KCIL-GANDHAIDHAM,WESTERN DRUGS LTD-UDAIPUR,imported,Total Distance (km) set to 0 because source file does not include distance data.
1526,KCIL-GANDHAIDHAM - - YASHASHVI RASAYAN-DAHEJ,KCIL-GANDHAIDHAM,YASHASHVI RASAYAN-DAHEJ,imported,Total Distance (km) set to 0 because source file does not include distance data.
1527,KCIL-GANDHAIDHAM - - YOGESHWAR-NAROL-A.BAD,KCIL-GANDHAIDHAM,YOGESHWAR-NAROL-A.BAD,imported,Total Distance (km) set to 0 because source file does not include distance data.
1528,KETALCHEM INDIA PVT LTD-DADRA - - BALOTRA,KETALCHEM INDIA PVT LTD-DADRA,BALOTRA,imported,Total Distance (km) set to 0 because source file does not include distance data.
1529,KHAITAN CHEM & FER-DAHEJ - - JHAGADIA,KHAITAN CHEM & FER-DAHEJ,JHAGADIA,imported,Total Distance (km) set to 0 because source file does not include distance data.
1530,KHAITAN CHEM & FER-DAHEJ - - KHAITAN CHEM & FER-NIMBAHEDA,KHAITAN CHEM & FER-DAHEJ,KHAITAN CHEM & FER-NIMBAHEDA,imported,Total Distance (km) set to 0 because source file does not include distance data.
1531,KHAITAN NIMRANI M.P. - - MANMOHAN CHEM-JHAGADIA,KCFL-NIMRANI,MMCPL-JHAGADIA,imported,Total Distance (km) set to 0 because source file does not include distance data.
1532,"KHANGAON,M.H - - HISAR","KHANGAON,M.H",HISAR,imported,Total Distance (km) set to 0 because source file does not include distance data.
1533,KHARAGPUR (WEST.BENGAL) - - HISAR,KHARAGPUR (WEST.BENGAL),HISAR,imported,Total Distance (km) set to 0 because source file does not include distance data.
1534,KHARAGPUR (WEST.BENGAL) - - HISSAR,KHARAGPUR (WEST.BENGAL),HISSAR,imported,Total Distance (km) set to 0 because source file does not include distance data.
1535,KHARAGPUR (WEST.BENGAL) - - M.BHARAT AGRO-SAGAR(M.P),KHARAGPUR (WEST.BENGAL),M.BHARAT AGRO-SAGAR(M.P),imported,Total Distance (km) set to 0 because source file does not include distance data.
1536,KHARAGPUR (WEST.BENGAL) - - SELF,KHARAGPUR (WEST.BENGAL),SELF,imported,Total Distance (km) set to 0 because source file does not include distance data.
1537,"KIRI-PADRA - - DEEPAK NIT, NANDESARI",KIRI-PADRA,"DEEPAK NIT, NANDESARI",imported,Total Distance (km) set to 0 because source file does not include distance data.
1538,KIRI-PADRA - - GFL-DAHEJ,KIRI-PADRA,GFL-DAHEJ,imported,Total Distance (km) set to 0 because source file does not include distance data.
1539,"KIRI-PADRA - - NILKANTH,DHULE",KIRI-PADRA,"NILKANTH,DHULE",imported,Total Distance (km) set to 0 because source file does not include distance data.
1540,KIRI-PADRA - - R.I.L.JAMNAGAR,KIRI-PADRA,R.I.L.JAMNAGAR,imported,Total Distance (km) set to 0 because source file does not include distance data.
1541,KIRI-PADRA - - SETU ENTERPRISES-AMD,KIRI-PADRA,SETU ENTERPRISES-AMD,imported,Total Distance (km) set to 0 because source file does not include distance data.
1542,KIRI-PADRA - - SEUTIC LABS PVT LTD,KIRI-PADRA,SEUTIC LABS PVT LTD,imported,Total Distance (km) set to 0 because source file does not include distance data.
1543,KIRI-PADRA - - SIFLON DRUG-BALLERY,KIRI-PADRA,SIFLON DRUG-BALLERY,imported,Total Distance (km) set to 0 because source file does not include distance data.
1544,KLI-PLASTICZERS-SILVASSA - - RAMA NAND ENT.INDIA P .LTD-GWALIOR,KLJ-PLASTICZERS-SILVASSA,RAMA NAND ENT.INDIA P .LTD-GWALIOR,imported,Total Distance (km) set to 0 because source file does not include distance data.
1545,KLJ JHAGADIA - - RAMA NAND ENT.INDIA P .LTD-GWALIOR,KLJ JHAGADIA,RAMA NAND ENT.INDIA P .LTD-GWALIOR,imported,Total Distance (km) set to 0 because source file does not include distance data.
1546,KLJ ORGANIC LTD-JHAGADIA - - NEW ZEEL FASHION WEAR-DHAR (M.P.),KLJ ORGANIC LTD-JHAGADIA,NEW ZEEL FASHION WEAR-DHAR (M.P.),imported,Total Distance (km) set to 0 because source file does not include distance data.
1547,KLJ PETROPLAST-JHAGADIA - - NEW ZEEL FASHION WEAR-DHAR (M.P.),KLJ PETROPLAST-JHAGADIA,NEW ZEEL FASHION WEAR-DHAR (M.P.),imported,Total Distance (km) set to 0 because source file does not include distance data.
1548,KLJ PETROPLAST-JHAGADIA - - RAMA NAND ENT.INDIA P .LTD-GWALIOR,KLJ PETROPLAST-JHAGADIA,RAMA NAND ENT.INDIA P .LTD-GWALIOR,imported,Total Distance (km) set to 0 because source file does not include distance data.
1549,KLJ SILVASSA - - GWALIOR,KLJ SILVASSA,GWALIOR,imported,Total Distance (km) set to 0 because source file does not include distance data.
1550,KLJ SILVASSA - - JHONPURA,KLJ SILVASSA,JHONPURA,imported,Total Distance (km) set to 0 because source file does not include distance data.
1551,KLJ SILVASSA - - RAMA NAND ENT.INDIA P .LTD-GWALIOR,KLJ SILVASSA,RAMA NAND ENT.INDIA P .LTD-GWALIOR,imported,Total Distance (km) set to 0 because source file does not include distance data.
1552,KODARMA CHEMICAL-JHARKHAND - - APARNA CARBONS PVT LTD (C.G.),KODARMA CHEMICAL-JHARKHAND,APARNA CARBONS PVT LTD (C.G.),imported,Total Distance (km) set to 0 because source file does not include distance data.
1553,KODARMA CHEMICAL-JHARKHAND - - JAYA SPECIALITY CHEMICALS (C.G),KODARMA CHEMICAL-JHARKHAND,JAYA SPECIALITY CHEMICALS (C.G),imported,Total Distance (km) set to 0 because source file does not include distance data.
1554,KODARMA CHEMICAL-JHARKHAND - - SHAKAMBARI AROMATICS-(C.G.),KODARMA CHEMICAL-JHARKHAND,SHAKAMBARI AROMATICS-(C.G.),imported,Total Distance (km) set to 0 because source file does not include distance data.
1555,KRISHANA PHOSCHEM LIMITED-MEGHNAGAR - - M.BHARAT AGRO-SOURAI-BANDA,KRISHANA PHOSCHEM LIMITED-MEGHNAGAR,M.BHARAT AGRO-SOURAI-BANDA,imported,Total Distance (km) set to 0 because source file does not include distance data.
1556,KRISHNA CHEMICALS-WAIDHAN-M.P. - - INDIAN OIL CORP LTD-SINGRAULI,KRISHNA CHEMICALS-WAIDHAN-M.P.,INDIAN OIL CORP LTD-SINGRAULI,imported,Total Distance (km) set to 0 because source file does not include distance data.
1557,KRISHNA CHEMICALS-WAIDHAN-M.P. - - KRISHNA CHEMICALS-WAIDHAN-M.P.,KRISHNA CHEMICALS-WAIDHAN-M.P.,KRISHNA CHEMICALS-WAIDHAN-M.P.,imported,Total Distance (km) set to 0 because source file does not include distance data.
1558,KRISHNA CHEMICALS-WAIDHAN-M.P. - - RASAYAN UDYOG-DHANBAD,KRISHNA CHEMICALS-WAIDHAN-M.P.,RASAYAN UDYOG-DHANBAD,imported,Total Distance (km) set to 0 because source file does not include distance data.
1559,KRISHNA CHEMICALS-WAIDHAN-M.P. - - SINGRUALI,KRISHNA CHEMICALS-WAIDHAN-M.P.,SINGRUALI,imported,Total Distance (km) set to 0 because source file does not include distance data.
1560,KRISHNA-GANDHIDHAM - - MAHAD-M.H.,KRISHNA-GANDHIDHAM,MAHAD-M.H.,imported,Total Distance (km) set to 0 because source file does not include distance data.
1561,KRISHNA-GANDHIDHAM - - TRANSWORLD F.P. PVT LTD-G.DHAM,KRISHNA-GANDHIDHAM,TRANSWORLD F.P. PVT LTD-G.DHAM,imported,Total Distance (km) set to 0 because source file does not include distance data.
1562,KUSHAL CHEMICAL-DELHI - - INDIAN GLYCOLS LTD-(U.KHAND,KUSHAL CHEMICAL-DELHI,INDIAN GLYCOLS LTD-(U.KHAND,imported,Total Distance (km) set to 0 because source file does not include distance data.
1563,KUTCH COPPER LTD-MUNDRA - - A.P.L. BHUJ,KUTCH COPPER LTD-MUNDRA,A.P.L. BHUJ,imported,Total Distance (km) set to 0 because source file does not include distance data.
1564,KUTCH COPPER LTD-MUNDRA - - AARTI IND.-JHAGADIA,KUTCH COPPER LTD-MUNDRA,AARTI IND.-JHAGADIA,imported,Total Distance (km) set to 0 because source file does not include distance data.
1565,KUTCH COPPER LTD-MUNDRA - - AMAR ALUM & ALLIED CHEM-BARELLY,KUTCH COPPER LTD-MUNDRA,AMAR ALUM & ALLIED CHEM-BARELLY,imported,Total Distance (km) set to 0 because source file does not include distance data.
1566,KUTCH COPPER LTD-MUNDRA - - AROMETIC-G DHAM-KUTCH,KUTCH COPPER LTD-MUNDRA,AROMETIC-G DHAM-KUTCH,imported,Total Distance (km) set to 0 because source file does not include distance data.
1567,KUTCH COPPER LTD-MUNDRA - - CIL -NANDESARI,KUTCH COPPER LTD-MUNDRA,CIL -NANDESARI,imported,Total Distance (km) set to 0 because source file does not include distance data.
1568,KUTCH COPPER LTD-MUNDRA - - DHANLAKSHMI BIOCHEM-AHMEDABAD,KUTCH COPPER LTD-MUNDRA,DHANLAKSHMI BIOCHEM-AHMEDABAD,imported,Total Distance (km) set to 0 because source file does not include distance data.
1569,KUTCH COPPER LTD-MUNDRA - - GOKUL OVERSEAS-G.DHAM,KUTCH COPPER LTD-MUNDRA,GOKUL OVERSEAS-G.DHAM,imported,Total Distance (km) set to 0 because source file does not include distance data.
1570,KUTCH COPPER LTD-MUNDRA - - GOPINATH CHEM-KADI,KUTCH COPPER LTD-MUNDRA,GOPINATH CHEM-KADI,imported,Total Distance (km) set to 0 because source file does not include distance data.
1571,KUTCH COPPER LTD-MUNDRA - - GSFC LTD. SIKKA UNIT,KUTCH COPPER LTD-MUNDRA,GSFC LTD. SIKKA UNIT,imported,Total Distance (km) set to 0 because source file does not include distance data.
1572,"KUTCH COPPER LTD-MUNDRA - - IFFCO,KANDLA",KUTCH COPPER LTD-MUNDRA,"IFFCO,KANDLA",imported,Total Distance (km) set to 0 because source file does not include distance data.
1573,KUTCH COPPER LTD-MUNDRA - - KCFL-NIMRANI,KUTCH COPPER LTD-MUNDRA,KCFL-NIMRANI,imported,Total Distance (km) set to 0 because source file does not include distance data.
1574,KUTCH COPPER LTD-MUNDRA - - KCIL-GANDHAIDHAM,KUTCH COPPER LTD-MUNDRA,KCIL-GANDHAIDHAM,imported,Total Distance (km) set to 0 because source file does not include distance data.
1575,KUTCH COPPER LTD-MUNDRA - - KRISHANA PHOSCHEM LIMITED-MEGHNAGAR,KUTCH COPPER LTD-MUNDRA,KRISHANA PHOSCHEM LIMITED-MEGHNAGAR,imported,Total Distance (km) set to 0 because source file does not include distance data.
1576,KUTCH COPPER LTD-MUNDRA - - LAXMI AGRO-GANDHIDHAM,KUTCH COPPER LTD-MUNDRA,LAXMI AGRO-GANDHIDHAM,imported,Total Distance (km) set to 0 because source file does not include distance data.
1577,KUTCH COPPER LTD-MUNDRA - - M.B.AGRO.PROD.LTD-SAGAR,KUTCH COPPER LTD-MUNDRA,M.B.AGRO.PROD.LTD-SAGAR,imported,Total Distance (km) set to 0 because source file does not include distance data.
1578,KUTCH COPPER LTD-MUNDRA - - NIDL SURFACTANTS PVT-BADDI,KUTCH COPPER LTD-MUNDRA,NIDL SURFACTANTS PVT-BADDI,imported,Total Distance (km) set to 0 because source file does not include distance data.
1579,"KUTCH COPPER LTD-MUNDRA - - R.M.PHOSPHATE,DHULIA",KUTCH COPPER LTD-MUNDRA,"R.M.PHOSPHATE,DHULIA",imported,Total Distance (km) set to 0 because source file does not include distance data.
1580,"KUTCH COPPER LTD-MUNDRA - - RADHA MADHAV,SURAT",KUTCH COPPER LTD-MUNDRA,"RADHA MADHAV,SURAT",imported,Total Distance (km) set to 0 because source file does not include distance data.
1581,KUTCH COPPER LTD-MUNDRA - - RAMA PHOSPHATE LTD-INDOR,KUTCH COPPER LTD-MUNDRA,RAMA PHOSPHATE LTD-INDOR,imported,Total Distance (km) set to 0 because source file does not include distance data.
1582,KUTCH COPPER LTD-MUNDRA - - SHAKAMBARI ENT. INDIA-PARGANAS (W.B.),KUTCH COPPER LTD-MUNDRA,SHAKAMBARI ENT. INDIA-PARGANAS (W.B.),imported,Total Distance (km) set to 0 because source file does not include distance data.
1583,KUTCH COPPER LTD-MUNDRA - - SHREE CEMENT LTD - RAS,KUTCH COPPER LTD-MUNDRA,SHREE CEMENT LTD - RAS,imported,Total Distance (km) set to 0 because source file does not include distance data.
1584,KUTCH COPPER LTD-MUNDRA - - TRANSWORLD F.P. PVT LTD-G.DHAM,KUTCH COPPER LTD-MUNDRA,TRANSWORLD F.P. PVT LTD-G.DHAM,imported,Total Distance (km) set to 0 because source file does not include distance data.
1585,KUTCH COPPER LTD-MUNDRA - - TRANSWORLD FURTICHEM-JHAGADIA,KUTCH COPPER LTD-MUNDRA,TRANSWORLD FURTICHEM-JHAGADIA,imported,Total Distance (km) set to 0 because source file does not include distance data.
1586,KUTCH SPECIALITIES-KACHCHH - - A.R.BHANDARI-INDORE,KUTCH SPECIALITIES-KACHCHH,A.R.BHANDARI-INDORE,imported,Total Distance (km) set to 0 because source file does not include distance data.
1587,KUTCH SPECIALITIES-KACHCHH - - BAJRANJG CHEMICALS-ETHA (UP),KUTCH SPECIALITIES-KACHCHH,BAJRANJG CHEMICALS-ETHA (UP),imported,Total Distance (km) set to 0 because source file does not include distance data.
1588,KUTCH SPECIALITIES-KACHCHH - - BIC CHEM & PACKING-TARAPUR,KUTCH SPECIALITIES-KACHCHH,BIC CHEM & PACKING-TARAPUR,imported,Total Distance (km) set to 0 because source file does not include distance data.
1589,KUTCH SPECIALITIES-KACHCHH - - BODAL CHEMICALS LTD-UNIT-VII,KUTCH SPECIALITIES-KACHCHH,BODAL CHEMICALS LTD-UNIT-VII,imported,Total Distance (km) set to 0 because source file does not include distance data.
1590,KUTCH SPECIALITIES-KACHCHH - - BODAL-PADRA,KUTCH SPECIALITIES-KACHCHH,BODAL-PADRA,imported,Total Distance (km) set to 0 because source file does not include distance data.
1591,KUTCH SPECIALITIES-KACHCHH - - CLAIRVOYANCE IND-DAHEJ,KUTCH SPECIALITIES-KACHCHH,CLAIRVOYANCE IND-DAHEJ,imported,Total Distance (km) set to 0 because source file does not include distance data.
1592,"KUTCH SPECIALITIES-KACHCHH - - COLOUR TEX,SURAT",KUTCH SPECIALITIES-KACHCHH,"COLOUR TEX,SURAT",imported,Total Distance (km) set to 0 because source file does not include distance data.
1593,KUTCH SPECIALITIES-KACHCHH - - JAY CHEMICAL IND-SAYKHA,KUTCH SPECIALITIES-KACHCHH,JAY CHEMICAL IND-SAYKHA,imported,Total Distance (km) set to 0 because source file does not include distance data.
1594,KUTCH SPECIALITIES-KACHCHH - - MAYUR DYE CHEM-PADRA,KUTCH SPECIALITIES-KACHCHH,MAYUR DYE CHEM-PADRA,imported,Total Distance (km) set to 0 because source file does not include distance data.
1595,KUTCH SPECIALITIES-KACHCHH - - MEWAR CHEM TECH UDAIPUR,KUTCH SPECIALITIES-KACHCHH,MEWAR CHEM TECH UDAIPUR,imported,Total Distance (km) set to 0 because source file does not include distance data.
1596,KUTCH SPECIALITIES-KACHCHH - - MICAS ORG.LTD-II-VAPI,KUTCH SPECIALITIES-KACHCHH,MICAS ORG.LTD-II-VAPI,imported,Total Distance (km) set to 0 because source file does not include distance data.
1597,KUTCH SPECIALITIES-KACHCHH - - MITTAL CHEM-JALESAR,KUTCH SPECIALITIES-KACHCHH,MITTAL CHEM-JALESAR,imported,Total Distance (km) set to 0 because source file does not include distance data.
1598,KUTCH SPECIALITIES-KACHCHH - - OM NITRATE-WAIDHAN-M.P.,KUTCH SPECIALITIES-KACHCHH,OM NITRATE-WAIDHAN-M.P.,imported,Total Distance (km) set to 0 because source file does not include distance data.
1599,"KUTCH SPECIALITIES-KACHCHH - - PANOLI INT , NANDESARI",KUTCH SPECIALITIES-KACHCHH,"PANOLI INT , NANDESARI",imported,Total Distance (km) set to 0 because source file does not include distance data.
1600,KUTCH SPECIALITIES-KACHCHH - - PARVATI INTER PRIES-INDOR,KUTCH SPECIALITIES-KACHCHH,PARVATI INTER PRIES-INDOR,imported,Total Distance (km) set to 0 because source file does not include distance data.
1601,KUTCH SPECIALITIES-KACHCHH - - RUCHI PETRO PLAST-DAHEJ,KUTCH SPECIALITIES-KACHCHH,RUCHI PETRO PLAST-DAHEJ,imported,Total Distance (km) set to 0 because source file does not include distance data.
1602,KUTCH SPECIALITIES-KACHCHH - - SHYAM SEL & POWER LTD-PITHAMPUR,KUTCH SPECIALITIES-KACHCHH,SHYAM SEL & POWER LTD-PITHAMPUR,imported,Total Distance (km) set to 0 because source file does not include distance data.
1603,KUTCH SPECIALITIES-KACHCHH - - SNIGDHA BASIC CHEM-INDORE,KUTCH SPECIALITIES-KACHCHH,SNIGDHA BASIC CHEM-INDORE,imported,Total Distance (km) set to 0 because source file does not include distance data.
1604,KUTCH SPECIALITIES-KACHCHH - - SUNFRIO CHEMICALS PVT LTD-DAHEJ,KUTCH SPECIALITIES-KACHCHH,SUNFRIO CHEMICALS PVT LTD-DAHEJ,imported,Total Distance (km) set to 0 because source file does not include distance data.
1605,KUTCH SPECIALITIES-KACHCHH - - TANAY INORGANIC PVT LTD-NAGPUR,KUTCH SPECIALITIES-KACHCHH,TANAY INORGANIC PVT LTD-NAGPUR,imported,Total Distance (km) set to 0 because source file does not include distance data.
1606,KUTCH SPECIALITIES-KACHCHH - - YOGESHWAR-NAROL-A.BAD,KUTCH SPECIALITIES-KACHCHH,YOGESHWAR-NAROL-A.BAD,imported,Total Distance (km) set to 0 because source file does not include distance data.
1607,LASONS INDIA PVT LTD-TALOJA - - AHMEDABAD,LASONS INDIA PVT LTD-TALOJA,KEMIT CHEMICALS PVT LTD-AHMEDABAD,imported,Total Distance (km) set to 0 because source file does not include distance data.
1608,LASONS INDIA PVT LTD-TALOJA - - NAVDEEP ENT-SANAND,LASONS INDIA PVT LTD-TALOJA,NAVDEEP ENT-SANAND,imported,Total Distance (km) set to 0 because source file does not include distance data.
1609,LASONS INDIA PVT LTD-TALOJA - - NEW CHEM ACID AHMDABAD,LASONS INDIA PVT LTD-TALOJA,NEW CHEM ACID AHMDABAD,imported,Total Distance (km) set to 0 because source file does not include distance data.
1610,LASONS INDIA PVT LTD-TALOJA - - YOGESHWAR-NAROL-A.BAD,LASONS INDIA PVT LTD-TALOJA,YOGESHWAR-NAROL-A.BAD,imported,Total Distance (km) set to 0 because source file does not include distance data.
1611,"LAXMI AGRO,UDAIPUR - - BASANT AGRO-JALGOAN","LAXMI AGRO,UDAIPUR",BASANT AGRO-JALGOAN,imported,Total Distance (km) set to 0 because source file does not include distance data.
1612,"LAXMI AGRO,UDAIPUR - - FARMA PHOSPHATES-UDAIPUR","LAXMI AGRO,UDAIPUR",FARMA PHOSPHATE LTD-UDAIPUR,imported,Total Distance (km) set to 0 because source file does not include distance data.
1613,"LAXMI AGRO,UDAIPUR - - RAMA PHOSPHATE LTD-UDAIPUR","LAXMI AGRO,UDAIPUR",RAMA PHOSPHATE LTD-UDAIPUR,imported,Total Distance (km) set to 0 because source file does not include distance data.
1614,LAXMI AGRO-GANDHIDHAM - - MAHAKAL ENT-NEEMUCH-MP,LAXMI AGRO-GANDHIDHAM,MAHAKAL ENT-NEEMUCH-MP,imported,Total Distance (km) set to 0 because source file does not include distance data.
1615,LAXMI AGRO-GANDHIDHAM - - PATEL PHOSCHEM-UDAIPUR,LAXMI AGRO-GANDHIDHAM,PATEL PHOSCHEM-UDAIPUR,imported,Total Distance (km) set to 0 because source file does not include distance data.
1616,LAXMI AGRO-GANDHIDHAM - - RAMA PHOSPHATE LTD-UDAIPUR,LAXMI AGRO-GANDHIDHAM,RAMA PHOSPHATE LTD-UDAIPUR,imported,Total Distance (km) set to 0 because source file does not include distance data.
1617,LAXMI AGRO-GANDHIDHAM - - TRANSWORLD F.P. PVT LTD-G.DHAM,LAXMI AGRO-GANDHIDHAM,TRANSWORLD F.P. PVT LTD-G.DHAM,imported,Total Distance (km) set to 0 because source file does not include distance data.
1618,LORDS CHLORO ALKALI LTD-ALWAR - - HARSH CHEMICALS-BALOTRA,LORDS CHLORO ALKALI LTD-ALWAR,HARSH CHEMICALS-BALOTRA,imported,Total Distance (km) set to 0 because source file does not include distance data.
1619,LORDS CHLORO ALKALI LTD-ALWAR - - JANKI PROCESS-BALOTRA,LORDS CHLORO ALKALI LTD-ALWAR,JANKI PROCESS-BALOTRA,imported,Total Distance (km) set to 0 because source file does not include distance data.
1620,LORDS CHLORO ALKALI LTD-ALWAR - - JODHPUR,LORDS CHLORO ALKALI LTD-ALWAR,JODHPUR,imported,Total Distance (km) set to 0 because source file does not include distance data.
1621,LORDS CHLORO ALKALI LTD-ALWAR - - MANISH PARTISHTHAN-BALOTRA,LORDS CHLORO ALKALI LTD-ALWAR,MANISH PARTISHTHAN-BALOTRA,imported,Total Distance (km) set to 0 because source file does not include distance data.
1622,LORDS CHLORO ALKALI LTD-ALWAR - - MOTI COLOR CO DEL.-BALOTRA,LORDS CHLORO ALKALI LTD-ALWAR,MOTI COLOR CO DEL.-BALOTRA,imported,Total Distance (km) set to 0 because source file does not include distance data.
1623,LORDS CHLORO ALKALI LTD-ALWAR - - SUNRISE TRADING-BALOTRA,LORDS CHLORO ALKALI LTD-ALWAR,SUNRISE TRADING-BALOTRA,imported,Total Distance (km) set to 0 because source file does not include distance data.
1624,LUNA CHEMICAL-DAHEJ - - D.F.P.C.L.-DAHEJ,LUNA CHEMICAL-DAHEJ,D.F.P.C.L.-DAHEJ,imported,Total Distance (km) set to 0 because source file does not include distance data.
1625,M B COTTEX-YAVATMAL - - N.K.PROTEINS PVT LTD-KADI,M B COTTEX-YAVATMAL,N.K.PROTEINS PVT LTD-KADI,imported,Total Distance (km) set to 0 because source file does not include distance data.
1626,M.A.KAPASI CHEMICAL-(C.G.) - - A.R.BHANDARI-INDORE,M.A.KAPASI CHEMICAL-(C.G.),A.R.BHANDARI-INDORE,imported,Total Distance (km) set to 0 because source file does not include distance data.
1627,"M.BHARAT AGRO-SAGAR(M.P) - - HITESH CHEM,ANKLESHWAR",M.BHARAT AGRO-SAGAR(M.P),"HITESH CHEM,ANKLESHWAR",imported,Total Distance (km) set to 0 because source file does not include distance data.
1628,M.N.SURF-PUNE - - ARIHANT TRADERS-DURG (C.G.),M.N.SURF-PUNE,ARIHANT TRADERS-DURG (C.G.),imported,Total Distance (km) set to 0 because source file does not include distance data.
1629,M.N.SURF-PUNE - - BHIMANI CHEMICALS-AHMRDABAD,M.N.SURF-PUNE,BHIMANI CHEMICALS-AHMRDABAD,imported,Total Distance (km) set to 0 because source file does not include distance data.
1630,M.N.SURF-PUNE - - BHIMANI CHEMICALS-AMD,M.N.SURF-PUNE,BHIMANI CHEMICALS-AMD,imported,Total Distance (km) set to 0 because source file does not include distance data.
1631,M.N.SURF-PUNE - - NAVYUG CHEMICALS-AMD,M.N.SURF-PUNE,NAVYUG CHEMICALS-AMD,imported,Total Distance (km) set to 0 because source file does not include distance data.
1632,M.N.SURF-PUNE - - POONAM INDUSTRIES.-KARNAL,M.N.SURF-PUNE,POONAM INDUSTRIES.-KARNAL,imported,Total Distance (km) set to 0 because source file does not include distance data.
1633,M.N.SURF-PUNE - - R C F FERTILISERS-DINDORI-NASIK,M.N.SURF-PUNE,R C F FERTILISERS-DINDORI-NASIK,imported,Total Distance (km) set to 0 because source file does not include distance data.
1634,M.N.SURF-PUNE - - SARA IND-SANAND-AMD.,M.N.SURF-PUNE,SARA IND-SANAND-AMD.,imported,Total Distance (km) set to 0 because source file does not include distance data.
1635,M.N.SURF-PUNE - - SHRI MAHILA GRIHA UDYOG-PUNE,M.N.SURF-PUNE,SHRI MAHILA GRIHA UDYOG-PUNE,imported,Total Distance (km) set to 0 because source file does not include distance data.
1636,M.N.SURF-PUNE - - SIDDHVINAYAK TRADELINK-RAJKOT,M.N.SURF-PUNE,SIDDHVINAYAK TRADELINK-RAJKOT,imported,Total Distance (km) set to 0 because source file does not include distance data.
1637,"MADHU SIL,BHAVNAGAR - - BIRLA-DAHEJ","MADHU SIL,BHAVNAGAR",BIRLA-DAHEJ,imported,Total Distance (km) set to 0 because source file does not include distance data.
1638,"MADHU SIL,BHAVNAGAR - - DEEPAK NIT, NANDESARI","MADHU SIL,BHAVNAGAR","DEEPAK NIT, NANDESARI",imported,Total Distance (km) set to 0 because source file does not include distance data.
1639,"MADHU SIL,BHAVNAGAR - - HOPL-NANDESARI","MADHU SIL,BHAVNAGAR",HOPL-NANDESARI,imported,Total Distance (km) set to 0 because source file does not include distance data.
1640,"MADHU SIL,BHAVNAGAR - - PANOLI INT , NANDESARI","MADHU SIL,BHAVNAGAR","PANOLI INT , NANDESARI",imported,Total Distance (km) set to 0 because source file does not include distance data.
1641,"MADHU SIL,BHAVNAGAR - - R.M.PHOSPHATE,DHULIA","MADHU SIL,BHAVNAGAR","R.M.PHOSPHATE,DHULIA",imported,Total Distance (km) set to 0 because source file does not include distance data.
1642,"MADHU SIL,BHAVNAGAR - - ROHAN CHEMICAL KHAMBHAT","MADHU SIL,BHAVNAGAR",ROHAN CHEMICAL KHAMBHAT,imported,Total Distance (km) set to 0 because source file does not include distance data.
1643,MADHVADI PETRO-SAYKHA - - SWASTIK CHEMICALS-KANPUR,MADHVADI PETRO-SAYKHA,SWASTIK CHEMICALS-KANPUR,imported,Total Distance (km) set to 0 because source file does not include distance data.
1644,MAHADHAN AGRITECH LTD-TALOJA - - SBL ENERGY LIMITED-NAGPUR,MAHADHAN AGRITECH LTD-TALOJA,SBL ENERGY LIMITED-NAGPUR,imported,Total Distance (km) set to 0 because source file does not include distance data.
1645,MAHAD-M.H. - - FOSROC CHEM INDIA-ANK,MAHAD-M.H.,FOSROC CHEM INDIA-ANK,imported,Total Distance (km) set to 0 because source file does not include distance data.
1646,MAHARSHI CHEMICAL-ANJAR - - HARSH CHEMICALS-BALOTRA,MAHARSHI CHEMICAL-ANJAR,HARSH CHEMICALS-BALOTRA,imported,Total Distance (km) set to 0 because source file does not include distance data.
1647,MAHESH EDIBLE OIL-KOTA (RAJ) - - SHANKAR NUTRICON PVT LTD-INDORE,MAHESH EDIBLE OIL-KOTA (RAJ),SHANKAR NUTRICON PVT LTD-INDORE,imported,Total Distance (km) set to 0 because source file does not include distance data.
1648,MAHESH EDIBLE OIL-KOTA (RAJ) - - SHANKER NUTRICON-PITHAMPUR (MP),MAHESH EDIBLE OIL-KOTA (RAJ),SHANKER NUTRICON-PITHAMPUR (MP),imported,Total Distance (km) set to 0 because source file does not include distance data.
1649,MAHESH EDIBLE OIL-KOTA (RAJ) - - SHIVAM OIL & PROTEINS -INDOR,MAHESH EDIBLE OIL-KOTA (RAJ),SHIVAM OIL & PROTEINS -INDOR,imported,Total Distance (km) set to 0 because source file does not include distance data.
1650,MANI ZINC COMPANY-UDAIPUR - - BRIJ ENTERPRISES-ANK,MANI ZINC COMPANY-UDAIPUR,BRIJ ENTERPRISES-ANK,imported,Total Distance (km) set to 0 because source file does not include distance data.
1651,MANI ZINC COMPANY-UDAIPUR - - CIL-DAHEJ,MANI ZINC COMPANY-UDAIPUR,CIL-DAHEJ,imported,Total Distance (km) set to 0 because source file does not include distance data.
1652,MANI ZINC COMPANY-UDAIPUR - - CIL-SARIGAM,MANI ZINC COMPANY-UDAIPUR,CIL-SARIGAM,imported,Total Distance (km) set to 0 because source file does not include distance data.
1653,MANI ZINC COMPANY-UDAIPUR - - SUPERFORM CHEMISTRIES-JHAGADIA,MANI ZINC COMPANY-UDAIPUR,SUPERFORM CHEMISTRIES-JHAGADIA,imported,Total Distance (km) set to 0 because source file does not include distance data.
1654,MANI ZINC COMPANY-UDAIPUR - - TIAGO CHEM-ANK,MANI ZINC COMPANY-UDAIPUR,TIAGO CHEM-ANK,imported,Total Distance (km) set to 0 because source file does not include distance data.
1655,MANI ZINC COMPANY-UDAIPUR - - VADODARA,MANI ZINC COMPANY-UDAIPUR,VADODARA,imported,Total Distance (km) set to 0 because source file does not include distance data.
1656,MANORAMA IND LTD-(C.G) - - VARDHIT SOLUTIONS-KANPUR (U.P),MANORAMA IND LTD-(C.G),VARDHIT SOLUTIONS-KANPUR (U.P),imported,Total Distance (km) set to 0 because source file does not include distance data.
1657,MARS GLASS PVT LTD.-DHULE - - H.U.LTD -CHIPLUN (M.H.),MARS GLASS PVT LTD.-DHULE,H.U.LTD -CHIPLUN (M.H.),imported,Total Distance (km) set to 0 because source file does not include distance data.
1658,MARUTI CHEMICAL- NANDESARI - - NAGPUR,MARUTI CHEMICAL- NANDESARI,NTPC LTD-MOUDHA-NAGPUR,imported,Total Distance (km) set to 0 because source file does not include distance data.
1659,MARUTI CHEMICALS IND (KOLKATA.W.BENGAL) - - NTPC LTD-MOUDHA-NAGPUR,MARUTI CHEMICALS IND (KOLKATA.W.BENGAL),NTPC LTD-MOUDHA-NAGPUR,imported,Total Distance (km) set to 0 because source file does not include distance data.
1660,MEGHMANI DYES & INTER-DUDHWADA-PADRA - - ROHAN DYES & INT.- CAMBAY,MEGHMANI DYES & INTER-DUDHWADA-PADRA,ROHAN DYES & INT.- CAMBAY,imported,Total Distance (km) set to 0 because source file does not include distance data.
1661,MEGHMANI FINE CHEM-DAHEJ - - AARTI IND-TARAPUR,MEGHMANI FINE CHEM-DAHEJ,AARTI IND-TARAPUR,imported,Total Distance (km) set to 0 because source file does not include distance data.
1662,MEGHMANI FINE CHEM-DAHEJ - - HARSH CHEMICALS-BALOTRA,MEGHMANI FINE CHEM-DAHEJ,HARSH CHEMICALS-BALOTRA,imported,Total Distance (km) set to 0 because source file does not include distance data.
1663,MEGHNAGAR - - AHMEDABAD.,MEGHNAGAR,AHMEDABAD.,imported,Total Distance (km) set to 0 because source file does not include distance data.
1664,METMIN AGRO FERT-DHANBAD - - JAJPUR,METMIN AGRO FERT-DHANBAD,JAJPUR,imported,Total Distance (km) set to 0 because source file does not include distance data.
1665,"METMIN AGRO FERT-DHANBAD - - JINDAL ST.STEEL-JAJPUR,ORISSA",METMIN AGRO FERT-DHANBAD,"JINDAL ST.STEEL-JAJPUR,ORISSA",imported,Total Distance (km) set to 0 because source file does not include distance data.
1666,METMIN AGRO FERT-DHANBAD - - SPECIAL BLASTS LTD-PIRDA,METMIN AGRO FERT-DHANBAD,SPECIAL BLASTS LTD-PIRDA,imported,Total Distance (km) set to 0 because source file does not include distance data.
1667,"MIRASH IND PVT LTD-DAHEJ - - IFFCO,KANDLA",MIRASH IND PVT LTD-DAHEJ,"IFFCO,KANDLA",imported,Total Distance (km) set to 0 because source file does not include distance data.
1668,MIRASH IND PVT LTD-DAHEJ - - KCIL-GANDHAIDHAM,MIRASH IND PVT LTD-DAHEJ,KCIL-GANDHAIDHAM,imported,Total Distance (km) set to 0 because source file does not include distance data.
1669,MIRASH IND PVT LTD-DAHEJ - - NUCLEAR FUEL COMPLEX-RAWATBHATA,MIRASH IND PVT LTD-DAHEJ,NUCLEAR FUEL COMPLEX-RAWATBHATA,imported,Total Distance (km) set to 0 because source file does not include distance data.
1670,"MIRASH IND PVT LTD-DAHEJ - - RADHA MADHAV,SURAT",MIRASH IND PVT LTD-DAHEJ,"RADHA MADHAV,SURAT",imported,Total Distance (km) set to 0 because source file does not include distance data.
1671,MIRASH IND PVT LTD-DAHEJ - - SHREEJI LIQUID STORAGE TERMINAL-KANDLA,MIRASH IND PVT LTD-DAHEJ,SHREEJI LIQUID STORAGE TERMINAL-KANDLA,imported,Total Distance (km) set to 0 because source file does not include distance data.
1672,MUNDRA - - SHREE RAM SOAP & DET-HARYANA,MUNDRA,SHREE RAM SOAP & DET-HARYANA,imported,Total Distance (km) set to 0 because source file does not include distance data.
1673,MYSORE AMMONIA-NANDESARI - - ACC LIMITED-LAKHERI,MYSORE AMMONIA-NANDESARI,ACC LIMITED-LAKHERI,imported,Total Distance (km) set to 0 because source file does not include distance data.
1674,MYSORE AMMONIA-NANDESARI - - AMZOLE INDIA P.LTD-UDAIPUR,MYSORE AMMONIA-NANDESARI,AMZOLE INDIA P.LTD-UDAIPUR,imported,Total Distance (km) set to 0 because source file does not include distance data.
1675,MYSORE AMMONIA-NANDESARI - - BHARAT HEAVY ELECTRICALS LTD-JALGAON,MYSORE AMMONIA-NANDESARI,BHARAT HEAVY ELECTRICALS LTD-JALGAON,imported,Total Distance (km) set to 0 because source file does not include distance data.
1676,MYSORE AMMONIA-NANDESARI - - INTECH ORGANIC LTD.PALI,MYSORE AMMONIA-NANDESARI,INTECH ORGANIC LTD.PALI,imported,Total Distance (km) set to 0 because source file does not include distance data.
1677,MYSORE AMMONIA-NANDESARI - - J K CEMENT-NIMBAHERA,MYSORE AMMONIA-NANDESARI,J K CEMENT-NIMBAHERA,imported,Total Distance (km) set to 0 because source file does not include distance data.
1678,MYSORE AMMONIA-NANDESARI - - J.K.CEMENT-CHITTORGARH,MYSORE AMMONIA-NANDESARI,J.K.CEMENT-CHITTORGARH,imported,Total Distance (km) set to 0 because source file does not include distance data.
1679,MYSORE AMMONIA-NANDESARI - - SNJ CHEMPACK-ANKLESHWAR,MYSORE AMMONIA-NANDESARI,SNJ CHEMPACK-ANKLESHWAR,imported,Total Distance (km) set to 0 because source file does not include distance data.
1680,MYSORE AMMONIA-NANDESARI - - UDAIPUR UNIT,MYSORE AMMONIA-NANDESARI,UDAIPUR UNIT,imported,Total Distance (km) set to 0 because source file does not include distance data.
1681,NAGDA - - ANKLESHWAR,NAGDA,ANKLESHWAR,imported,Total Distance (km) set to 0 because source file does not include distance data.
1682,NAGDA - - DAHEJ,NAGDA,DAHEJ,imported,Total Distance (km) set to 0 because source file does not include distance data.
1683,NAGDA - - HAZIRA PORT SURAT,NAGDA,HAZIRA PORT SURAT,imported,Total Distance (km) set to 0 because source file does not include distance data.
1684,NAGPUR - - AKSHAR CHEM INDIA-MEHSANA,NAGPUR,AKSHAR CHEM INDIA-MEHSANA,imported,Total Distance (km) set to 0 because source file does not include distance data.
1685,NAGPUR - - GANESHKRUPA CHEM-VALSAD,NAGPUR,GANESHKRUPA CHEM-VALSAD,imported,Total Distance (km) set to 0 because source file does not include distance data.
1686,NAGPUR - - RAMAGUNDAM-III-TELANGANA,NAGPUR,RAMAGUNDAM-III-TELANGANA,imported,Total Distance (km) set to 0 because source file does not include distance data.
1687,NAGPUR - - TINCO CHEMICAL-BADLAPUR,NAGPUR,TINCO CHEMICAL-BADLAPUR,imported,Total Distance (km) set to 0 because source file does not include distance data.
1688,"NANDESARI UNIT,SELF - - SHREE CEMENT LTD-BEAWAR","NANDESARI UNIT,SELF",SHREE CEMENT LTD-BEAWAR,imported,Total Distance (km) set to 0 because source file does not include distance data.
1689,NATH IND. CHEMICAL LTD-VAPI - - ANKLESHWAR,NATH IND. CHEMICAL LTD-VAPI,ANKLESHWAR,imported,Total Distance (km) set to 0 because source file does not include distance data.
1690,NATH IND. CHEMICAL LTD-VAPI - - CHEMIE ORG.JHAGADIA,NATH IND. CHEMICAL LTD-VAPI,CHEMIE ORG.JHAGADIA,imported,Total Distance (km) set to 0 because source file does not include distance data.
1691,NATH IND. CHEMICAL LTD-VAPI - - GALAXY CHEMICALS-BALLARY,NATH IND. CHEMICAL LTD-VAPI,GALAXY CHEMICALS-BALLARY,imported,Total Distance (km) set to 0 because source file does not include distance data.
1692,NATH IND. CHEMICAL LTD-VAPI - - H C L JHAGADIA,NATH IND. CHEMICAL LTD-VAPI,H C L JHAGADIA,imported,Total Distance (km) set to 0 because source file does not include distance data.
1693,NATH IND. CHEMICAL LTD-VAPI - - NANDOLIA ORG.CHEM.PVT.LTD-PANOLI,NATH IND. CHEMICAL LTD-VAPI,NANDOLIA ORG.CHEM.PVT.LTD-PANOLI,imported,Total Distance (km) set to 0 because source file does not include distance data.
1694,"NATH IND. CHEMICAL LTD-VAPI - - ORGANIC IND,DAHEJ",NATH IND. CHEMICAL LTD-VAPI,"ORGANIC IND,DAHEJ",imported,Total Distance (km) set to 0 because source file does not include distance data.
1695,NATH IND. CHEMICAL LTD-VAPI - - SIFLON DRUG-BALLERY,NATH IND. CHEMICAL LTD-VAPI,SIFLON DRUG-BALLERY,imported,Total Distance (km) set to 0 because source file does not include distance data.
1696,NATHDHWARA CHEM-NAGPUR - - BRAVIM CHEM-DHANBAD,NATHDHWARA CHEM-NAGPUR,BRAVIM CHEM-DHANBAD,imported,Total Distance (km) set to 0 because source file does not include distance data.
1697,NATHDHWARA CHEM-NAGPUR - - SELF,NATHDHWARA CHEM-NAGPUR,SELF,imported,Total Distance (km) set to 0 because source file does not include distance data.
1698,"NATIONAL FERT. LTD-NAYA NANGAL - - CHEMICAL UDYOG,ROURKELA",NATIONAL FERT. LTD-NAYA NANGAL,"CHEMICAL UDYOG,ROURKELA",imported,Total Distance (km) set to 0 because source file does not include distance data.
1699,NATIONAL FERT. LTD-NAYA NANGAL - - JAIPUR,NATIONAL FERT. LTD-NAYA NANGAL,JAIPUR,imported,Total Distance (km) set to 0 because source file does not include distance data.
1700,NATIONAL FERT. LTD-NAYA NANGAL - - RASAYAN UDYOG-DHANBAD,NATIONAL FERT. LTD-NAYA NANGAL,RASAYAN UDYOG-DHANBAD,imported,Total Distance (km) set to 0 because source file does not include distance data.
1701,NATIONAL FERT. LTD-NAYA NANGAL - - RASAYAN UDYOG-SINGRAULI,NATIONAL FERT. LTD-NAYA NANGAL,RASAYAN UDYOG-SINGRAULI,imported,Total Distance (km) set to 0 because source file does not include distance data.
1702,NATIONAL FERT. LTD-NAYA NANGAL - - SHRI KRISHNA ENT-ALIGARH,NATIONAL FERT. LTD-NAYA NANGAL,SHRI KRISHNA ENT-ALIGARH,imported,Total Distance (km) set to 0 because source file does not include distance data.
1703,NATIONAL FERT. LTD-NAYA NANGAL - - SHRI KRISHNA ENT-JALESAR,NATIONAL FERT. LTD-NAYA NANGAL,SHRI KRISHNA ENT-JALESAR,imported,Total Distance (km) set to 0 because source file does not include distance data.
1704,NAVABHARAT LTD-ANDRA PRADESH - - BHARAT OIL IND-AKOLA,NAVABHARAT LTD-ANDRA PRADESH,BHARAT OIL IND-AKOLA,imported,Total Distance (km) set to 0 because source file does not include distance data.
1705,"NAVIN FLOURIN,SURAT - - NAVIN FLOURIN,SURAT","NAVIN FLOURIN,SURAT","NAVIN FLOURIN,SURAT",imported,Total Distance (km) set to 0 because source file does not include distance data.
1706,NCPL-KANDLA - - GODHREJ CONSUMER PRODUCTS-MALANPUR(M.P),NCPL-KANDLA,GODHREJ CONSUMER PRODUCTS-MALANPUR(M.P),imported,Total Distance (km) set to 0 because source file does not include distance data.
1707,"NEO CHEM-GOZARIYA - - SHANTI AGRO,NAVSARI",NEO CHEM-GOZARIYA,"SHANTI AGRO,NAVSARI",imported,Total Distance (km) set to 0 because source file does not include distance data.
1708,NETAJI IOL DEPOT-HALDIA - - GODHREJ CONSUMER PRODUCTS-MALANPUR(M.P),NETAJI IOL DEPOT-HALDIA,GODHREJ CONSUMER PRODUCTS-MALANPUR(M.P),imported,Total Distance (km) set to 0 because source file does not include distance data.
1709,NETAJI OIL DEPOT UNIT-HALDIA - - VIJAY SOLVEX LTD-ALWAR,NETAJI OIL DEPOT UNIT-HALDIA,VIJAY SOLVEX LTD-ALWAR,imported,Total Distance (km) set to 0 because source file does not include distance data.
1710,NEW HORIZONS ASPHAL PVT LTD - - UDAIPUR UNIT,NEW HORIZONS ASPHAL PVT LTD,UDAIPUR UNIT,imported,Total Distance (km) set to 0 because source file does not include distance data.
1711,NEW INDIA - - S.S. TANK SOLD,NEW INDIA,S.S. TANK SOLD,imported,Total Distance (km) set to 0 because source file does not include distance data.
1712,NEW INDIA DET. PVT LTD-SARIGAM - - BIRLA CARBON INDIA-PATELGANGA-RAIGAD,NEW INDIA DET. PVT LTD-SARIGAM,BIRLA CARBON INDIA-PATELGANGA-RAIGAD,imported,Total Distance (km) set to 0 because source file does not include distance data.
1713,NEW INDIA DET. PVT LTD-SARIGAM - - HINDUSTAN UNILEVER-SUMERPUR,NEW INDIA DET. PVT LTD-SARIGAM,HINDUSTAN UNILEVER-SUMERPUR,imported,Total Distance (km) set to 0 because source file does not include distance data.
1714,NEW INDIA DET. PVT LTD-SARIGAM - - JYOTI LABS LTD-PITHAMPUR,NEW INDIA DET. PVT LTD-SARIGAM,JYOTI LABS LTD-PITHAMPUR,imported,Total Distance (km) set to 0 because source file does not include distance data.
1715,"NEW INDIA DETERGENT PVT LTD (MAHAD) - - R.M.PHOSPHATE,DHULIA",NEW INDIA DETERGENT PVT LTD (MAHAD),"R.M.PHOSPHATE,DHULIA",imported,Total Distance (km) set to 0 because source file does not include distance data.
1716,NEWWAY VYAPAAR PVT LTD-HOWRAH - - BHIWADI,NEWWAY VYAPAAR PVT LTD-HOWRAH,BHIWADI,imported,Total Distance (km) set to 0 because source file does not include distance data.
1717,NEWWAY VYAPAAR PVT LTD-HOWRAH - - SELF,NEWWAY VYAPAAR PVT LTD-HOWRAH,SELF,imported,Total Distance (km) set to 0 because source file does not include distance data.
1718,NEWWAY VYAPAAR PVT LTD-HOWRAH - - SELF-DELHI,NEWWAY VYAPAAR PVT LTD-HOWRAH,SELF-DELHI,imported,Total Distance (km) set to 0 because source file does not include distance data.
1719,NIDL SURFACTANTS PVT-HALDIA - - HINDUSTAN UNILEVER-SUMERPUR,NIDL SURFACTANTS PVT-HALDIA,HINDUSTAN UNILEVER-SUMERPUR,imported,Total Distance (km) set to 0 because source file does not include distance data.
1720,NIKHIL RASAYAN-HOWRAH - - BHIWADI,NIKHIL RASAYAN-HOWRAH,BHIWADI,imported,Total Distance (km) set to 0 because source file does not include distance data.
1721,"NIMISHA CHEM-NANDESARI - - GIL, VILAYAT",NIMISHA CHEM-NANDESARI,"GIL, VILAYAT",imported,Total Distance (km) set to 0 because source file does not include distance data.
1722,NIRMA LTD-BHAVNAGAR - - A.P.REFINERY PVT LTD-PUNJAB,NIRMA LTD-BHAVNAGAR,A.P.REFINERY PVT LTD-PUNJAB,imported,Total Distance (km) set to 0 because source file does not include distance data.
1723,NIRMA LTD-BHAVNAGAR - - ADANI HAZIRA-SURAT,NIRMA LTD-BHAVNAGAR,ADANI HAZIRA-SURAT,imported,Total Distance (km) set to 0 because source file does not include distance data.
1724,NIRMA LTD-BHAVNAGAR - - AHIR SALT & ALLIED PRODUCTS-KANDLA,NIRMA LTD-BHAVNAGAR,AHIR SALT & ALLIED PRODUCTS-KANDLA,imported,Total Distance (km) set to 0 because source file does not include distance data.
1725,NIRMA LTD-BHAVNAGAR - - AHMEDABAD,NIRMA LTD-BHAVNAGAR,KEMIT CHEMICALS PVT LTD-AHMEDABAD,imported,Total Distance (km) set to 0 because source file does not include distance data.
1726,NIRMA LTD-BHAVNAGAR - - AHMEDABAD.,NIRMA LTD-BHAVNAGAR,AHMEDABAD.,imported,Total Distance (km) set to 0 because source file does not include distance data.
1727,NIRMA LTD-BHAVNAGAR - - AKSHAR CHEM INDIA-MEHSANA,NIRMA LTD-BHAVNAGAR,AKSHAR CHEM INDIA-MEHSANA,imported,Total Distance (km) set to 0 because source file does not include distance data.
1728,NIRMA LTD-BHAVNAGAR - - ARCHIT ORG-BHAVNAGAR,NIRMA LTD-BHAVNAGAR,ARCHIT ORG-BHAVNAGAR,imported,Total Distance (km) set to 0 because source file does not include distance data.
1729,NIRMA LTD-BHAVNAGAR - - AROMATICS INDIA PVT LTD-UDAIPUR,NIRMA LTD-BHAVNAGAR,AROMATICS INDIA PVT LTD-UDAIPUR,imported,Total Distance (km) set to 0 because source file does not include distance data.
1730,NIRMA LTD-BHAVNAGAR - - CHEMETALL INDIA PVT LTD-PUNE,NIRMA LTD-BHAVNAGAR,CHEMETALL INDIA PVT LTD-PUNE,imported,Total Distance (km) set to 0 because source file does not include distance data.
1731,NIRMA LTD-BHAVNAGAR - - CHIRIPAL IND LTD-AHMDABAD,NIRMA LTD-BHAVNAGAR,CHIRIPAL IND LTD-AHMDABAD,imported,Total Distance (km) set to 0 because source file does not include distance data.
1732,NIRMA LTD-BHAVNAGAR - - CRYSTAL QUINONE PVT LTD-UNTI-II,NIRMA LTD-BHAVNAGAR,CRYSTAL QUINONE PVT LTD-UNTI-II,imported,Total Distance (km) set to 0 because source file does not include distance data.
1733,"NIRMA LTD-BHAVNAGAR - - DEEPAK NIT, NANDESARI",NIRMA LTD-BHAVNAGAR,"DEEPAK NIT, NANDESARI",imported,Total Distance (km) set to 0 because source file does not include distance data.
1734,NIRMA LTD-BHAVNAGAR - - GEMA TAX-DHOLKA,NIRMA LTD-BHAVNAGAR,GEMA TAX-DHOLKA,imported,Total Distance (km) set to 0 because source file does not include distance data.
1735,NIRMA LTD-BHAVNAGAR - - GHARDA CHEMICALS-PANOLI,NIRMA LTD-BHAVNAGAR,GHARDA CHEMICALS-PANOLI,imported,Total Distance (km) set to 0 because source file does not include distance data.
1736,NIRMA LTD-BHAVNAGAR - - HANUMAN COTTON MILL-AHMEDABAD,NIRMA LTD-BHAVNAGAR,HANUMAN COTTON MILL-AHMEDABAD,imported,Total Distance (km) set to 0 because source file does not include distance data.
1737,NIRMA LTD-BHAVNAGAR - - HARSH CHEMICALS-BALOTRA,NIRMA LTD-BHAVNAGAR,HARSH CHEMICALS-BALOTRA,imported,Total Distance (km) set to 0 because source file does not include distance data.
1738,NIRMA LTD-BHAVNAGAR - - HAZIRA PORT SURAT,NIRMA LTD-BHAVNAGAR,HAZIRA PORT SURAT,imported,Total Distance (km) set to 0 because source file does not include distance data.
1739,NIRMA LTD-BHAVNAGAR - - HENKEL ADHESIVES.PUNE-M.H.,NIRMA LTD-BHAVNAGAR,HENKEL ADHESIVES.PUNE-M.H.,imported,Total Distance (km) set to 0 because source file does not include distance data.
1740,NIRMA LTD-BHAVNAGAR - - HZL-CHITTORGARH,NIRMA LTD-BHAVNAGAR,HZL-CHITTORGARH,imported,Total Distance (km) set to 0 because source file does not include distance data.
1741,NIRMA LTD-BHAVNAGAR - - HZL-DEBARI,NIRMA LTD-BHAVNAGAR,HZL-DEBARI,imported,Total Distance (km) set to 0 because source file does not include distance data.
1742,"NIRMA LTD-BHAVNAGAR - - IFFCO,KANDLA",NIRMA LTD-BHAVNAGAR,"IFFCO,KANDLA",imported,Total Distance (km) set to 0 because source file does not include distance data.
1743,NIRMA LTD-BHAVNAGAR - - INDUSTRIAL CHEMICALS-UDAIPUR,NIRMA LTD-BHAVNAGAR,INDUSTRIAL CHEMICALS-UDAIPUR,imported,Total Distance (km) set to 0 because source file does not include distance data.
1744,NIRMA LTD-BHAVNAGAR - - JAL AQUA INTER-PANOLI,NIRMA LTD-BHAVNAGAR,JAL AQUA INTER-PANOLI,imported,Total Distance (km) set to 0 because source file does not include distance data.
1745,NIRMA LTD-BHAVNAGAR - - JAY DINESH CHEM-AHMEDABAD,NIRMA LTD-BHAVNAGAR,JAY DINESH CHEM-AHMEDABAD,imported,Total Distance (km) set to 0 because source file does not include distance data.
1746,NIRMA LTD-BHAVNAGAR - - JINDAL CREATION (P) LTD-AHMEDABAD,NIRMA LTD-BHAVNAGAR,JINDAL CREATION (P) LTD-AHMEDABAD,imported,Total Distance (km) set to 0 because source file does not include distance data.
1747,NIRMA LTD-BHAVNAGAR - - JINDAL FABRIC-AHMEDABAD,NIRMA LTD-BHAVNAGAR,JINDAL FABRIC INC-AHMEDABAD,imported,Total Distance (km) set to 0 because source file does not include distance data.
1748,NIRMA LTD-BHAVNAGAR - - KABIR ALKALIES-PANIPAT,NIRMA LTD-BHAVNAGAR,KABIR ALKALIES-PANIPAT,imported,Total Distance (km) set to 0 because source file does not include distance data.
1749,NIRMA LTD-BHAVNAGAR - - KANAIYA DYE CHEM IND-PANDESARA,NIRMA LTD-BHAVNAGAR,KANAIYA DYE CHEM IND-PANDESARA,imported,Total Distance (km) set to 0 because source file does not include distance data.
1750,NIRMA LTD-BHAVNAGAR - - KANDLA PORT-GANDHIDHAM,NIRMA LTD-BHAVNAGAR,KANDLA PORT-GANDHIDHAM,imported,Total Distance (km) set to 0 because source file does not include distance data.
1751,NIRMA LTD-BHAVNAGAR - - KANHA EXIM-AHMEDABAD,NIRMA LTD-BHAVNAGAR,KANHA EXIM-AHMEDABAD,imported,Total Distance (km) set to 0 because source file does not include distance data.
1752,NIRMA LTD-BHAVNAGAR - - KEMIT CHEMICALS PVT LTD-AHMEDABAD,NIRMA LTD-BHAVNAGAR,KEMIT CHEMICALS PVT LTD-AHMEDABAD,imported,Total Distance (km) set to 0 because source file does not include distance data.
1753,NIRMA LTD-BHAVNAGAR - - KHYATI CHEMICALS-AHMEDABAD,NIRMA LTD-BHAVNAGAR,KHYATI CHEMICALS-AHMEDABAD,imported,Total Distance (km) set to 0 because source file does not include distance data.
1754,NIRMA LTD-BHAVNAGAR - - KIRI-PADRA,NIRMA LTD-BHAVNAGAR,KIRI-PADRA,imported,Total Distance (km) set to 0 because source file does not include distance data.
1755,NIRMA LTD-BHAVNAGAR - - KUCHCHH IND-GODOWN,NIRMA LTD-BHAVNAGAR,KUCHCHH IND-GODOWN,imported,Total Distance (km) set to 0 because source file does not include distance data.
1756,NIRMA LTD-BHAVNAGAR - - KUMAR COTTON MILLS (P)LTD-AHMEDABAD,NIRMA LTD-BHAVNAGAR,KUMAR COTTON MILLS (P)LTD-AHMEDABAD,imported,Total Distance (km) set to 0 because source file does not include distance data.
1757,NIRMA LTD-BHAVNAGAR - - LAKME LEVER PVT LTD-G.DHAM,NIRMA LTD-BHAVNAGAR,LAKME LEVER PVT LTD-G.DHAM,imported,Total Distance (km) set to 0 because source file does not include distance data.
1758,NIRMA LTD-BHAVNAGAR - - MAIZE PRODUTS-AHMEDABAD,NIRMA LTD-BHAVNAGAR,MAIZE PRODUTS-AHMEDABAD,imported,Total Distance (km) set to 0 because source file does not include distance data.
1759,NIRMA LTD-BHAVNAGAR - - MEGHMANI IND LTD-DAHEJ,NIRMA LTD-BHAVNAGAR,MEGHMANI IND LTD-DAHEJ,imported,Total Distance (km) set to 0 because source file does not include distance data.
1760,NIRMA LTD-BHAVNAGAR - - MITSUBISHI CORP-KANDLA,NIRMA LTD-BHAVNAGAR,MITSUBISHI CORP-KANDLA,imported,Total Distance (km) set to 0 because source file does not include distance data.
1761,NIRMA LTD-BHAVNAGAR - - NANDAN DENIM LTD-AHMEDABAD,NIRMA LTD-BHAVNAGAR,NANDAN DENIM LTD-AHMEDABAD,imported,Total Distance (km) set to 0 because source file does not include distance data.
1762,NIRMA LTD-BHAVNAGAR - - NIRMA-MANDALI,NIRMA LTD-BHAVNAGAR,NIRMA-MANDALI,imported,Total Distance (km) set to 0 because source file does not include distance data.
1763,NIRMA LTD-BHAVNAGAR - - NOVELLA CORPORATION-BARDOLI,NIRMA LTD-BHAVNAGAR,NOVELLA CORPORATION-BARDOLI,imported,Total Distance (km) set to 0 because source file does not include distance data.
1764,"NIRMA LTD-BHAVNAGAR - - PANOLI INT , NANDESARI",NIRMA LTD-BHAVNAGAR,"PANOLI INT , NANDESARI",imported,Total Distance (km) set to 0 because source file does not include distance data.
1765,NIRMA LTD-BHAVNAGAR - - PARSHWANATH DYE-CHEM IN-AHMEDABAD,NIRMA LTD-BHAVNAGAR,PARSHWANATH DYE-CHEM IN-AHMEDABAD,imported,Total Distance (km) set to 0 because source file does not include distance data.
1766,NIRMA LTD-BHAVNAGAR - - PIL-JAMBUSAR,NIRMA LTD-BHAVNAGAR,PIL-JAMBUSAR,imported,Total Distance (km) set to 0 because source file does not include distance data.
1767,NIRMA LTD-BHAVNAGAR - - PREM INDUSTRIES-AHMEDABAD,NIRMA LTD-BHAVNAGAR,PREM INDUSTRIES-AHMEDABAD,imported,Total Distance (km) set to 0 because source file does not include distance data.
1768,NIRMA LTD-BHAVNAGAR - - PUNJAB CHEMICALS-PIMPRI-PUNE,NIRMA LTD-BHAVNAGAR,PUNJAB CHEMICALS-PIMPRI-PUNE,imported,Total Distance (km) set to 0 because source file does not include distance data.
1769,NIRMA LTD-BHAVNAGAR - - RIL-HAZIRA-SURAT,NIRMA LTD-BHAVNAGAR,RIL-HAZIRA-SURAT,imported,Total Distance (km) set to 0 because source file does not include distance data.
1770,"NIRMA LTD-BHAVNAGAR - - RUBAMIN,HALOL",NIRMA LTD-BHAVNAGAR,"RUBAMIN,HALOL",imported,Total Distance (km) set to 0 because source file does not include distance data.
1771,NIRMA LTD-BHAVNAGAR - - SACHIN HEALTH CARE PVT LTD-SURAT,NIRMA LTD-BHAVNAGAR,SACHIN HEALTH CARE PVT LTD-SURAT,imported,Total Distance (km) set to 0 because source file does not include distance data.
1772,NIRMA LTD-BHAVNAGAR - - SANDEEP-NANDESARI,NIRMA LTD-BHAVNAGAR,SANDEEP-NANDESARI,imported,Total Distance (km) set to 0 because source file does not include distance data.
1773,NIRMA LTD-BHAVNAGAR - - SELF,NIRMA LTD-BHAVNAGAR,SELF,imported,Total Distance (km) set to 0 because source file does not include distance data.
1774,NIRMA LTD-BHAVNAGAR - - SHREE BHAVYA FABRICS LTD-AHMEDABAD,NIRMA LTD-BHAVNAGAR,SHREE BHAVYA FABRICS LTD-AHMEDABAD,imported,Total Distance (km) set to 0 because source file does not include distance data.
1775,NIRMA LTD-BHAVNAGAR - - SHREE KHEDUT SAHAKARI KHAND UDYOG MADLI LTD-BARDOL,NIRMA LTD-BHAVNAGAR,SHREE KHEDUT SAHAKARI KHAND UDYOG MADLI LTD-BARDOL,imported,Total Distance (km) set to 0 because source file does not include distance data.
1776,NIRMA LTD-BHAVNAGAR - - SHREE SHYAM IND-AHMEDABAD,NIRMA LTD-BHAVNAGAR,SHREE SHYAM IND-AHMEDABAD,imported,Total Distance (km) set to 0 because source file does not include distance data.
1777,NIRMA LTD-BHAVNAGAR - - SHREEJI LIQUID STORAGE TERMINAL-KANDLA,NIRMA LTD-BHAVNAGAR,SHREEJI LIQUID STORAGE TERMINAL-KANDLA,imported,Total Distance (km) set to 0 because source file does not include distance data.
1778,NIRMA LTD-BHAVNAGAR - - SULUX PHOS.LTD-UDAIPUR,NIRMA LTD-BHAVNAGAR,SULUX PHOS.LTD-UDAIPUR,imported,Total Distance (km) set to 0 because source file does not include distance data.
1779,NIRMA LTD-BHAVNAGAR - - SURAT,NIRMA LTD-BHAVNAGAR,SURAT,imported,Total Distance (km) set to 0 because source file does not include distance data.
1780,NIRMA LTD-BHAVNAGAR - - SWAN ENERGY-AHMEDABAD,NIRMA LTD-BHAVNAGAR,SWAN ENERGY-AHMEDABAD,imported,Total Distance (km) set to 0 because source file does not include distance data.
1781,NIRMA LTD-BHAVNAGAR - - TRANSPEK ATLADARA-BRD,NIRMA LTD-BHAVNAGAR,TRANSPEK ATLADARA-BRD,imported,Total Distance (km) set to 0 because source file does not include distance data.
1782,NIRMA LTD-BHAVNAGAR - - TRANSPEK-PADRA,NIRMA LTD-BHAVNAGAR,TRANSPEK-PADRA,imported,Total Distance (km) set to 0 because source file does not include distance data.
1783,NIRMA LTD-BHAVNAGAR - - U.P.CHEMICALS-LUDHIYANA,NIRMA LTD-BHAVNAGAR,U.P.CHEMICALS-LUDHIYANA,imported,Total Distance (km) set to 0 because source file does not include distance data.
1784,NIRMA LTD-BHAVNAGAR - - UDAIPUR UNIT,NIRMA LTD-BHAVNAGAR,UDAIPUR UNIT,imported,Total Distance (km) set to 0 because source file does not include distance data.
1785,NIRMA LTD-BHAVNAGAR - - VISHAL FABRICS LTD-AHMEDABAD,NIRMA LTD-BHAVNAGAR,VISHAL FABRICS LTD-AHMEDABAD,imported,Total Distance (km) set to 0 because source file does not include distance data.
1786,NIRMA-MANDALI - - AROMATICS INDIA PVT LTD-UDAIPUR,NIRMA-MANDALI,AROMATICS INDIA PVT LTD-UDAIPUR,imported,Total Distance (km) set to 0 because source file does not include distance data.
1787,NIRMA-MANDALI - - KANHA TRADERS-SONIPAT,NIRMA-MANDALI,KANHA TRADERS-SONIPAT,imported,Total Distance (km) set to 0 because source file does not include distance data.
1788,NIRMA-MANDALI - - KARAMJI CHEMICAL-NOIDA,NIRMA-MANDALI,KARAMJI CHEMICAL-NOIDA,imported,Total Distance (km) set to 0 because source file does not include distance data.
1789,NIRMA-MANDALI - - RIDDHAN CHEMICALS-ALWAR,NIRMA-MANDALI,RIDDHAN CHEMICALS-ALWAR,imported,Total Distance (km) set to 0 because source file does not include distance data.
1790,NIRMA-MANDALI - - SHREE NIWAS CHEMICAL-NOIDA,NIRMA-MANDALI,SHREE NIWAS CHEMICAL-NOIDA,imported,Total Distance (km) set to 0 because source file does not include distance data.
1791,NIRMA-MANDALI - - SHREEJI LIQUID STORAGE TERMINAL-KANDLA,NIRMA-MANDALI,SHREEJI LIQUID STORAGE TERMINAL-KANDLA,imported,Total Distance (km) set to 0 because source file does not include distance data.
1792,NIRMA-MANDALI - - WESTERN DRUG LTD-UDAIPUR,NIRMA-MANDALI,WESTERN DRUG LTD-UDAIPUR,imported,Total Distance (km) set to 0 because source file does not include distance data.
1793,NIRMA-MANDALI - - YOGESHWAR-NAROL-A.BAD,NIRMA-MANDALI,YOGESHWAR-NAROL-A.BAD,imported,Total Distance (km) set to 0 because source file does not include distance data.
1794,OM NITRATE-WAIDHAN-M.P. - - JAYANT,OM NITRATE-WAIDHAN-M.P.,JAYANT,imported,Total Distance (km) set to 0 because source file does not include distance data.
1795,ONEIRO CHEMAICAL-PADARA - - RAIPUR,ONEIRO CHEMAICAL-PADARA,RAIPUR,imported,Total Distance (km) set to 0 because source file does not include distance data.
1796,ORIENT PAPER & IND LTD-AMLAI (M.P) - - KN AGRI RESOURCES LTD-ITARSI,ORIENT PAPER & IND LTD-AMLAI (M.P),KN AGRI RESOURCES LTD-ITARSI,imported,Total Distance (km) set to 0 because source file does not include distance data.
1797,"P.I. IND, PANOLI - - SHREE CEMENT LTD-BEAWAR","P.I. IND, PANOLI",SHREE CEMENT LTD-BEAWAR,imported,Total Distance (km) set to 0 because source file does not include distance data.
1798,"PANOLI INT , NANDESARI - - A ONE CHEM,ANKLESHWAR","PANOLI INT , NANDESARI","A ONE CHEM,ANKLESHWAR",imported,Total Distance (km) set to 0 because source file does not include distance data.
1799,"PANOLI INT , NANDESARI - - A.P.L. BHUJ","PANOLI INT , NANDESARI",A.P.L. BHUJ,imported,Total Distance (km) set to 0 because source file does not include distance data.
1800,"PANOLI INT , NANDESARI - - AARTI INDUSTRIES LTD-VAPI","PANOLI INT , NANDESARI",AARTI INDUSTRIES LTD-VAPI,imported,Total Distance (km) set to 0 because source file does not include distance data.
1801,"PANOLI INT , NANDESARI - - ADANI HAZIRA-SURAT","PANOLI INT , NANDESARI",ADANI HAZIRA-SURAT,imported,Total Distance (km) set to 0 because source file does not include distance data.
1802,"PANOLI INT , NANDESARI - - ADHEESHA PHOSPHATE-UDAIPUR","PANOLI INT , NANDESARI",ADHEESHA PHOSPHATE-UDAIPUR,imported,Total Distance (km) set to 0 because source file does not include distance data.
1803,"PANOLI INT , NANDESARI - - AGARWAL CHEMICALS-RAIPUR","PANOLI INT , NANDESARI",AGARWAL CHEMICALS-RAIPUR,imported,Total Distance (km) set to 0 because source file does not include distance data.
1804,"PANOLI INT , NANDESARI - - AHIR SALT & ALLIED PRODUCTS-KANDLA","PANOLI INT , NANDESARI",AHIR SALT & ALLIED PRODUCTS-KANDLA,imported,Total Distance (km) set to 0 because source file does not include distance data.
1805,"PANOLI INT , NANDESARI - - AMC CHEM,PANOLI","PANOLI INT , NANDESARI","AMC CHEM,PANOLI",imported,Total Distance (km) set to 0 because source file does not include distance data.
1806,"PANOLI INT , NANDESARI - - ANKLESHWAR","PANOLI INT , NANDESARI",ANKLESHWAR,imported,Total Distance (km) set to 0 because source file does not include distance data.
1807,"PANOLI INT , NANDESARI - - ARIHANT DET,DHULIA","PANOLI INT , NANDESARI","ARIHANT DET,DHULIA",imported,Total Distance (km) set to 0 because source file does not include distance data.
1808,"PANOLI INT , NANDESARI - - AROMATICS INDIA PVT LTD-UDAIPUR","PANOLI INT , NANDESARI",AROMATICS INDIA PVT LTD-UDAIPUR,imported,Total Distance (km) set to 0 because source file does not include distance data.
1809,"PANOLI INT , NANDESARI - - ASSOCIATED DYE STUFF-VAGRA","PANOLI INT , NANDESARI",ASSOCIATED DYE STUFF-VAGRA,imported,Total Distance (km) set to 0 because source file does not include distance data.
1810,"PANOLI INT , NANDESARI - - ATUL LIMITED-VALSAD","PANOLI INT , NANDESARI",ATUL LIMITED-VALSAD,imported,Total Distance (km) set to 0 because source file does not include distance data.
1811,"PANOLI INT , NANDESARI - - ATUL LTD,ANKLESHWAR","PANOLI INT , NANDESARI","ATUL LTD,ANKLESHWAR",imported,Total Distance (km) set to 0 because source file does not include distance data.
1812,"PANOLI INT , NANDESARI - - B.M. PHARMA-ANK","PANOLI INT , NANDESARI",B.M. PHARMA-ANK,imported,Total Distance (km) set to 0 because source file does not include distance data.
1813,"PANOLI INT , NANDESARI - - BAJAJ HEALTH CARE-SAVLI","PANOLI INT , NANDESARI",BAJAJ HEALTH CARE-SAVLI,imported,Total Distance (km) set to 0 because source file does not include distance data.
1814,"PANOLI INT , NANDESARI - - BANGLORE","PANOLI INT , NANDESARI",BANGLORE,imported,Total Distance (km) set to 0 because source file does not include distance data.
1815,"PANOLI INT , NANDESARI - - BELLARY","PANOLI INT , NANDESARI",BELLARY,imported,Total Distance (km) set to 0 because source file does not include distance data.
1816,"PANOLI INT , NANDESARI - - BENZO CHEM IND-VAGARA","PANOLI INT , NANDESARI",BENZO CHEM IND-VAGARA,imported,Total Distance (km) set to 0 because source file does not include distance data.
1817,"PANOLI INT , NANDESARI - - BHARAT RASAYAN-DAHEJ","PANOLI INT , NANDESARI",BHARAT RASAYAN-DAHEJ,imported,Total Distance (km) set to 0 because source file does not include distance data.
1818,"PANOLI INT , NANDESARI - - BHILWARA.","PANOLI INT , NANDESARI",BHILWARA.,imported,Total Distance (km) set to 0 because source file does not include distance data.
1819,"PANOLI INT , NANDESARI - - BILT GRAPHIC,BALLARPUR","PANOLI INT , NANDESARI","BILT GRAPHIC,BALLARPUR",imported,Total Distance (km) set to 0 because source file does not include distance data.
1820,"PANOLI INT , NANDESARI - - BIRLA CELLULOSIC-KOSAMBA","PANOLI INT , NANDESARI",BIRLA CELLULOSIC-KOSAMBA,imported,Total Distance (km) set to 0 because source file does not include distance data.
1821,"PANOLI INT , NANDESARI - - BRAHMANI RASAYAN-JODHPUR","PANOLI INT , NANDESARI",BRAHMANI RASAYAN-JODHPUR,imported,Total Distance (km) set to 0 because source file does not include distance data.
1822,"PANOLI INT , NANDESARI - - CHANDRAPUR","PANOLI INT , NANDESARI",CHANDRAPUR,imported,Total Distance (km) set to 0 because source file does not include distance data.
1823,"PANOLI INT , NANDESARI - - CHEMIE ORG. JHAGADIA","PANOLI INT , NANDESARI",CHEMIE ORG. JHAGADIA,imported,Total Distance (km) set to 0 because source file does not include distance data.
1824,"PANOLI INT , NANDESARI - - CIL -NANDESARI","PANOLI INT , NANDESARI",CIL -NANDESARI,imported,Total Distance (km) set to 0 because source file does not include distance data.
1825,"PANOLI INT , NANDESARI - - CIL-ENNORE-CHENNAI","PANOLI INT , NANDESARI",CIL-ENNORE-CHENNAI,imported,Total Distance (km) set to 0 because source file does not include distance data.
1826,"PANOLI INT , NANDESARI - - CLAIRVOYANCE IND-DAHEJ","PANOLI INT , NANDESARI",CLAIRVOYANCE IND-DAHEJ,imported,Total Distance (km) set to 0 because source file does not include distance data.
1827,"PANOLI INT , NANDESARI - - COACHIN","PANOLI INT , NANDESARI",COACHIN,imported,Total Distance (km) set to 0 because source file does not include distance data.
1828,"PANOLI INT , NANDESARI - - COLOUR TEX,SURAT","PANOLI INT , NANDESARI","COLOUR TEX,SURAT",imported,Total Distance (km) set to 0 because source file does not include distance data.
1829,"PANOLI INT , NANDESARI - - D.F.P.C.L.-TALOJA","PANOLI INT , NANDESARI",D.F.P.C.L.-TALOJA,imported,Total Distance (km) set to 0 because source file does not include distance data.
1830,"PANOLI INT , NANDESARI - - DECCAN FINE CHEM (INDIA)ANK","PANOLI INT , NANDESARI",DECCAN FINE CHEM (INDIA)ANK,imported,Total Distance (km) set to 0 because source file does not include distance data.
1831,"PANOLI INT , NANDESARI - - DEEPAK NIT, NANDESARI","PANOLI INT , NANDESARI","DEEPAK NIT, NANDESARI",imported,Total Distance (km) set to 0 because source file does not include distance data.
1832,"PANOLI INT , NANDESARI - - DEVAS","PANOLI INT , NANDESARI",DEVAS,imported,Total Distance (km) set to 0 because source file does not include distance data.
1833,"PANOLI INT , NANDESARI - - FENA LTD, SILVASSA","PANOLI INT , NANDESARI","FENA LTD, SILVASSA",imported,Total Distance (km) set to 0 because source file does not include distance data.
1834,"PANOLI INT , NANDESARI - - GACL-BARODA","PANOLI INT , NANDESARI",GACL-BARODA,imported,Total Distance (km) set to 0 because source file does not include distance data.
1835,"PANOLI INT , NANDESARI - - GACL-DAHEJ","PANOLI INT , NANDESARI",GACL-DAHEJ,imported,Total Distance (km) set to 0 because source file does not include distance data.
1836,"PANOLI INT , NANDESARI - - GACL-NALCO-BHARUCH","PANOLI INT , NANDESARI",GACL-NALCO-BHARUCH,imported,Total Distance (km) set to 0 because source file does not include distance data.
1837,"PANOLI INT , NANDESARI - - GALAXY CHEMICALS-BALLARY","PANOLI INT , NANDESARI",GALAXY CHEMICALS-BALLARY,imported,Total Distance (km) set to 0 because source file does not include distance data.
1838,"PANOLI INT , NANDESARI - - GFL-DAHEJ","PANOLI INT , NANDESARI",GFL-DAHEJ,imported,Total Distance (km) set to 0 because source file does not include distance data.
1839,"PANOLI INT , NANDESARI - - GFL-RANJITNAGAR","PANOLI INT , NANDESARI",GFL-RANJITNAGAR,imported,Total Distance (km) set to 0 because source file does not include distance data.
1840,"PANOLI INT , NANDESARI - - GIL, VILAYAT","PANOLI INT , NANDESARI","GIL, VILAYAT",imported,Total Distance (km) set to 0 because source file does not include distance data.
1841,"PANOLI INT , NANDESARI - - GIL-NAGDA","PANOLI INT , NANDESARI",GIL-NAGDA,imported,Total Distance (km) set to 0 because source file does not include distance data.
1842,"PANOLI INT , NANDESARI - - GLOBAL DRILLING FLUIDS-HALOL","PANOLI INT , NANDESARI",GLOBAL DRILLING FLUIDS-HALOL,imported,Total Distance (km) set to 0 because source file does not include distance data.
1843,"PANOLI INT , NANDESARI - - GNFC LTD. - DAHEJ","PANOLI INT , NANDESARI",GNFC LTD. - DAHEJ,imported,Total Distance (km) set to 0 because source file does not include distance data.
1844,"PANOLI INT , NANDESARI - - GNFC,. BHARUCH","PANOLI INT , NANDESARI","GNFC,. BHARUCH",imported,Total Distance (km) set to 0 because source file does not include distance data.
1845,"PANOLI INT , NANDESARI - - GOPINATH CHEM-KADI","PANOLI INT , NANDESARI",GOPINATH CHEM-KADI,imported,Total Distance (km) set to 0 because source file does not include distance data.
1846,"PANOLI INT , NANDESARI - - GRASIM IND LTD-VILAYAT BHARUCH","PANOLI INT , NANDESARI",GRASIM IND LTD-VILAYAT BHARUCH,imported,Total Distance (km) set to 0 because source file does not include distance data.
1847,"PANOLI INT , NANDESARI - - GREEN STAR FER.LTD-TUTICORIN","PANOLI INT , NANDESARI",GREEN STAR FER.LTD-TUTICORIN,imported,Total Distance (km) set to 0 because source file does not include distance data.
1848,"PANOLI INT , NANDESARI - - GSFC LTD. BARODA","PANOLI INT , NANDESARI",GSFC LTD. BARODA,imported,Total Distance (km) set to 0 because source file does not include distance data.
1849,"PANOLI INT , NANDESARI - - GSFC LTD. SIKKA UNIT","PANOLI INT , NANDESARI",GSFC LTD. SIKKA UNIT,imported,Total Distance (km) set to 0 because source file does not include distance data.
1850,"PANOLI INT , NANDESARI - - GURUDEV DYE STUFF-AMD","PANOLI INT , NANDESARI",GURUDEV DYE STUFF-AMD,imported,Total Distance (km) set to 0 because source file does not include distance data.
1851,"PANOLI INT , NANDESARI - - H.N. ENT. NANDESARI","PANOLI INT , NANDESARI",H.N. ENT. NANDESARI,imported,Total Distance (km) set to 0 because source file does not include distance data.
1852,"PANOLI INT , NANDESARI - - HCL - ANKLESHWAR","PANOLI INT , NANDESARI",HCL - ANKLESHWAR,imported,Total Distance (km) set to 0 because source file does not include distance data.
1853,"PANOLI INT , NANDESARI - - HCL-DAHEJ","PANOLI INT , NANDESARI",HCL-DAHEJ,imported,Total Distance (km) set to 0 because source file does not include distance data.
1854,"PANOLI INT , NANDESARI - - HEMANI CHEEM -VAPI","PANOLI INT , NANDESARI",HEMANI CHEEM -VAPI,imported,Total Distance (km) set to 0 because source file does not include distance data.
1855,"PANOLI INT , NANDESARI - - HEMANI CHEMI ORG-VAPI","PANOLI INT , NANDESARI",HEMANI CHEMI ORG-VAPI,imported,Total Distance (km) set to 0 because source file does not include distance data.
1856,"PANOLI INT , NANDESARI - - HEMANI INT. PVT LTD-VAPI","PANOLI INT , NANDESARI",HEMANI INT. PVT LTD-VAPI,imported,Total Distance (km) set to 0 because source file does not include distance data.
1857,"PANOLI INT , NANDESARI - - HETERO LABS LTD-VISAKAPATNAM","PANOLI INT , NANDESARI",HETERO LABS LTD-VISAKAPATNAM,imported,Total Distance (km) set to 0 because source file does not include distance data.
1858,"PANOLI INT , NANDESARI - - HIND CHEMICALS-MUMBAI","PANOLI INT , NANDESARI",HIND CHEMICALS-MUMBAI,imported,Total Distance (km) set to 0 because source file does not include distance data.
1859,"PANOLI INT , NANDESARI - - INDEAL DYECHEM-VAPI","PANOLI INT , NANDESARI",INDEAL DYECHEM-VAPI,imported,Total Distance (km) set to 0 because source file does not include distance data.
1860,"PANOLI INT , NANDESARI - - INDIAN PESTICIDES LTD-SANDILA-HARDOI","PANOLI INT , NANDESARI",INDIAN PESTICIDES LTD-SANDILA-HARDOI,imported,Total Distance (km) set to 0 because source file does not include distance data.
1861,"PANOLI INT , NANDESARI - - INDIAN PHOS LTD-UDAIPUR","PANOLI INT , NANDESARI",INDIAN PHOS LTD-UDAIPUR,imported,Total Distance (km) set to 0 because source file does not include distance data.
1862,"PANOLI INT , NANDESARI - - INDORE","PANOLI INT , NANDESARI",INDORE,imported,Total Distance (km) set to 0 because source file does not include distance data.
1863,"PANOLI INT , NANDESARI - - INSECTIDES INDIA LTD-DAHEJ","PANOLI INT , NANDESARI",INSECTIDES INDIA LTD-DAHEJ,imported,Total Distance (km) set to 0 because source file does not include distance data.
1864,"PANOLI INT , NANDESARI - - IOCL,BARODA","PANOLI INT , NANDESARI","IOCL,BARODA",imported,Total Distance (km) set to 0 because source file does not include distance data.
1865,"PANOLI INT , NANDESARI - - JAINSON ORGANIC-INDORE","PANOLI INT , NANDESARI",JAINSON ORGANIC-INDORE,imported,Total Distance (km) set to 0 because source file does not include distance data.
1866,"PANOLI INT , NANDESARI - - JALGOAN","PANOLI INT , NANDESARI",JALGOAN,imported,Total Distance (km) set to 0 because source file does not include distance data.
1867,"PANOLI INT , NANDESARI - - JAY CHEMICAL IND-SAYKHA","PANOLI INT , NANDESARI",JAY CHEMICAL IND-SAYKHA,imported,Total Distance (km) set to 0 because source file does not include distance data.
1868,"PANOLI INT , NANDESARI - - JAY CHEMICAL VATVA","PANOLI INT , NANDESARI",JAY CHEMICAL VATVA,imported,Total Distance (km) set to 0 because source file does not include distance data.
1869,"PANOLI INT , NANDESARI - - JAY CHEMICAL-KHAMBAT","PANOLI INT , NANDESARI",JAY CHEMICAL-KHAMBAT,imported,Total Distance (km) set to 0 because source file does not include distance data.
1870,"PANOLI INT , NANDESARI - - JAYJEE CHEMICALS-SILVASSA","PANOLI INT , NANDESARI",JAYJEE CHEMICALS-SILVASSA,imported,Total Distance (km) set to 0 because source file does not include distance data.
1871,"PANOLI INT , NANDESARI - - JHAGADIA","PANOLI INT , NANDESARI",JHAGADIA,imported,Total Distance (km) set to 0 because source file does not include distance data.
1872,"PANOLI INT , NANDESARI - - KASTURCHAND FER.PVT LTD-WADASA(M.H)","PANOLI INT , NANDESARI",KASTURCHAND FER.PVT LTD-WADASA(M.H),imported,Total Distance (km) set to 0 because source file does not include distance data.
1873,"PANOLI INT , NANDESARI - - KCIL-GANDHAIDHAM","PANOLI INT , NANDESARI",KCIL-GANDHAIDHAM,imported,Total Distance (km) set to 0 because source file does not include distance data.
1874,"PANOLI INT , NANDESARI - - KILBURN CHE LTD-DAHEJ","PANOLI INT , NANDESARI",KILBURN CHE LTD-DAHEJ,imported,Total Distance (km) set to 0 because source file does not include distance data.
1875,"PANOLI INT , NANDESARI - - KOSAMBA","PANOLI INT , NANDESARI",KOSAMBA,imported,Total Distance (km) set to 0 because source file does not include distance data.
1876,"PANOLI INT , NANDESARI - - LALIT BRATHER-CHANDRAPUR","PANOLI INT , NANDESARI",LALIT BRATHER-CHANDRAPUR,imported,Total Distance (km) set to 0 because source file does not include distance data.
1877,"PANOLI INT , NANDESARI - - LALIT BRATHER-INDOR","PANOLI INT , NANDESARI",LALIT BRATHER-INDOR,imported,Total Distance (km) set to 0 because source file does not include distance data.
1878,"PANOLI INT , NANDESARI - - LALIT BRATHER-MEGHNAGAR","PANOLI INT , NANDESARI",LALIT BRATHER-MEGHNAGAR,imported,Total Distance (km) set to 0 because source file does not include distance data.
1879,"PANOLI INT , NANDESARI - - LUNA CHEMICAL-DAHEJ","PANOLI INT , NANDESARI",LUNA CHEMICAL-DAHEJ,imported,Total Distance (km) set to 0 because source file does not include distance data.
1880,"PANOLI INT , NANDESARI - - M.BHARAT MEGHNAGAR","PANOLI INT , NANDESARI",M.BHARAT MEGHNAGAR,imported,Total Distance (km) set to 0 because source file does not include distance data.
1881,"PANOLI INT , NANDESARI - - MADHU SIL,BHAVNAGAR","PANOLI INT , NANDESARI","MADHU SIL,BHAVNAGAR",imported,Total Distance (km) set to 0 because source file does not include distance data.
1882,"PANOLI INT , NANDESARI - - MAHESH OIL RIFIENRY-HAZIRZ-SURAT","PANOLI INT , NANDESARI",MAHESH OIL RIFIENRY-HAZIRZ-SURAT,imported,Total Distance (km) set to 0 because source file does not include distance data.
1883,"PANOLI INT , NANDESARI - - MALCO ENERGY LTD-CUNCOLIM-GOA","PANOLI INT , NANDESARI",MALCO ENERGY LTD-CUNCOLIM-GOA,imported,Total Distance (km) set to 0 because source file does not include distance data.
1884,"PANOLI INT , NANDESARI - - MALCO ENERGY LTD-GOA","PANOLI INT , NANDESARI",MALCO ENERGY LTD-GOA,imported,Total Distance (km) set to 0 because source file does not include distance data.
1885,"PANOLI INT , NANDESARI - - MANTRAA CHEMIE-SURAT","PANOLI INT , NANDESARI",MANTRAA CHEMIE-SURAT,imported,Total Distance (km) set to 0 because source file does not include distance data.
1886,"PANOLI INT , NANDESARI - - MARUTI CHEMICAL- NANDESARI","PANOLI INT , NANDESARI",MARUTI CHEMICAL- NANDESARI,imported,Total Distance (km) set to 0 because source file does not include distance data.
1887,"PANOLI INT , NANDESARI - - MAYUR DYE CHEM-PADRA","PANOLI INT , NANDESARI",MAYUR DYE CHEM-PADRA,imported,Total Distance (km) set to 0 because source file does not include distance data.
1888,"PANOLI INT , NANDESARI - - MEERAM ACID P.LTD-KERALA","PANOLI INT , NANDESARI",MEERAM ACID P.LTD-KERALA,imported,Total Distance (km) set to 0 because source file does not include distance data.
1889,"PANOLI INT , NANDESARI - - MEGHMANI DYES & INTER-DUDHWADA-PADRA","PANOLI INT , NANDESARI",MEGHMANI DYES & INTER-DUDHWADA-PADRA,imported,Total Distance (km) set to 0 because source file does not include distance data.
1890,"PANOLI INT , NANDESARI - - MEGHMANI IND LTD-DAHEJ","PANOLI INT , NANDESARI",MEGHMANI IND LTD-DAHEJ,imported,Total Distance (km) set to 0 because source file does not include distance data.
1891,"PANOLI INT , NANDESARI - - MICAS ORG.LTD-II-VAPI","PANOLI INT , NANDESARI",MICAS ORG.LTD-II-VAPI,imported,Total Distance (km) set to 0 because source file does not include distance data.
1892,"PANOLI INT , NANDESARI - - MINOL ACIDS,ANKLESHWAR","PANOLI INT , NANDESARI","MINOL ACIDS,ANKLESHWAR",imported,Total Distance (km) set to 0 because source file does not include distance data.
1893,"PANOLI INT , NANDESARI - - MMCPL,JHAGADIA","PANOLI INT , NANDESARI","MMCPL,JHAGADIA",imported,Total Distance (km) set to 0 because source file does not include distance data.
1894,"PANOLI INT , NANDESARI - - NAGPUR","PANOLI INT , NANDESARI",NAGPUR,imported,Total Distance (km) set to 0 because source file does not include distance data.
1895,"PANOLI INT , NANDESARI - - NANDOLIA ORG.CHEM.PVT.LTD-PANOLI","PANOLI INT , NANDESARI",NANDOLIA ORG.CHEM.PVT.LTD-PANOLI,imported,Total Distance (km) set to 0 because source file does not include distance data.
1896,"PANOLI INT , NANDESARI - - NARMADA BIO-CHEM LTD-SANGWADIA-NIMBAHEDRA","PANOLI INT , NANDESARI",NARMADA BIO-CHEM LTD-SANGWADIA-NIMBAHEDRA,imported,Total Distance (km) set to 0 because source file does not include distance data.
1897,"PANOLI INT , NANDESARI - - NAVDEEP ENT-SANAND","PANOLI INT , NANDESARI",NAVDEEP ENT-SANAND,imported,Total Distance (km) set to 0 because source file does not include distance data.
1898,"PANOLI INT , NANDESARI - - NIKEN CHEM,SURAT","PANOLI INT , NANDESARI","NIKEN CHEM,SURAT",imported,Total Distance (km) set to 0 because source file does not include distance data.
1899,"PANOLI INT , NANDESARI - - NIMBAHERA","PANOLI INT , NANDESARI",NIMBAHERA,imported,Total Distance (km) set to 0 because source file does not include distance data.
1900,"PANOLI INT , NANDESARI - - NINE INTERNATIONAL-VATVA","PANOLI INT , NANDESARI",NINE INTERNATIONAL-VATVA,imported,Total Distance (km) set to 0 because source file does not include distance data.
1901,"PANOLI INT , NANDESARI - - NPCIL-KAKRAPAR","PANOLI INT , NANDESARI",NPCIL-KAKRAPAR,imported,Total Distance (km) set to 0 because source file does not include distance data.
1902,"PANOLI INT , NANDESARI - - OCCL-HARYANA","PANOLI INT , NANDESARI",OCCL-HARYANA,imported,Total Distance (km) set to 0 because source file does not include distance data.
1903,"PANOLI INT , NANDESARI - - ONGC-DAHEJ","PANOLI INT , NANDESARI",ONGC-DAHEJ,imported,Total Distance (km) set to 0 because source file does not include distance data.
1904,"PANOLI INT , NANDESARI - - ORDNANCE FACTORY-BHANDRA","PANOLI INT , NANDESARI",ORDNANCE FACTORY-BHANDRA,imported,Total Distance (km) set to 0 because source file does not include distance data.
1905,"PANOLI INT , NANDESARI - - ORGANIC IND,DAHEJ","PANOLI INT , NANDESARI","ORGANIC IND,DAHEJ",imported,Total Distance (km) set to 0 because source file does not include distance data.
1906,"PANOLI INT , NANDESARI - - P I INDUSTREIES LTD-DAHEJ-SEZ","PANOLI INT , NANDESARI",P I INDUSTREIES LTD-DAHEJ-SEZ,imported,Total Distance (km) set to 0 because source file does not include distance data.
1907,"PANOLI INT , NANDESARI - - PANOLI INT , NANDESARI","PANOLI INT , NANDESARI","PANOLI INT , NANDESARI",imported,Total Distance (km) set to 0 because source file does not include distance data.
1908,"PANOLI INT , NANDESARI - - PATEL PHOSCHEM-UDAIPUR","PANOLI INT , NANDESARI",PATEL PHOSCHEM-UDAIPUR,imported,Total Distance (km) set to 0 because source file does not include distance data.
1909,"PANOLI INT , NANDESARI - - PIL-JAMBUSAR","PANOLI INT , NANDESARI",PIL-JAMBUSAR,imported,Total Distance (km) set to 0 because source file does not include distance data.
1910,"PANOLI INT , NANDESARI - - PPL GOA PLANT-GOA","PANOLI INT , NANDESARI",PPL GOA PLANT-GOA,imported,Total Distance (km) set to 0 because source file does not include distance data.
1911,"PANOLI INT , NANDESARI - - PRAKASH CHEMICAL-ANKLESHWAR","PANOLI INT , NANDESARI",PRAKASH CHEMICAL-ANKLESHWAR,imported,Total Distance (km) set to 0 because source file does not include distance data.
1912,"PANOLI INT , NANDESARI - - PRAKHAR ESTATE PVT LTD-SACHIN","PANOLI INT , NANDESARI",PRAKHAR ESTATE PVT LTD-SACHIN,imported,Total Distance (km) set to 0 because source file does not include distance data.
1913,"PANOLI INT , NANDESARI - - PREM SAKHI,UDAIPUR","PANOLI INT , NANDESARI","PREM SAKHI,UDAIPUR",imported,Total Distance (km) set to 0 because source file does not include distance data.
1914,"PANOLI INT , NANDESARI - - PUNE-(M.H.)","PANOLI INT , NANDESARI",PUNE-(M.H.),imported,Total Distance (km) set to 0 because source file does not include distance data.
1915,"PANOLI INT , NANDESARI - - R.I.L.JAMNAGAR","PANOLI INT , NANDESARI",R.I.L.JAMNAGAR,imported,Total Distance (km) set to 0 because source file does not include distance data.
1916,"PANOLI INT , NANDESARI - - R.IND-DHULE","PANOLI INT , NANDESARI",R.IND-DHULE,imported,Total Distance (km) set to 0 because source file does not include distance data.
1917,"PANOLI INT , NANDESARI - - R.M.PHOSPHATE,DHULIA","PANOLI INT , NANDESARI","R.M.PHOSPHATE,DHULIA",imported,Total Distance (km) set to 0 because source file does not include distance data.
1918,"PANOLI INT , NANDESARI - - R.M.PHOSPHATES-DEWAS(M.P)","PANOLI INT , NANDESARI",R.M.PHOSPHATES-DEWAS(M.P),imported,Total Distance (km) set to 0 because source file does not include distance data.
1919,"PANOLI INT , NANDESARI - - RADHA MADHAV,SURAT","PANOLI INT , NANDESARI","RADHA MADHAV,SURAT",imported,Total Distance (km) set to 0 because source file does not include distance data.
1920,"PANOLI INT , NANDESARI - - RADHIKA NANDESARI","PANOLI INT , NANDESARI",RADHIKA NANDESARI,imported,Total Distance (km) set to 0 because source file does not include distance data.
1921,"PANOLI INT , NANDESARI - - RATHOD PHARMA-M.NAGAR","PANOLI INT , NANDESARI",RATHOD PHARMA-M.NAGAR,imported,Total Distance (km) set to 0 because source file does not include distance data.
1922,"PANOLI INT , NANDESARI - - RATTANINDIA POWER LTD-NANDGAON PETH-AMRAVAT","PANOLI INT , NANDESARI",RATTANINDIA POWER LTD-NANDGAON PETH-AMRAVATI,imported,Total Distance (km) set to 0 because source file does not include distance data.
1923,"PANOLI INT , NANDESARI - - RATTANINDIA POWER LTD-NANDGAON PETH-AMRAVATI","PANOLI INT , NANDESARI",RATTANINDIA POWER LTD-NANDGAON PETH-AMRAVATI,imported,Total Distance (km) set to 0 because source file does not include distance data.
1924,"PANOLI INT , NANDESARI - - RAVI RAJ CHEM-ANKLESHWAR","PANOLI INT , NANDESARI",RAVI RAJ CHEM-ANKLESHWAR,imported,Total Distance (km) set to 0 because source file does not include distance data.
1925,"PANOLI INT , NANDESARI - - RELIANCE SYNGAS LTD.-JAMNAGAR","PANOLI INT , NANDESARI",RELIANCE SYNGAS LTD.-JAMNAGAR,imported,Total Distance (km) set to 0 because source file does not include distance data.
1926,"PANOLI INT , NANDESARI - - RIL ROHA","PANOLI INT , NANDESARI",RIL ROHA,imported,Total Distance (km) set to 0 because source file does not include distance data.
1927,"PANOLI INT , NANDESARI - - RIL-DAHEJ","PANOLI INT , NANDESARI",RIL-DAHEJ,imported,Total Distance (km) set to 0 because source file does not include distance data.
1928,"PANOLI INT , NANDESARI - - RIL-HAZIRA-SURAT","PANOLI INT , NANDESARI",RIL-HAZIRA-SURAT,imported,Total Distance (km) set to 0 because source file does not include distance data.
1929,"PANOLI INT , NANDESARI - - RIL-JAMNAGAR (SEZ)","PANOLI INT , NANDESARI",RIL-JAMNAGAR (SEZ),imported,Total Distance (km) set to 0 because source file does not include distance data.
1930,"PANOLI INT , NANDESARI - - RIL-MOTIKHAVDI-JAMNAGAR","PANOLI INT , NANDESARI",RIL-MOTIKHAVDI-JAMNAGAR,imported,Total Distance (km) set to 0 because source file does not include distance data.
1931,"PANOLI INT , NANDESARI - - RIL-NAGOTHANE","PANOLI INT , NANDESARI",RIL-NAGOTHANE,imported,Total Distance (km) set to 0 because source file does not include distance data.
1932,"PANOLI INT , NANDESARI - - RIL-VADODARA","PANOLI INT , NANDESARI",RIL-VADODARA,imported,Total Distance (km) set to 0 because source file does not include distance data.
1933,"PANOLI INT , NANDESARI - - ROHAN CHEMICAL KHAMBHAT","PANOLI INT , NANDESARI",ROHAN CHEMICAL KHAMBHAT,imported,Total Distance (km) set to 0 because source file does not include distance data.
1934,"PANOLI INT , NANDESARI - - RUCHI-DAHEJ","PANOLI INT , NANDESARI",RUCHI-DAHEJ,imported,Total Distance (km) set to 0 because source file does not include distance data.
1935,"PANOLI INT , NANDESARI - - SANJAY CHEMICALS-TELANGANA","PANOLI INT , NANDESARI",SANJAY CHEMICALS-TELANGANA,imported,Total Distance (km) set to 0 because source file does not include distance data.
1936,"PANOLI INT , NANDESARI - - SANJOPIN IND PVT LTD-SAYKHA","PANOLI INT , NANDESARI",SANJOPIN IND PVT LTD-SAYKHA,imported,Total Distance (km) set to 0 because source file does not include distance data.
1937,"PANOLI INT , NANDESARI - - SELF","PANOLI INT , NANDESARI",SELF,imported,Total Distance (km) set to 0 because source file does not include distance data.
1938,"PANOLI INT , NANDESARI - - SESHASAYEE PAPER PALLIPALAYAM(T.N)","PANOLI INT , NANDESARI",SESHASAYEE PAPER PALLIPALAYAM(T.N),imported,Total Distance (km) set to 0 because source file does not include distance data.
1939,"PANOLI INT , NANDESARI - - SHIVA PHARMACHEM-DAHEJ","PANOLI INT , NANDESARI",SHIVA PHARMACHEM-DAHEJ,imported,Total Distance (km) set to 0 because source file does not include distance data.
1940,"PANOLI INT , NANDESARI - - SHIVAM PRODUCTS-ANK","PANOLI INT , NANDESARI",SHIVAM PRODUCTS-ANK,imported,Total Distance (km) set to 0 because source file does not include distance data.
1941,"PANOLI INT , NANDESARI - - SHREE BALAJEE MEGNESITE-SALEM-TAMILNADU","PANOLI INT , NANDESARI",SHREE BALAJEE MEGNESITE-SALEM-TAMILNADU,imported,Total Distance (km) set to 0 because source file does not include distance data.
1942,"PANOLI INT , NANDESARI - - SHREE GANESH IND-SACHIN","PANOLI INT , NANDESARI",SHREE GANESH IND-SACHIN,imported,Total Distance (km) set to 0 because source file does not include distance data.
1943,"PANOLI INT , NANDESARI - - SHREE MAHESH OIL REFINERY-DEWAS","PANOLI INT , NANDESARI",SHREE MAHESH OIL REFINERY-DEWAS,imported,Total Distance (km) set to 0 because source file does not include distance data.
1944,"PANOLI INT , NANDESARI - - SHREE PUSHKAR PHOS CHEM-UDAIPUR","PANOLI INT , NANDESARI",SHREE PUSHKAR PHOS CHEM-UDAIPUR,imported,Total Distance (km) set to 0 because source file does not include distance data.
1945,"PANOLI INT , NANDESARI - - SHREE SHIV AGRO-BARODA","PANOLI INT , NANDESARI",SHREE SHIV AGRO-BARODA,imported,Total Distance (km) set to 0 because source file does not include distance data.
1946,"PANOLI INT , NANDESARI - - SHREEJI LIQUID STORAGE TERMINAL-KANDLA","PANOLI INT , NANDESARI",SHREEJI LIQUID STORAGE TERMINAL-KANDLA,imported,Total Distance (km) set to 0 because source file does not include distance data.
1947,"PANOLI INT , NANDESARI - - SHRI KRISHNA-SILVASSA","PANOLI INT , NANDESARI",SHRI KRISHNA-SILVASSA,imported,Total Distance (km) set to 0 because source file does not include distance data.
1948,"PANOLI INT , NANDESARI - - SHRIRAM ALKALI & CHEM-JHAGADIA","PANOLI INT , NANDESARI",SHRIRAM ALKALI & CHEM-JHAGADIA,imported,Total Distance (km) set to 0 because source file does not include distance data.
1949,"PANOLI INT , NANDESARI - - SIDDHI VINAYAK ENT-M.NAGAR","PANOLI INT , NANDESARI",SIDDHI VINAYAK ENT-M.NAGAR,imported,Total Distance (km) set to 0 because source file does not include distance data.
1950,"PANOLI INT , NANDESARI - - SIFLON DRUG-BALLERY","PANOLI INT , NANDESARI",SIFLON DRUG-BALLERY,imported,Total Distance (km) set to 0 because source file does not include distance data.
1951,"PANOLI INT , NANDESARI - - SIFLON PHARMA PVT LTD-KARNATAKA","PANOLI INT , NANDESARI",SIFLON PHARMA PVT LTD-KARNATAKA,imported,Total Distance (km) set to 0 because source file does not include distance data.
1952,"PANOLI INT , NANDESARI - - SKY INTERMEDIATES-DAHEJ","PANOLI INT , NANDESARI",SKY INTERMEDIATES-DAHEJ,imported,Total Distance (km) set to 0 because source file does not include distance data.
1953,"PANOLI INT , NANDESARI - - SMARTCHEM TECH-TALOJA","PANOLI INT , NANDESARI",SMARTCHEM TECH-TALOJA,imported,Total Distance (km) set to 0 because source file does not include distance data.
1954,"PANOLI INT , NANDESARI - - SONGWON SPECUALTYCHEM-PANOLI","PANOLI INT , NANDESARI",SONGWON SPECUALTYCHEM-PANOLI,imported,Total Distance (km) set to 0 because source file does not include distance data.
1955,"PANOLI INT , NANDESARI - - SRF-DAHEJ","PANOLI INT , NANDESARI",SRF-DAHEJ,imported,Total Distance (km) set to 0 because source file does not include distance data.
1956,"PANOLI INT , NANDESARI - - SUKHA CHEMICALS IND UNIT-11-PANOLI","PANOLI INT , NANDESARI",SUKHA CHEMICALS IND UNIT-11-PANOLI,imported,Total Distance (km) set to 0 because source file does not include distance data.
1957,"PANOLI INT , NANDESARI - - SUNNY CHEMICAL WORKS-PANIPAT","PANOLI INT , NANDESARI",SUNNY CHEMICAL WORKS-PANIPAT,imported,Total Distance (km) set to 0 because source file does not include distance data.
1958,"PANOLI INT , NANDESARI - - SUVIDHI IND PVT LTD-VALSAD","PANOLI INT , NANDESARI",SUVIDHI IND PVT LTD-VALSAD,imported,Total Distance (km) set to 0 because source file does not include distance data.
1959,"PANOLI INT , NANDESARI - - TAG00R LAB. PVT. LTD-MANDAL (A.P.)","PANOLI INT , NANDESARI",TAG00R LAB. PVT. LTD-MANDAL (A.P.),imported,Total Distance (km) set to 0 because source file does not include distance data.
1960,"PANOLI INT , NANDESARI - - TAGROS CHEMICALS-PANOLI-ANK","PANOLI INT , NANDESARI",TAGROS CHEMICALS-PANOLI-ANK,imported,Total Distance (km) set to 0 because source file does not include distance data.
1961,"PANOLI INT , NANDESARI - - TATA CHEMICAL LTD-CUDDALORE","PANOLI INT , NANDESARI",TATA CHEMICAL LTD-CUDDALORE,imported,Total Distance (km) set to 0 because source file does not include distance data.
1962,"PANOLI INT , NANDESARI - - TRANSPEK-PADRA","PANOLI INT , NANDESARI",TRANSPEK-PADRA,imported,Total Distance (km) set to 0 because source file does not include distance data.
1963,"PANOLI INT , NANDESARI - - TRANSWORLD FURTICHEM-JHAGADIA","PANOLI INT , NANDESARI",TRANSWORLD FURTICHEM-JHAGADIA,imported,Total Distance (km) set to 0 because source file does not include distance data.
1964,"PANOLI INT , NANDESARI - - TRISHA SPECIALITY CHEM-DHOLKA","PANOLI INT , NANDESARI",TRISHA SPECIALITY CHEM-DHOLKA,imported,Total Distance (km) set to 0 because source file does not include distance data.
1965,"PANOLI INT , NANDESARI - - U.P.CHEMICALS-LUDHIYANA","PANOLI INT , NANDESARI",U.P.CHEMICALS-LUDHIYANA,imported,Total Distance (km) set to 0 because source file does not include distance data.
1966,"PANOLI INT , NANDESARI - - UC COLOUR & INT-SAYKHA","PANOLI INT , NANDESARI",UC COLOUR & INT-SAYKHA,imported,Total Distance (km) set to 0 because source file does not include distance data.
1967,"PANOLI INT , NANDESARI - - UDAIPUR POLY SACKS LTD-UDAIPUR","PANOLI INT , NANDESARI",UDAIPUR POLY SACKS LTD-UDAIPUR,imported,Total Distance (km) set to 0 because source file does not include distance data.
1968,"PANOLI INT , NANDESARI - - UDAIPUR UNIT","PANOLI INT , NANDESARI",UDAIPUR UNIT,imported,Total Distance (km) set to 0 because source file does not include distance data.
1969,"PANOLI INT , NANDESARI - - UMARE CHEMICAL-CHANDRAPUR","PANOLI INT , NANDESARI",UMARE CHEMICAL-CHANDRAPUR,imported,Total Distance (km) set to 0 because source file does not include distance data.
1970,"PANOLI INT , NANDESARI - - UNICHEM COR-NAGPUR","PANOLI INT , NANDESARI",UNICHEM COR-NAGPUR,imported,Total Distance (km) set to 0 because source file does not include distance data.
1971,"PANOLI INT , NANDESARI - - UNICHEM-AKOLA","PANOLI INT , NANDESARI",UNICHEM-AKOLA,imported,Total Distance (km) set to 0 because source file does not include distance data.
1972,"PANOLI INT , NANDESARI - - UPL LIMITED-DAHEJ","PANOLI INT , NANDESARI",UPL LIMITED-DAHEJ,imported,Total Distance (km) set to 0 because source file does not include distance data.
1973,"PANOLI INT , NANDESARI - - USHANTI COLOUR-VATVA","PANOLI INT , NANDESARI",USHANTI COLOUR-VATVA,imported,Total Distance (km) set to 0 because source file does not include distance data.
1974,"PANOLI INT , NANDESARI - - V.V.TITANIUM PIGMENT P LTD-THOOTHUKUDI","PANOLI INT , NANDESARI",V.V.TITANIUM PIGMENT P LTD-THOOTHUKUDI,imported,Total Distance (km) set to 0 because source file does not include distance data.
1975,"PANOLI INT , NANDESARI - - VINI INDUSTRIES-M.NAGAR","PANOLI INT , NANDESARI",VINI INDUSTRIES-M.NAGAR,imported,Total Distance (km) set to 0 because source file does not include distance data.
1976,PARADEEP PHOSP-ORISSA - - CLARION ORGANIC LTD-BHANDARA(M.H.),PARADEEP PHOSP-ORISSA,CLARION ORGANIC LTD-BHANDARA(M.H.),imported,Total Distance (km) set to 0 because source file does not include distance data.
1977,PARADEEP PHOSP-ORISSA - - DB POWER LTD-CHAMPA (C.G),PARADEEP PHOSP-ORISSA,DB POWER LTD-CHAMPA (C.G),imported,Total Distance (km) set to 0 because source file does not include distance data.
1978,PARADEEP PHOSP-ORISSA - - INDIAN MART-BHILAI-DURG (C.G.),PARADEEP PHOSP-ORISSA,INDIAN MART-BHILAI-DURG (C.G.),imported,Total Distance (km) set to 0 because source file does not include distance data.
1979,PARADEEP PHOSP-ORISSA - - JAGDAMBA UDYOG-RAIPUR (C.G.),PARADEEP PHOSP-ORISSA,JAGDAMBA UDYOG-RAIPUR (C.G.),imported,Total Distance (km) set to 0 because source file does not include distance data.
1980,PARADEEP PHOSP-ORISSA - - JINDAL POWER LTD-RAIGARH (C.G),PARADEEP PHOSP-ORISSA,JINDAL POWER LTD-RAIGARH (C.G),imported,Total Distance (km) set to 0 because source file does not include distance data.
1981,"PARADEEP PHOSP-ORISSA - - JINDAL ST.STEEL-JAJPUR,ORISSA",PARADEEP PHOSP-ORISSA,"JINDAL ST.STEEL-JAJPUR,ORISSA",imported,Total Distance (km) set to 0 because source file does not include distance data.
1982,PARADEEP PHOSP-ORISSA - - NTPC GE POWER-KORBA (C.G.),PARADEEP PHOSP-ORISSA,NTPC GE POWER-KORBA (C.G.),imported,Total Distance (km) set to 0 because source file does not include distance data.
1983,PARADEEP PHOSP-ORISSA - - RAIPUR,PARADEEP PHOSP-ORISSA,RAIPUR,imported,Total Distance (km) set to 0 because source file does not include distance data.
1984,PARADEEP PHOSP-ORISSA - - SHREE MAHALAKSHMI CHEMICAL (WEST BENGAL),PARADEEP PHOSP-ORISSA,SHREE MAHALAKSHMI CHEMICAL (WEST BENGAL),imported,Total Distance (km) set to 0 because source file does not include distance data.
1985,PARADEEP PHOSP-ORISSA - - SIPAT SUPER THERMAL POWER-BILASPUR,PARADEEP PHOSP-ORISSA,SIPAT SUPER THERMAL POWER-BILASPUR,imported,Total Distance (km) set to 0 because source file does not include distance data.
1986,PARADEEP PHOSP-ORISSA - - SPECIAL BLASTS LTD-PIRDA,PARADEEP PHOSP-ORISSA,SPECIAL BLASTS LTD-PIRDA,imported,Total Distance (km) set to 0 because source file does not include distance data.
1987,PARADEEP PHOSP-ORISSA - - SPECIAL BLASTS-RAIGARH,PARADEEP PHOSP-ORISSA,SPECIAL BLASTS-RAIGARH,imported,Total Distance (km) set to 0 because source file does not include distance data.
1988,PARADEEP PHOSP-ORISSA - - SUDHA CORE CHEMICAL-GWALIOR,PARADEEP PHOSP-ORISSA,SUDHA CORE CHEMICAL-GWALIOR,imported,Total Distance (km) set to 0 because source file does not include distance data.
1989,PARADEEP PHOSP-ORISSA - - VISHNU CHEMICAL-BHILAI,PARADEEP PHOSP-ORISSA,VISHNU CHEMICAL-BHILAI,imported,Total Distance (km) set to 0 because source file does not include distance data.
1990,PATANJALI FOODSLTD-HALDIA - - GODHREJ CONSUMER PRODUCTS-MALANPUR(M.P),PATANJALI FOODSLTD-HALDIA,GODHREJ CONSUMER PRODUCTS-MALANPUR(M.P),imported,Total Distance (km) set to 0 because source file does not include distance data.
1991,PATANJALI FOODSLTD-HALDIA - - VAJRAKAYA GREEN POWER U.P,PATANJALI FOODSLTD-HALDIA,VAJRAKAYA GREEN POWER U.P,imported,Total Distance (km) set to 0 because source file does not include distance data.
1992,PATEL PHOSCHEM-UDAIPUR - - PHARMA INTER CHEMIE-NANDESARI,PATEL PHOSCHEM-UDAIPUR,PHARMA INTER CHEMIE-NANDESARI,imported,Total Distance (km) set to 0 because source file does not include distance data.
1993,PATSIL IND-NADIAD - - GIL-NAGDA,PATSIL IND-NADIAD,GIL-NAGDA,imported,Total Distance (km) set to 0 because source file does not include distance data.
1994,PATSIL IND-NADIAD - - GRASIM IND-LTD-NAGDA,PATSIL IND-NADIAD,GRASIM IND-LTD-NAGDA,imported,Total Distance (km) set to 0 because source file does not include distance data.
1995,PAYAL DAHEJ - - GWALIOR,PAYAL POLYPLAST PVT LTD-DAHEJ,GWALIOR,imported,Total Distance (km) set to 0 because source file does not include distance data.
1996,PAYAL POLYPLAST PVT LTD-DAHEJ - - A C POLYCOATERS PVT LTD-JHAJJAR,PAYAL POLYPLAST PVT LTD-DAHEJ,A C POLYCOATERS PVT LTD-JHAJJAR,imported,Total Distance (km) set to 0 because source file does not include distance data.
1997,PAYAL POLYPLAST PVT LTD-DAHEJ - - ALOK PACKAGING PVT LTD-BAWANA,PAYAL POLYPLAST PVT LTD-DAHEJ,ALOK PACKAGING PVT LTD-BAWANA,imported,Total Distance (km) set to 0 because source file does not include distance data.
1998,PAYAL POLYPLAST PVT LTD-DAHEJ - - ARORA POLYFAB INDIA-BAHADURGARH,PAYAL POLYPLAST PVT LTD-DAHEJ,ARORA POLYFAB INDIA-BAHADURGARH,imported,Total Distance (km) set to 0 because source file does not include distance data.
1999,PAYAL POLYPLAST PVT LTD-DAHEJ - - ARORA VINYL PVT.LTD-BAHADURGARH,PAYAL POLYPLAST PVT LTD-DAHEJ,ARORA VINYL PVT.LTD-BAHADURGARH,imported,Total Distance (km) set to 0 because source file does not include distance data.
2000,PAYAL POLYPLAST PVT LTD-DAHEJ - - BEETA POLYCOATS-BAHADURGARH,PAYAL POLYPLAST PVT LTD-DAHEJ,BEETA POLYCOATS-BAHADURGARH,imported,Total Distance (km) set to 0 because source file does not include distance data.
2001,PAYAL POLYPLAST PVT LTD-DAHEJ - - BIHANI MFG.CO.PVT LTD-BHIWADI,PAYAL POLYPLAST PVT LTD-DAHEJ,BIHANI MFG.CO.PVT LTD-BHIWADI,imported,Total Distance (km) set to 0 because source file does not include distance data.
2002,PAYAL POLYPLAST PVT LTD-DAHEJ - - BRIJBIHARI PULP & PAPER-FATEHPUR,PAYAL POLYPLAST PVT LTD-DAHEJ,BRIJBIHARI PULP & PAPER-FATEHPUR,imported,Total Distance (km) set to 0 because source file does not include distance data.
2003,PAYAL POLYPLAST PVT LTD-DAHEJ - - CHEMIE PRODUCTS PVT-BHIWADI,PAYAL POLYPLAST PVT LTD-DAHEJ,CHEMIE PRODUCTS PVT-BHIWADI,imported,Total Distance (km) set to 0 because source file does not include distance data.
2004,PAYAL POLYPLAST PVT LTD-DAHEJ - - COSMIC CONSUMER GOODS-HARYANA,PAYAL POLYPLAST PVT LTD-DAHEJ,COSMIC CONSUMER GOODS-HARYANA,imported,Total Distance (km) set to 0 because source file does not include distance data.
2005,PAYAL POLYPLAST PVT LTD-DAHEJ - - DAWER SONS PVT LTD-BAHADURGARH,PAYAL POLYPLAST PVT LTD-DAHEJ,DAWER SONS PVT LTD-BAHADURGARH,imported,Total Distance (km) set to 0 because source file does not include distance data.
2006,PAYAL POLYPLAST PVT LTD-DAHEJ - - FINOLEX CABLES LTD-ROORKEE (UTTARAKHAND),PAYAL POLYPLAST PVT LTD-DAHEJ,FINOLEX CABLES LTD-ROORKEE (UTTARAKHAND),imported,Total Distance (km) set to 0 because source file does not include distance data.
2007,PAYAL POLYPLAST PVT LTD-DAHEJ - - GAYATRI POLYCOATS-HARYANA,PAYAL POLYPLAST PVT LTD-DAHEJ,GAYATRI POLYCOATS-HARYANA,imported,Total Distance (km) set to 0 because source file does not include distance data.
2008,PAYAL POLYPLAST PVT LTD-DAHEJ - - GIRIRAJ COATEDFAB-BAHADURGARH,PAYAL POLYPLAST PVT LTD-DAHEJ,GIRIRAJ COATEDFAB-BAHADURGARH,imported,Total Distance (km) set to 0 because source file does not include distance data.
2009,PAYAL POLYPLAST PVT LTD-DAHEJ - - GREEN LINE LAMINATES-BAHADURGARH,PAYAL POLYPLAST PVT LTD-DAHEJ,GREEN LINE LAMINATES-BAHADURGARH,imported,Total Distance (km) set to 0 because source file does not include distance data.
2010,PAYAL POLYPLAST PVT LTD-DAHEJ - - H.R.POLYCOATS PVT LTD- BAHADURGARH,PAYAL POLYPLAST PVT LTD-DAHEJ,H.R.POLYCOATS PVT LTD- BAHADURGARH,imported,Total Distance (km) set to 0 because source file does not include distance data.
2011,PAYAL POLYPLAST PVT LTD-DAHEJ - - HAVELLS INDIA LTD-ALWAR,PAYAL POLYPLAST PVT LTD-DAHEJ,HAVELLS INDIA LTD-ALWAR,imported,Total Distance (km) set to 0 because source file does not include distance data.
2012,PAYAL POLYPLAST PVT LTD-DAHEJ - - HB PLOYCOAT TEXTILE-BAHADURGARH,PAYAL POLYPLAST PVT LTD-DAHEJ,HB PLOYCOAT TEXTILE-BAHADURGARH,imported,Total Distance (km) set to 0 because source file does not include distance data.
2013,PAYAL POLYPLAST PVT LTD-DAHEJ - - JAIPUR,PAYAL POLYPLAST PVT LTD-DAHEJ,JAIPUR,imported,Total Distance (km) set to 0 because source file does not include distance data.
2014,PAYAL POLYPLAST PVT LTD-DAHEJ - - KAMLESH VINYLS-ROHTAK-HARYANA,PAYAL POLYPLAST PVT LTD-DAHEJ,KAMLESH VINYLS-ROHTAK-HARYANA,imported,Total Distance (km) set to 0 because source file does not include distance data.
2015,PAYAL POLYPLAST PVT LTD-DAHEJ - - KLASSIK LAMITEX-REWARI,PAYAL POLYPLAST PVT LTD-DAHEJ,KLASSIK LAMITEX-REWARI,imported,Total Distance (km) set to 0 because source file does not include distance data.
2016,PAYAL POLYPLAST PVT LTD-DAHEJ - - LAXMI POLYCOAT-BAHADURGARH,PAYAL POLYPLAST PVT LTD-DAHEJ,LAXMI POLYCOAT-BAHADURGARH,imported,Total Distance (km) set to 0 because source file does not include distance data.
2017,PAYAL POLYPLAST PVT LTD-DAHEJ - - MANISH VINYLS PVT-HARYANA,PAYAL POLYPLAST PVT LTD-DAHEJ,MANISH VINYLS PVT-HARYANA,imported,Total Distance (km) set to 0 because source file does not include distance data.
2018,PAYAL POLYPLAST PVT LTD-DAHEJ - - MARVEL GDC PVT LTD-GWALIOR,PAYAL POLYPLAST PVT LTD-DAHEJ,MARVEL GDC PVT LTD-GWALIOR,imported,Total Distance (km) set to 0 because source file does not include distance data.
2019,PAYAL POLYPLAST PVT LTD-DAHEJ - - MAYUR UNIQUOTERS-JAIPUR,PAYAL POLYPLAST PVT LTD-DAHEJ,MAYUR UNIQUOTERS-JAIPUR,imported,Total Distance (km) set to 0 because source file does not include distance data.
2020,PAYAL POLYPLAST PVT LTD-DAHEJ - - NARENDRA POLY CHEM-FARIDABAD,PAYAL POLYPLAST PVT LTD-DAHEJ,NARENDRA POLY CHEM-FARIDABAD,imported,Total Distance (km) set to 0 because source file does not include distance data.
2021,PAYAL POLYPLAST PVT LTD-DAHEJ - - NORTHERN INDIA LEATHER-HARYANA,PAYAL POLYPLAST PVT LTD-DAHEJ,NORTHERN INDIA LEATHER-HARYANA,imported,Total Distance (km) set to 0 because source file does not include distance data.
2022,PAYAL POLYPLAST PVT LTD-DAHEJ - - PAYAL POLYPLAST-BAHADURGARH,PAYAL POLYPLAST PVT LTD-DAHEJ,PAYAL POLYPLAST-BAHADURGARH,imported,Total Distance (km) set to 0 because source file does not include distance data.
2023,PAYAL POLYPLAST PVT LTD-DAHEJ - - PAYAL POLYPLAST-JHAJJAR,PAYAL POLYPLAST PVT LTD-DAHEJ,PAYAL POLYPLAST-JHAJJAR,imported,Total Distance (km) set to 0 because source file does not include distance data.
2024,PAYAL POLYPLAST PVT LTD-DAHEJ - - POLYCAB INDIA LTD-BASKA,PAYAL POLYPLAST PVT LTD-DAHEJ,POLYCAB INDIA LTD-BASKA,imported,Total Distance (km) set to 0 because source file does not include distance data.
2025,PAYAL POLYPLAST PVT LTD-DAHEJ - - RAINBOW PACKAGING-HARIDWAR(U.K.),PAYAL POLYPLAST PVT LTD-DAHEJ,RAINBOW PACKAGING-HARIDWAR(U.K.),imported,Total Distance (km) set to 0 because source file does not include distance data.
2026,PAYAL POLYPLAST PVT LTD-DAHEJ - - RAMA NAND ENT.INDIA P .LTD-GWALIOR,PAYAL POLYPLAST PVT LTD-DAHEJ,RAMA NAND ENT.INDIA P .LTD-GWALIOR,imported,Total Distance (km) set to 0 because source file does not include distance data.
2027,PAYAL POLYPLAST PVT LTD-DAHEJ - - RELAXO FOOTWEAR LTD-BAHADURGARH,PAYAL POLYPLAST PVT LTD-DAHEJ,RELAXO FOOTWEAR LTD-BAHADURGARH,imported,Total Distance (km) set to 0 because source file does not include distance data.
2028,PAYAL POLYPLAST PVT LTD-DAHEJ - - RMG POLY VINYLS-SKINANDRABAD,PAYAL POLYPLAST PVT LTD-DAHEJ,RMG POLY VINYLS-SKINANDRABAD,imported,Total Distance (km) set to 0 because source file does not include distance data.
2029,PAYAL POLYPLAST PVT LTD-DAHEJ - - RUBBER CENTRE-BAHADURGARH,PAYAL POLYPLAST PVT LTD-DAHEJ,RUBBER CENTRE-BAHADURGARH,imported,Total Distance (km) set to 0 because source file does not include distance data.
2030,PAYAL POLYPLAST PVT LTD-DAHEJ - - SAMARTH REXINES PVT-HARYANA,PAYAL POLYPLAST PVT LTD-DAHEJ,SAMARTH REXINES PVT-HARYANA,imported,Total Distance (km) set to 0 because source file does not include distance data.
2031,PAYAL POLYPLAST PVT LTD-DAHEJ - - SHRUTI POLYMERS-SONEPAT,PAYAL POLYPLAST PVT LTD-DAHEJ,SHRUTI POLYMERS-SONEPAT,imported,Total Distance (km) set to 0 because source file does not include distance data.
2032,PAYAL POLYPLAST PVT LTD-DAHEJ - - SURAJ INDIA VENTURE-GHAZIABAD,PAYAL POLYPLAST PVT LTD-DAHEJ,SURAJ INDIA VENTURE-GHAZIABAD,imported,Total Distance (km) set to 0 because source file does not include distance data.
2033,PAYAL POLYPLAST PVT LTD-DAHEJ - - SWASTIK POLYVINYLS-SONIPAT,PAYAL POLYPLAST PVT LTD-DAHEJ,SWASTIK POLYVINYLS-SONIPAT,imported,Total Distance (km) set to 0 because source file does not include distance data.
2034,PAYAL POLYPLAST PVT LTD-DAHEJ - - TEAMASIA TECHNICAL TEXTILE-JHAJJAR,PAYAL POLYPLAST PVT LTD-DAHEJ,TEAMASIA TECHNICAL TEXTILE-JHAJJAR,imported,Total Distance (km) set to 0 because source file does not include distance data.
2035,PAYAL POLYPLAST PVT LTD-DAHEJ - - TOTAL FOOTCARE OVERSEAS-DELHI,PAYAL POLYPLAST PVT LTD-DAHEJ,TOTAL FOOTCARE OVERSEAS-DELHI,imported,Total Distance (km) set to 0 because source file does not include distance data.
2036,PAYAL POLYPLAST PVT LTD-DAHEJ - - UNIVERSALCABLES LTD-SATNA (M.P.),PAYAL POLYPLAST PVT LTD-DAHEJ,UNIVERSALCABLES LTD-SATNA (M.P.),imported,Total Distance (km) set to 0 because source file does not include distance data.
2037,PAYAL POLYPLAST PVT LTD-DAHEJ - - ZAIBUNCO IND PVT LTD-UNNAO (U.P.),PAYAL POLYPLAST PVT LTD-DAHEJ,ZAIBUNCO IND PVT LTD-UNNAO (U.P.),imported,Total Distance (km) set to 0 because source file does not include distance data.
2038,PAYAL POYPLAST P.LTD-DAMAN - - BRIJBIHARI PULP & PAPER-FATEHPUR,PAYAL POYPLAST P.LTD-DAMAN,BRIJBIHARI PULP & PAPER-FATEHPUR,imported,Total Distance (km) set to 0 because source file does not include distance data.
2039,PAYAL POYPLAST P.LTD-DAMAN - - RAMA NAND ENT.INDIA P .LTD-GWALIOR,PAYAL POYPLAST P.LTD-DAMAN,RAMA NAND ENT.INDIA P .LTD-GWALIOR,imported,Total Distance (km) set to 0 because source file does not include distance data.
2040,PAYAL POYPLAST P.LTD-DAMAN - - SWASTIK POLYVINYLS-SONIPAT,PAYAL POYPLAST P.LTD-DAMAN,SWASTIK POLYVINYLS-SONIPAT,imported,Total Distance (km) set to 0 because source file does not include distance data.
2041,PAYAL POYPLAST P.LTD-DAMAN - - TOTAL FOOTCARE OVERSEAS-DELHI,PAYAL POYPLAST P.LTD-DAMAN,TOTAL FOOTCARE OVERSEAS-DELHI,imported,Total Distance (km) set to 0 because source file does not include distance data.
2042,PAYAL-DAMAN - - RAMA NAND ENT.INDIA P .LTD-GWALIOR,PAYAL-DAMAN,RAMA NAND ENT.INDIA P .LTD-GWALIOR,imported,Total Distance (km) set to 0 because source file does not include distance data.
2043,PBS OILIND.LTD-DHAMTARI(C.G.) - - FAIRCHEM ORGANICS LTD-SANAND,PBS OILIND.LTD-DHAMTARI(C.G.),FAIRCHEM ORGANICS LTD-SANAND,imported,Total Distance (km) set to 0 because source file does not include distance data.
2044,PCBL MUNDRA PLANT-(GUJ) - - APARNA CARBONS PVT LTD-RAIPUR,PCBL MUNDRA PLANT-(GUJ),APARNA CARBONS PVT LTD-RAIPUR,imported,Total Distance (km) set to 0 because source file does not include distance data.
2045,PHARMA INTER CHEMIE-NANDESARI - - PATEL PHOSCHEM-UDAIPUR,PHARMA INTER CHEMIE-NANDESARI,PATEL PHOSCHEM-UDAIPUR,imported,Total Distance (km) set to 0 because source file does not include distance data.
2046,PHARMA INTER CHEMIE-NANDESARI - - PHARMA INTER CHEMIE-NANDESARI,PHARMA INTER CHEMIE-NANDESARI,PHARMA INTER CHEMIE-NANDESARI,imported,Total Distance (km) set to 0 because source file does not include distance data.
2047,PHILLIPS CARBON BLACK LTD-PALEJ - - G.S.V PRODUCTS-JHAJJAR-HARYANA,PHILLIPS CARBON BLACK LTD-PALEJ,G.S.V PRODUCTS-JHAJJAR-HARYANA,imported,Total Distance (km) set to 0 because source file does not include distance data.
2048,PINETECH CHEMICALS-HOSIARPUR - - GRP LTD-SOLARPUR-(M.H.),PINETECH CHEMICALS-HOSIARPUR,GRP LTD-SOLARPUR-(M.H.),imported,Total Distance (km) set to 0 because source file does not include distance data.
2049,PINETECH CHEMICALS-HOSIARPUR - - SOLAPUR,PINETECH CHEMICALS-HOSIARPUR,SOLAPUR,imported,Total Distance (km) set to 0 because source file does not include distance data.
2050,POONAM INDUSTRIES.-KARNAL - - INDORE SAH DUGDH SANGH- INDORE,POONAM INDUSTRIES.-KARNAL,INDORE SAH DUGDH SANGH- INDORE,imported,Total Distance (km) set to 0 because source file does not include distance data.
2051,PRADEEP PHOSPHATES LTD-ORISSA - - INDIAN OIL-BHILAI (C.G.),PRADEEP PHOSPHATES LTD-ORISSA,INDIAN OIL-BHILAI (C.G.),imported,Total Distance (km) set to 0 because source file does not include distance data.
2052,PRADEEP PHOSPHATES LTD-ORISSA - - NTPC LTD-MOUDHA-NAGPUR,PRADEEP PHOSPHATES LTD-ORISSA,NTPC LTD-MOUDHA-NAGPUR,imported,Total Distance (km) set to 0 because source file does not include distance data.
2053,PRADEEP PHOSPHATES LTD-ORISSA - - RAIPUR,PRADEEP PHOSPHATES LTD-ORISSA,RAIPUR,imported,Total Distance (km) set to 0 because source file does not include distance data.
2054,PRASAD SUGAR&ALLIED-AHMEDNAGAR - - J.N.P.T-MUMBAI,PRASAD SUGAR&ALLIED-AHMEDNAGAR,J.N.P.T-MUMBAI,imported,Total Distance (km) set to 0 because source file does not include distance data.
2055,PRISM IND-KHAMBHAT - - AMBICA IND-AHMEDABAD,PRISM IND-KHAMBHAT,AMBICA IND-AHMEDABAD,imported,Total Distance (km) set to 0 because source file does not include distance data.
2056,PULLING & LIFTINGMACHINE-NAGPUR - - RRD OILS & FATS-HIMACHAL PRADESH,PULLING & LIFTINGMACHINE-NAGPUR,RRD OILS & FATS-HIMACHAL PRADESH,imported,Total Distance (km) set to 0 because source file does not include distance data.
2057,R.S.P.L.-RAIPUR - - BASANT AGRO-AKOLA,R.S.P.L.-RAIPUR,BASANT AGRO-AKOLA,imported,Total Distance (km) set to 0 because source file does not include distance data.
2058,R.S.P.L.-RAIPUR - - BASANT AGRO-JALGOAN,R.S.P.L.-RAIPUR,BASANT AGRO-JALGOAN,imported,Total Distance (km) set to 0 because source file does not include distance data.
2059,R.S.P.L.-RAIPUR - - JALGOAN,R.S.P.L.-RAIPUR,JALGOAN,imported,Total Distance (km) set to 0 because source file does not include distance data.
2060,R.S.P.L.-RAIPUR - - KASTURCHAND FER.PVT LTD-WADASA(M.H),R.S.P.L.-RAIPUR,KASTURCHAND FER.PVT LTD-WADASA(M.H),imported,Total Distance (km) set to 0 because source file does not include distance data.
2061,R.S.P.L.-RAIPUR - - R.S.P.L.-RAIPUR,R.S.P.L.-RAIPUR,R.S.P.L.-RAIPUR,imported,Total Distance (km) set to 0 because source file does not include distance data.
2062,RACHNA PLASTICIZERS-SILVASSA - - NEW ZEEL FASHION WEAR-DHAR (M.P.),RACHNA PLASTICIZERS-SILVASSA,NEW ZEEL FASHION WEAR-DHAR (M.P.),imported,Total Distance (km) set to 0 because source file does not include distance data.
2063,RAIGARH SOLVENT EXTRACTION-(C.G.) - - FAIRCHEM ORG LTD-AMD,RAIGARH SOLVENT EXTRACTION-(C.G.),FAIRCHEM ORG LTD-AMD,imported,Total Distance (km) set to 0 because source file does not include distance data.
2064,RAIPUR - - JALGOAN,RAIPUR,JALGOAN,imported,Total Distance (km) set to 0 because source file does not include distance data.
2065,RAIPUR - - RAIPUR,RAIPUR,RAIPUR,imported,Total Distance (km) set to 0 because source file does not include distance data.
2066,RAIPUR - - SANAND,RAIPUR,SANAND,imported,Total Distance (km) set to 0 because source file does not include distance data.
2067,RAJARAM MAIZE-RAJNANDGAON - - RASAYAN UDYOG-DHANBAD,RAJARAM MAIZE-RAJNANDGAON,RASAYAN UDYOG-DHANBAD,imported,Total Distance (km) set to 0 because source file does not include distance data.
2068,RAJASTAN STATE MINES-UDAIPUR - - GSFC LTD. BARODA,RAJASTAN STATE MINES-UDAIPUR,GSFC LTD. BARODA,imported,Total Distance (km) set to 0 because source file does not include distance data.
2069,RAJNANDGAON-CG - - FAIRCHEM ORGANICS LTD-SANAND,RAJNANDGAON-CG,FAIRCHEM ORGANICS LTD-SANAND,imported,Total Distance (km) set to 0 because source file does not include distance data.
2070,RAJNANDGAON-CG - - KANPUR,RAJNANDGAON-CG,KANPUR,imported,Total Distance (km) set to 0 because source file does not include distance data.
2071,RAJNANDGAON-CG - - NAMAN SALES COR.HISAR-HARAYANA,RAJNANDGAON-CG,NAMAN SALES COR.HISAR-HARAYANA,imported,Total Distance (km) set to 0 because source file does not include distance data.
2072,RAJNANDGAON-CG - - RASAYAN UDYOG-DHANBAD,RAJNANDGAON-CG,RASAYAN UDYOG-DHANBAD,imported,Total Distance (km) set to 0 because source file does not include distance data.
2073,RAKA ORGANIC-UDAIPUR - - YOGESHWAR-NAROL-A.BAD,RAKA ORGANIC-UDAIPUR,YOGESHWAR-NAROL-A.BAD,imported,Total Distance (km) set to 0 because source file does not include distance data.
2074,RAMA PHOSPHATE LTD-INDOR - - AARTI IND.-JHAGADIA,RAMA PHOSPHATE LTD-INDOR,AARTI IND.-JHAGADIA,imported,Total Distance (km) set to 0 because source file does not include distance data.
2075,RAMA PHOSPHATE LTD-INDOR - - ANKLESHWAR,RAMA PHOSPHATE LTD-INDOR,ANKLESHWAR,imported,Total Distance (km) set to 0 because source file does not include distance data.
2076,"RAMA PHOSPHATE LTD-INDOR - - ATUL LTD,ANKLESHWAR",RAMA PHOSPHATE LTD-INDOR,"ATUL LTD,ANKLESHWAR",imported,Total Distance (km) set to 0 because source file does not include distance data.
2077,"RAMA PHOSPHATE LTD-INDOR - - BILT GRAPHIC,BALLARPUR",RAMA PHOSPHATE LTD-INDOR,"BILT GRAPHIC,BALLARPUR",imported,Total Distance (km) set to 0 because source file does not include distance data.
2078,"RAMA PHOSPHATE LTD-INDOR - - DEEPAK NIT, NANDESARI",RAMA PHOSPHATE LTD-INDOR,"DEEPAK NIT, NANDESARI",imported,Total Distance (km) set to 0 because source file does not include distance data.
2079,RAMA PHOSPHATE LTD-INDOR - - GFL-DAHEJ,RAMA PHOSPHATE LTD-INDOR,GFL-DAHEJ,imported,Total Distance (km) set to 0 because source file does not include distance data.
2080,RAMA PHOSPHATE LTD-INDOR - - GFL-RANJITNAGAR,RAMA PHOSPHATE LTD-INDOR,GFL-RANJITNAGAR,imported,Total Distance (km) set to 0 because source file does not include distance data.
2081,RAMA PHOSPHATE LTD-INDOR - - GRASIM CELLUOSIC-VILAYAT,RAMA PHOSPHATE LTD-INDOR,GRASIM CELLUOSIC-VILAYAT,imported,Total Distance (km) set to 0 because source file does not include distance data.
2082,RAMA PHOSPHATE LTD-INDOR - - RAIPUR,RAMA PHOSPHATE LTD-INDOR,RAIPUR,imported,Total Distance (km) set to 0 because source file does not include distance data.
2083,RAMA PHOSPHATE LTD-INDOR - - SOLAR IND.INDIA LTD-NAGPUR,RAMA PHOSPHATE LTD-INDOR,SOLAR IND.INDIA LTD-NAGPUR,imported,Total Distance (km) set to 0 because source file does not include distance data.
2084,RAMA PHOSPHATE LTD-INDOR - - SRF-DAHEJ,RAMA PHOSPHATE LTD-INDOR,SRF-DAHEJ,imported,Total Distance (km) set to 0 because source file does not include distance data.
2085,"RAMA,DHARAMPURI - - AGARWAL CHEMICALS-RAIPUR","RAMA,DHARAMPURI",AGARWAL CHEMICALS-RAIPUR,imported,Total Distance (km) set to 0 because source file does not include distance data.
2086,"RAMA,DHARAMPURI - - GRASIM IND LTD-VILAYAT BHARUCH","RAMA,DHARAMPURI",GRASIM IND LTD-VILAYAT BHARUCH,imported,Total Distance (km) set to 0 because source file does not include distance data.
2087,"RAMA,DHARAMPURI - - VISHNU CHEMICAL-RAIPUR","RAMA,DHARAMPURI",VISHNU CHEMICAL-RAIPUR,imported,Total Distance (km) set to 0 because source file does not include distance data.
2088,RAMAGUNDAM-III-TELANGANA - - D.F.P.C.L.-DAHEJ,RAMAGUNDAM-III-TELANGANA,D.F.P.C.L.-DAHEJ,imported,Total Distance (km) set to 0 because source file does not include distance data.
2089,RASAYAN UDYOG-DHANBAD - - ACV EXPLOSIVES LLP-RAJASTHAN,RASAYAN UDYOG-DHANBAD,ACV EXPLOSIVES LLP-RAJASTHAN,imported,Total Distance (km) set to 0 because source file does not include distance data.
2090,RASAYAN UDYOG-DHANBAD - - AKS-EXPO CHEM-DEJURI(W.B),RASAYAN UDYOG-DHANBAD,AKS-EXPO CHEM-DEJURI(W.B),imported,Total Distance (km) set to 0 because source file does not include distance data.
2091,RASAYAN UDYOG-DHANBAD - - BADINA,RASAYAN UDYOG-DHANBAD,BADINA,imported,Total Distance (km) set to 0 because source file does not include distance data.
2092,RASAYAN UDYOG-DHANBAD - - BLACK DIAMOND EXP-BARABANI(W/B),RASAYAN UDYOG-DHANBAD,BLACK DIAMOND EXP-BARABANI(W/B),imported,Total Distance (km) set to 0 because source file does not include distance data.
2093,RASAYAN UDYOG-DHANBAD - - HZL-DARIBA,RASAYAN UDYOG-DHANBAD,HZL-DARIBA,imported,Total Distance (km) set to 0 because source file does not include distance data.
2094,RASAYAN UDYOG-DHANBAD - - IDEAL IND-TELANGANA,RASAYAN UDYOG-DHANBAD,IDEAL IND-TELANGANA,imported,Total Distance (km) set to 0 because source file does not include distance data.
2095,RASAYAN UDYOG-DHANBAD - - INDIAN OIL CORP LTD-SINGRAULI,RASAYAN UDYOG-DHANBAD,INDIAN OIL CORP LTD-SINGRAULI,imported,Total Distance (km) set to 0 because source file does not include distance data.
2096,RASAYAN UDYOG-DHANBAD - - INDO GULF IND LTD-BABINA-JHANSI(UP),RASAYAN UDYOG-DHANBAD,INDO GULF IND LTD-BABINA-JHANSI(UP),imported,Total Distance (km) set to 0 because source file does not include distance data.
2097,RASAYAN UDYOG-DHANBAD - - NAVBHARAT EXPLOSIVE-RAIGARH,RASAYAN UDYOG-DHANBAD,NAVBHARAT EXPLOSIVE-RAIGARH,imported,Total Distance (km) set to 0 because source file does not include distance data.
2098,RASAYAN UDYOG-DHANBAD - - NAVBHARAT EXPLOSIVES-RAIPUR,RASAYAN UDYOG-DHANBAD,NAVBHARAT EXPLOSIVES-RAIPUR,imported,Total Distance (km) set to 0 because source file does not include distance data.
2099,RASAYAN UDYOG-DHANBAD - - PRAGATI CHEM IND-KORBA(C.G),RASAYAN UDYOG-DHANBAD,PRAGATI CHEM IND-KORBA(C.G),imported,Total Distance (km) set to 0 because source file does not include distance data.
2100,RASAYAN UDYOG-DHANBAD - - RAMAGUNDAM-III-TELANGANA,RASAYAN UDYOG-DHANBAD,RAMAGUNDAM-III-TELANGANA,imported,Total Distance (km) set to 0 because source file does not include distance data.
2101,RASAYAN UDYOG-DHANBAD - - RASAYAN UDYOG-SINGRAULI,RASAYAN UDYOG-DHANBAD,RASAYAN UDYOG-SINGRAULI,imported,Total Distance (km) set to 0 because source file does not include distance data.
2102,RASAYAN UDYOG-DHANBAD - - SALVO IND. PVT. LTD-MALKAJGIRI,RASAYAN UDYOG-DHANBAD,SALVO IND. PVT. LTD-MALKAJGIRI,imported,Total Distance (km) set to 0 because source file does not include distance data.
2103,RASAYAN UDYOG-DHANBAD - - SASAN POWER-SINGRAULI,RASAYAN UDYOG-DHANBAD,SASAN POWER-SINGRAULI,imported,Total Distance (km) set to 0 because source file does not include distance data.
2104,RASAYAN UDYOG-DHANBAD - - SMS SUPPORT PLANT MANAGURU-TELANGANA,RASAYAN UDYOG-DHANBAD,SMS SUPPORT PLANT MANAGURU-TELANGANA,imported,Total Distance (km) set to 0 because source file does not include distance data.
2105,RASAYAN UDYOG-DHANBAD - - SOLAR IND INDIA LTD-ODISHA,RASAYAN UDYOG-DHANBAD,SOLAR IND INDIA LTD-ODISHA,imported,Total Distance (km) set to 0 because source file does not include distance data.
2106,RASAYAN UDYOG-DHANBAD - - SOLAR IND INDIA.LTD-KORBA,RASAYAN UDYOG-DHANBAD,SOLAR IND INDIA.LTD-KORBA,imported,Total Distance (km) set to 0 because source file does not include distance data.
2107,RASAYAN UDYOG-SINGRAULI - - ACV EXPLOSIVES LLP-RAJASTHAN,RASAYAN UDYOG-SINGRAULI,ACV EXPLOSIVES LLP-RAJASTHAN,imported,Total Distance (km) set to 0 because source file does not include distance data.
2108,RASAYAN UDYOG-SINGRAULI - - CIL-PALI (M.H.),RASAYAN UDYOG-SINGRAULI,CIL-PALI (M.H.),imported,Total Distance (km) set to 0 because source file does not include distance data.
2109,RASAYAN UDYOG-SINGRAULI - - CIL-UDAIPUR,RASAYAN UDYOG-SINGRAULI,CIL-UDAIPUR,imported,Total Distance (km) set to 0 because source file does not include distance data.
2110,RASAYAN UDYOG-SINGRAULI - - I O C L-SINGROULI,RASAYAN UDYOG-SINGRAULI,I O C L-SINGROULI,imported,Total Distance (km) set to 0 because source file does not include distance data.
2111,RASAYAN UDYOG-SINGRAULI - - INDO GULF IND LTD-BABINA-JHANSI(UP),RASAYAN UDYOG-SINGRAULI,INDO GULF IND LTD-BABINA-JHANSI(UP),imported,Total Distance (km) set to 0 because source file does not include distance data.
2112,RASAYAN UDYOG-SINGRAULI - - RAJASTAN EXPOLSIVES & CHEMICAL LTD-DHOLPUR,RASAYAN UDYOG-SINGRAULI,RAJASTAN EXPOLSIVES & CHEMICAL LTD-DHOLPUR,imported,Total Distance (km) set to 0 because source file does not include distance data.
2113,RASAYAN UDYOG-SINGRAULI - - RASAYAN UDYOG-DHANBAD,RASAYAN UDYOG-SINGRAULI,RASAYAN UDYOG-DHANBAD,imported,Total Distance (km) set to 0 because source file does not include distance data.
2114,RATANLAL-KOLKATA (W.B) - - BALAJI OIL PRODUCT-KANPUR,RATANLAL-KOLKATA (W.B),BALAJI OIL PRODUCT-KANPUR,imported,Total Distance (km) set to 0 because source file does not include distance data.
2115,"RCF LTD. CHEMBUR - - AAP CHEM, NANDESARI",RCF LTD. CHEMBUR,"AAP CHEM, NANDESARI",imported,Total Distance (km) set to 0 because source file does not include distance data.
2116,RCF LTD. CHEMBUR - - ACID SLES CORP-NANDESARI,RCF LTD. CHEMBUR,ACID SLES CORP-NANDESARI,imported,Total Distance (km) set to 0 because source file does not include distance data.
2117,RCF LTD. CHEMBUR - - ADHEESHA PHOSPHATE-UDAIPUR,RCF LTD. CHEMBUR,ADHEESHA PHOSPHATE-UDAIPUR,imported,Total Distance (km) set to 0 because source file does not include distance data.
2118,RCF LTD. CHEMBUR - - AGRAWAL ACID & CHEMICALS-JAIPUR,RCF LTD. CHEMBUR,AGRAWAL ACID & CHEMICALS-JAIPUR,imported,Total Distance (km) set to 0 because source file does not include distance data.
2119,RCF LTD. CHEMBUR - - AHMEDABAD,RCF LTD. CHEMBUR,KEMIT CHEMICALS PVT LTD-AHMEDABAD,imported,Total Distance (km) set to 0 because source file does not include distance data.
2120,RCF LTD. CHEMBUR - - ANKLESHWAR,RCF LTD. CHEMBUR,ANKLESHWAR,imported,Total Distance (km) set to 0 because source file does not include distance data.
2121,RCF LTD. CHEMBUR - - ANUPAM RASAYAN INDIA LTD-SACHIN,RCF LTD. CHEMBUR,ANUPAM RASAYAN INDIA LTD-SACHIN,imported,Total Distance (km) set to 0 because source file does not include distance data.
2122,RCF LTD. CHEMBUR - - BEC FERTILIZERS LIMITED,RCF LTD. CHEMBUR,BEC FERTILIZERS LIMITED,imported,Total Distance (km) set to 0 because source file does not include distance data.
2123,"RCF LTD. CHEMBUR - - BHARAT ACID,VAPI",RCF LTD. CHEMBUR,"BHARAT ACID,VAPI",imported,Total Distance (km) set to 0 because source file does not include distance data.
2124,RCF LTD. CHEMBUR - - BODAL CHEMICAL LTD-SAYKHA,RCF LTD. CHEMBUR,BODAL CHEMICAL LTD-SAYKHA,imported,Total Distance (km) set to 0 because source file does not include distance data.
2125,RCF LTD. CHEMBUR - - BODAL CHEMICALS LTD-UNIT-VII,RCF LTD. CHEMBUR,BODAL CHEMICALS LTD-UNIT-VII,imported,Total Distance (km) set to 0 because source file does not include distance data.
2126,RCF LTD. CHEMBUR - - CALIBRE CHEMICAL-SARIGAM,RCF LTD. CHEMBUR,CALIBRE CHEMICAL-SARIGAM,imported,Total Distance (km) set to 0 because source file does not include distance data.
2127,RCF LTD. CHEMBUR - - CHEMICAL ENTERPRISES-AKALTARA,RCF LTD. CHEMBUR,CHEMICAL ENTERPRISES-AKALTARA,imported,Total Distance (km) set to 0 because source file does not include distance data.
2128,"RCF LTD. CHEMBUR - - CHEMICAL UDYOG,ROURKELA",RCF LTD. CHEMBUR,"CHEMICAL UDYOG,ROURKELA",imported,Total Distance (km) set to 0 because source file does not include distance data.
2129,"RCF LTD. CHEMBUR - - COLOUR TEX,SURAT",RCF LTD. CHEMBUR,"COLOUR TEX,SURAT",imported,Total Distance (km) set to 0 because source file does not include distance data.
2130,RCF LTD. CHEMBUR - - DAHEJ,RCF LTD. CHEMBUR,DAHEJ,imported,Total Distance (km) set to 0 because source file does not include distance data.
2131,"RCF LTD. CHEMBUR - - DEEPAK NIT, NANDESARI",RCF LTD. CHEMBUR,"DEEPAK NIT, NANDESARI",imported,Total Distance (km) set to 0 because source file does not include distance data.
2132,RCF LTD. CHEMBUR - - DYNEMIC PRODUCT LTD-DAHEJ,RCF LTD. CHEMBUR,DYNEMIC PRODUCT LTD-DAHEJ,imported,Total Distance (km) set to 0 because source file does not include distance data.
2133,RCF LTD. CHEMBUR - - GOYAL ENTERPRISE-ALIGARH,RCF LTD. CHEMBUR,GOYAL ENTERPRISE-ALIGARH,imported,Total Distance (km) set to 0 because source file does not include distance data.
2134,RCF LTD. CHEMBUR - - HIREN CORPORATION-AMD,RCF LTD. CHEMBUR,HIREN CORPORATION-AMD,imported,Total Distance (km) set to 0 because source file does not include distance data.
2135,RCF LTD. CHEMBUR - - JAY CHEMICAL-KHAMBAT,RCF LTD. CHEMBUR,JAY CHEMICAL-KHAMBAT,imported,Total Distance (km) set to 0 because source file does not include distance data.
2136,RCF LTD. CHEMBUR - - JHAGADIA,RCF LTD. CHEMBUR,JHAGADIA,imported,Total Distance (km) set to 0 because source file does not include distance data.
2137,"RCF LTD. CHEMBUR - - JINDAL ST.STEEL-JAJPUR,ORISSA",RCF LTD. CHEMBUR,"JINDAL ST.STEEL-JAJPUR,ORISSA",imported,Total Distance (km) set to 0 because source file does not include distance data.
2138,RCF LTD. CHEMBUR - - JINDAL STAILESS-HISAR,RCF LTD. CHEMBUR,JINDAL STAILESS-HISAR,imported,Total Distance (km) set to 0 because source file does not include distance data.
2139,RCF LTD. CHEMBUR - - KAYRPEE VANIJYA PVT LTD - BASKA,RCF LTD. CHEMBUR,KAYRPEE VANIJYA PVT LTD - BASKA,imported,Total Distance (km) set to 0 because source file does not include distance data.
2140,RCF LTD. CHEMBUR - - KCIL-GANDHAIDHAM,RCF LTD. CHEMBUR,KCIL-GANDHAIDHAM,imported,Total Distance (km) set to 0 because source file does not include distance data.
2141,RCF LTD. CHEMBUR - - KHAMBHAT,RCF LTD. CHEMBUR,KHAMBHAT,imported,Total Distance (km) set to 0 because source file does not include distance data.
2142,RCF LTD. CHEMBUR - - KIRI-PADRA,RCF LTD. CHEMBUR,KIRI-PADRA,imported,Total Distance (km) set to 0 because source file does not include distance data.
2143,RCF LTD. CHEMBUR - - MAHADEV TRADARS-JHAGADIA,RCF LTD. CHEMBUR,MAHADEV TRADARS-JHAGADIA,imported,Total Distance (km) set to 0 because source file does not include distance data.
2144,RCF LTD. CHEMBUR - - MAHESHWARI ENTERPRISE-ALIGARH,RCF LTD. CHEMBUR,MAHESHWARI ENTERPRISE-ALIGARH,imported,Total Distance (km) set to 0 because source file does not include distance data.
2145,RCF LTD. CHEMBUR - - MAYUR DYE CHEM-PADRA,RCF LTD. CHEMBUR,MAYUR DYE CHEM-PADRA,imported,Total Distance (km) set to 0 because source file does not include distance data.
2146,RCF LTD. CHEMBUR - - NAVDEEP ENT-SANAND,RCF LTD. CHEMBUR,NAVDEEP ENT-SANAND,imported,Total Distance (km) set to 0 because source file does not include distance data.
2147,RCF LTD. CHEMBUR - - NEW CHEM ACID AHMDABAD,RCF LTD. CHEMBUR,NEW CHEM ACID AHMDABAD,imported,Total Distance (km) set to 0 because source file does not include distance data.
2148,RCF LTD. CHEMBUR - - NEW INDIA,RCF LTD. CHEMBUR,NEW INDIA,imported,Total Distance (km) set to 0 because source file does not include distance data.
2149,"RCF LTD. CHEMBUR - - NIKEN CHEM,SURAT",RCF LTD. CHEMBUR,"NIKEN CHEM,SURAT",imported,Total Distance (km) set to 0 because source file does not include distance data.
2150,RCF LTD. CHEMBUR - - OM NITRATE-WAIDHAN-M.P.,RCF LTD. CHEMBUR,OM NITRATE-WAIDHAN-M.P.,imported,Total Distance (km) set to 0 because source file does not include distance data.
2151,"RCF LTD. CHEMBUR - - PANOLI INT , NANDESARI",RCF LTD. CHEMBUR,"PANOLI INT , NANDESARI",imported,Total Distance (km) set to 0 because source file does not include distance data.
2152,RCF LTD. CHEMBUR - - PHTHALO COLOURS & CHEM-VAPI,RCF LTD. CHEMBUR,PHTHALO COLOURS & CHEM-VAPI,imported,Total Distance (km) set to 0 because source file does not include distance data.
2153,RCF LTD. CHEMBUR - - PORWAL INST & CHEMICAL PVT.LTD-UDAIPUR,RCF LTD. CHEMBUR,PORWAL INST & CHEMICAL PVT.LTD-UDAIPUR,imported,Total Distance (km) set to 0 because source file does not include distance data.
2154,RCF LTD. CHEMBUR - - PPL GOA PLANT-GOA,RCF LTD. CHEMBUR,PPL GOA PLANT-GOA,imported,Total Distance (km) set to 0 because source file does not include distance data.
2155,"RCF LTD. CHEMBUR - - R.M.PHOSPHATE,DHULIA",RCF LTD. CHEMBUR,"R.M.PHOSPHATE,DHULIA",imported,Total Distance (km) set to 0 because source file does not include distance data.
2156,RCF LTD. CHEMBUR - - RAAJRATNA VENTURES/RAJRAATAN METAL-MEHSANA,RCF LTD. CHEMBUR,RAAJRATNA VENTURES/RAJRAATAN METAL-MEHSANA,imported,Total Distance (km) set to 0 because source file does not include distance data.
2157,RCF LTD. CHEMBUR - - RASAYAN UDYOG-DHANBAD,RCF LTD. CHEMBUR,RASAYAN UDYOG-DHANBAD,imported,Total Distance (km) set to 0 because source file does not include distance data.
2158,RCF LTD. CHEMBUR - - RASAYAN UDYOG-SINGRAULI,RCF LTD. CHEMBUR,RASAYAN UDYOG-SINGRAULI,imported,Total Distance (km) set to 0 because source file does not include distance data.
2159,RCF LTD. CHEMBUR - - RAVESHIA COLOUR -VAPI,RCF LTD. CHEMBUR,RAVESHIA COLOUR -VAPI,imported,Total Distance (km) set to 0 because source file does not include distance data.
2160,RCF LTD. CHEMBUR - - RMP-NARDANA,RCF LTD. CHEMBUR,RMP-NARDANA,imported,Total Distance (km) set to 0 because source file does not include distance data.
2161,RCF LTD. CHEMBUR - - SHAH ALLOYS LTD-SANTEJ-KALOL,RCF LTD. CHEMBUR,SHAH ALLOYS LTD-SANTEJ-KALOL,imported,Total Distance (km) set to 0 because source file does not include distance data.
2162,RCF LTD. CHEMBUR - - SHIVAM PRODUCTS-ANK,RCF LTD. CHEMBUR,SHIVAM PRODUCTS-ANK,imported,Total Distance (km) set to 0 because source file does not include distance data.
2163,RCF LTD. CHEMBUR - - SHREE KRISHNA ENT-ALIGARH,RCF LTD. CHEMBUR,SHREE KRISHNA ENT-ALIGARH,imported,Total Distance (km) set to 0 because source file does not include distance data.
2164,RCF LTD. CHEMBUR - - SHREE SHIV AGRO,RCF LTD. CHEMBUR,SHREE SHIV AGRO,imported,Total Distance (km) set to 0 because source file does not include distance data.
2165,RCF LTD. CHEMBUR - - SHRI BALAJI CHEMICALS-HISSAR,RCF LTD. CHEMBUR,SHRI BALAJI CHEMICALS-HISSAR,imported,Total Distance (km) set to 0 because source file does not include distance data.
2166,RCF LTD. CHEMBUR - - SINGRUALI,RCF LTD. CHEMBUR,SINGRUALI,imported,Total Distance (km) set to 0 because source file does not include distance data.
2167,RCF LTD. CHEMBUR - - SUN IND PVT LTD-LUDHIANA,RCF LTD. CHEMBUR,SUN IND PVT LTD-LUDHIANA,imported,Total Distance (km) set to 0 because source file does not include distance data.
2168,RCF LTD. CHEMBUR - - SUNNY CHEMICAL WORKS-PANIPAT,RCF LTD. CHEMBUR,SUNNY CHEMICAL WORKS-PANIPAT,imported,Total Distance (km) set to 0 because source file does not include distance data.
2169,RCF LTD. CHEMBUR - - TANAY INORGANICS PVT. LTD-NAGPUR,RCF LTD. CHEMBUR,TANAY INORGANICS PVT. LTD-NAGPUR,imported,Total Distance (km) set to 0 because source file does not include distance data.
2170,RCF LTD. CHEMBUR - - TRADEX-KHAMBAT,RCF LTD. CHEMBUR,TRADEX-KHAMBAT,imported,Total Distance (km) set to 0 because source file does not include distance data.
2171,RCF LTD. CHEMBUR - - UDAIPUR POLY SACKS LTD-UDAIPUR,RCF LTD. CHEMBUR,UDAIPUR POLY SACKS LTD-UDAIPUR,imported,Total Distance (km) set to 0 because source file does not include distance data.
2172,RCF LTD. CHEMBUR - - VISHNU CHEMICAL-BHILAI,RCF LTD. CHEMBUR,VISHNU CHEMICAL-BHILAI,imported,Total Distance (km) set to 0 because source file does not include distance data.
2173,RCF LTD. CHEMBUR - - YOGESHWAR-NAROL-A.BAD,RCF LTD. CHEMBUR,YOGESHWAR-NAROL-A.BAD,imported,Total Distance (km) set to 0 because source file does not include distance data.
2174,RCF LTD. CHEMBUR - - ZJL ORGANIC PVT-MEGHNAGAR,RCF LTD. CHEMBUR,ZJL ORGANIC PVT-MEGHNAGAR,imported,Total Distance (km) set to 0 because source file does not include distance data.
2175,RIL BIO ENERGY LTD-PANIPAT - - RIL- BHOPAL (M.P.),RIL BIO ENERGY LTD-PANIPAT,RIL- BHOPAL (M.P.),imported,Total Distance (km) set to 0 because source file does not include distance data.
2176,RIL(SEZ)J.NAGAR - - SHREE SHIV AGRO,RIL(SEZ)J.NAGAR,SHREE SHIV AGRO,imported,Total Distance (km) set to 0 because source file does not include distance data.
2177,RIL-DAHEJ - - D.F.P.C.L.-DAHEJ,RIL-DAHEJ,D.F.P.C.L.-DAHEJ,imported,Total Distance (km) set to 0 because source file does not include distance data.
2178,RIL-HAZIRA-SURAT - - BIRLA-DAHEJ,RIL-HAZIRA-SURAT,BIRLA-DAHEJ,imported,Total Distance (km) set to 0 because source file does not include distance data.
2179,RIL-HAZIRA-SURAT - - RIL-DAHEJ,RIL-HAZIRA-SURAT,RIL-DAHEJ,imported,Total Distance (km) set to 0 because source file does not include distance data.
2180,RIL-JAMNAGAR (SEZ) - - AGRO PHOS (INDIA)-DEWAS,RIL-JAMNAGAR (SEZ),AGRO PHOS (INDIA)-DEWAS,imported,Total Distance (km) set to 0 because source file does not include distance data.
2181,RIL-JAMNAGAR (SEZ) - - DELTA IRRGATION & FERT.KOLHAPUR,RIL-JAMNAGAR (SEZ),DELTA IRRGATION & FERT.KOLHAPUR,imported,Total Distance (km) set to 0 because source file does not include distance data.
2182,RIL-JAMNAGAR (SEZ) - - MEGHNAGAR,RIL-JAMNAGAR (SEZ),MEGHNAGAR,imported,Total Distance (km) set to 0 because source file does not include distance data.
2183,RIL-JAMNAGAR (SEZ) - - NEELKANTH TRANS CHEM-DULE,RIL-JAMNAGAR (SEZ),NEELKANTH TRANS CHEM-DULE,imported,Total Distance (km) set to 0 because source file does not include distance data.
2184,"RIL-JAMNAGAR (SEZ) - - PANOLI INT , NANDESARI",RIL-JAMNAGAR (SEZ),"PANOLI INT , NANDESARI",imported,Total Distance (km) set to 0 because source file does not include distance data.
2185,RIL-JAMNAGAR (SEZ) - - SHREE ANUVE SYNTHETIC-PALI,RIL-JAMNAGAR (SEZ),SHREE ANUVE SYNTHETIC-PALI,imported,Total Distance (km) set to 0 because source file does not include distance data.
2186,RIL-JAMNAGAR (SEZ) - - SHREE CEMENT LTD-BEAWAR,RIL-JAMNAGAR (SEZ),SHREE CEMENT LTD-BEAWAR,imported,Total Distance (km) set to 0 because source file does not include distance data.
2187,RIL-JAMNAGAR (SEZ) - - SHREE SHIV AGRO,RIL-JAMNAGAR (SEZ),SHREE SHIV AGRO,imported,Total Distance (km) set to 0 because source file does not include distance data.
2188,RIL-JAMNAGAR (SEZ) - - SHREE TULSI PHOSPHATE- C.G,RIL-JAMNAGAR (SEZ),SHREE TULSI PHOSPHATE- C.G,imported,Total Distance (km) set to 0 because source file does not include distance data.
2189,RIL-JAMNAGAR (SEZ) - - UNICHEM COR-NAGPUR,RIL-JAMNAGAR (SEZ),UNICHEM COR-NAGPUR,imported,Total Distance (km) set to 0 because source file does not include distance data.
2190,RIL-JAMNAGAR (SEZ) - - VALIYA MINERAL & CHEM-UDAIPUR,RIL-JAMNAGAR (SEZ),VALIYA MINERAL & CHEM-UDAIPUR,imported,Total Distance (km) set to 0 because source file does not include distance data.
2191,"RIL-VADODARA - - PANOLI INT , NANDESARI",RIL-VADODARA,"PANOLI INT , NANDESARI",imported,Total Distance (km) set to 0 because source file does not include distance data.
2192,"RITZY CHEM,DAMAN - - RAMA NAND ENT.INDIA P .LTD-GWALIOR","RITZY CHEM,DAMAN",RAMA NAND ENT.INDIA P .LTD-GWALIOR,imported,Total Distance (km) set to 0 because source file does not include distance data.
2193,RJ RUBBERS & CHE IND-SINGRAULI - - IDEAL IND-TELANGANA,RJ RUBBERS & CHE IND-SINGRAULI,IDEAL IND-TELANGANA,imported,Total Distance (km) set to 0 because source file does not include distance data.
2194,ROHAN CHEMICAL KHAMBHAT - - AARTI IND.-JHAGADIA,ROHAN CHEMICAL KHAMBHAT,AARTI IND.-JHAGADIA,imported,Total Distance (km) set to 0 because source file does not include distance data.
2195,ROHAN CHEMICAL KHAMBHAT - - AHMEDABAD.,ROHAN CHEMICAL KHAMBHAT,AHMEDABAD.,imported,Total Distance (km) set to 0 because source file does not include distance data.
2196,ROHAN CHEMICAL KHAMBHAT - - AKSHAR CHEM INDIA-MEHSANA,ROHAN CHEMICAL KHAMBHAT,AKSHAR CHEM INDIA-MEHSANA,imported,Total Distance (km) set to 0 because source file does not include distance data.
2197,ROHAN CHEMICAL KHAMBHAT - - AKSHAR CHEM(INDIA)-DAHEJ,ROHAN CHEMICAL KHAMBHAT,AKSHAR CHEM(INDIA)-DAHEJ,imported,Total Distance (km) set to 0 because source file does not include distance data.
2198,ROHAN CHEMICAL KHAMBHAT - - AMBUJA INTERMEDIATES-MEHSANA,ROHAN CHEMICAL KHAMBHAT,AMBUJA INTERMEDIATES-MEHSANA,imported,Total Distance (km) set to 0 because source file does not include distance data.
2199,ROHAN CHEMICAL KHAMBHAT - - ANKLESHWAR,ROHAN CHEMICAL KHAMBHAT,ANKLESHWAR,imported,Total Distance (km) set to 0 because source file does not include distance data.
2200,ROHAN CHEMICAL KHAMBHAT - - ARIES COLOUR CHEM-DAHEJ,ROHAN CHEMICAL KHAMBHAT,ARIES COLOUR CHEM-DAHEJ,imported,Total Distance (km) set to 0 because source file does not include distance data.
2201,ROHAN CHEMICAL KHAMBHAT - - ASAHI SOGWON COLORS LTD-PADRA,ROHAN CHEMICAL KHAMBHAT,ASAHI SOGWON COLORS LTD-PADRA,imported,Total Distance (km) set to 0 because source file does not include distance data.
2202,ROHAN CHEMICAL KHAMBHAT - - BHARAT RASAYAN-DAHEJ,ROHAN CHEMICAL KHAMBHAT,BHARAT RASAYAN-DAHEJ,imported,Total Distance (km) set to 0 because source file does not include distance data.
2203,ROHAN CHEMICAL KHAMBHAT - - BHAVIN INTERMEDIATES-SAYKHA,ROHAN CHEMICAL KHAMBHAT,BHAVIN INTERMEDIATES-SAYKHA,imported,Total Distance (km) set to 0 because source file does not include distance data.
2204,ROHAN CHEMICAL KHAMBHAT - - BIRLA CELLULOSIC-KOSAMBA,ROHAN CHEMICAL KHAMBHAT,BIRLA CELLULOSIC-KOSAMBA,imported,Total Distance (km) set to 0 because source file does not include distance data.
2205,ROHAN CHEMICAL KHAMBHAT - - CIL-ENNORE-CHENNAI,ROHAN CHEMICAL KHAMBHAT,CIL-ENNORE-CHENNAI,imported,Total Distance (km) set to 0 because source file does not include distance data.
2206,ROHAN CHEMICAL KHAMBHAT - - CLAYKING MINERALS LLP-SURENDRANAGAR,ROHAN CHEMICAL KHAMBHAT,CLAYKING MINERALS LLP-SURENDRANAGAR,imported,Total Distance (km) set to 0 because source file does not include distance data.
2207,ROHAN CHEMICAL KHAMBHAT - - DAHEJ,ROHAN CHEMICAL KHAMBHAT,DAHEJ,imported,Total Distance (km) set to 0 because source file does not include distance data.
2208,ROHAN CHEMICAL KHAMBHAT - - DECCAN FINE CHEM (INDIA)ANK,ROHAN CHEMICAL KHAMBHAT,DECCAN FINE CHEM (INDIA)ANK,imported,Total Distance (km) set to 0 because source file does not include distance data.
2209,ROHAN CHEMICAL KHAMBHAT - - DEEP CHEM-ANK,ROHAN CHEMICAL KHAMBHAT,DEEP CHEM-ANK,imported,Total Distance (km) set to 0 because source file does not include distance data.
2210,"ROHAN CHEMICAL KHAMBHAT - - DEEPAK NIT, NANDESARI",ROHAN CHEMICAL KHAMBHAT,"DEEPAK NIT, NANDESARI",imported,Total Distance (km) set to 0 because source file does not include distance data.
2211,ROHAN CHEMICAL KHAMBHAT - - DEEPAK PHENOLICS LTD-DAHEJ,ROHAN CHEMICAL KHAMBHAT,DEEPAK PHENOLICS LTD-DAHEJ,imported,Total Distance (km) set to 0 because source file does not include distance data.
2212,ROHAN CHEMICAL KHAMBHAT - - DNL-HYDRABAD,ROHAN CHEMICAL KHAMBHAT,DNL-HYDRABAD,imported,Total Distance (km) set to 0 because source file does not include distance data.
2213,ROHAN CHEMICAL KHAMBHAT - - DTC INDUSTRIES-KHAMBAT,ROHAN CHEMICAL KHAMBHAT,DTC INDUSTRIES-KHAMBAT,imported,Total Distance (km) set to 0 because source file does not include distance data.
2214,ROHAN CHEMICAL KHAMBHAT - - GACL-BARODA,ROHAN CHEMICAL KHAMBHAT,GACL-BARODA,imported,Total Distance (km) set to 0 because source file does not include distance data.
2215,ROHAN CHEMICAL KHAMBHAT - - GACL-DAHEJ,ROHAN CHEMICAL KHAMBHAT,GACL-DAHEJ,imported,Total Distance (km) set to 0 because source file does not include distance data.
2216,ROHAN CHEMICAL KHAMBHAT - - GACL-NALCO-BHARUCH,ROHAN CHEMICAL KHAMBHAT,GACL-NALCO-BHARUCH,imported,Total Distance (km) set to 0 because source file does not include distance data.
2217,ROHAN CHEMICAL KHAMBHAT - - GFL-DAHEJ,ROHAN CHEMICAL KHAMBHAT,GFL-DAHEJ,imported,Total Distance (km) set to 0 because source file does not include distance data.
2218,ROHAN CHEMICAL KHAMBHAT - - GFL-RANJITNAGAR,ROHAN CHEMICAL KHAMBHAT,GFL-RANJITNAGAR,imported,Total Distance (km) set to 0 because source file does not include distance data.
2219,"ROHAN CHEMICAL KHAMBHAT - - GIL, VILAYAT",ROHAN CHEMICAL KHAMBHAT,"GIL, VILAYAT",imported,Total Distance (km) set to 0 because source file does not include distance data.
2220,"ROHAN CHEMICAL KHAMBHAT - - GNFC,. BHARUCH",ROHAN CHEMICAL KHAMBHAT,"GNFC,. BHARUCH",imported,Total Distance (km) set to 0 because source file does not include distance data.
2221,ROHAN CHEMICAL KHAMBHAT - - GRASIM IND LTD-VILAYAT BHARUCH,ROHAN CHEMICAL KHAMBHAT,GRASIM IND LTD-VILAYAT BHARUCH,imported,Total Distance (km) set to 0 because source file does not include distance data.
2222,ROHAN CHEMICAL KHAMBHAT - - GSFC LTD. BARODA,ROHAN CHEMICAL KHAMBHAT,GSFC LTD. BARODA,imported,Total Distance (km) set to 0 because source file does not include distance data.
2223,ROHAN CHEMICAL KHAMBHAT - - HARSH ORGENO-VATVA,ROHAN CHEMICAL KHAMBHAT,HARSH ORGENO-VATVA,imported,Total Distance (km) set to 0 because source file does not include distance data.
2224,ROHAN CHEMICAL KHAMBHAT - - HEUBACH COLOUR PVT-ANK,ROHAN CHEMICAL KHAMBHAT,HEUBACH COLOUR PVT-ANK,imported,Total Distance (km) set to 0 because source file does not include distance data.
2225,ROHAN CHEMICAL KHAMBHAT - - INDAIN PHOS LTD-UDAIPUR,ROHAN CHEMICAL KHAMBHAT,INDAIN PHOS LTD-UDAIPUR,imported,Total Distance (km) set to 0 because source file does not include distance data.
2226,ROHAN CHEMICAL KHAMBHAT - - INDO COLCHEM-AMD,ROHAN CHEMICAL KHAMBHAT,INDO COLCHEM-AMD,imported,Total Distance (km) set to 0 because source file does not include distance data.
2227,ROHAN CHEMICAL KHAMBHAT - - JAIPUR,ROHAN CHEMICAL KHAMBHAT,JAIPUR,imported,Total Distance (km) set to 0 because source file does not include distance data.
2228,ROHAN CHEMICAL KHAMBHAT - - JAY GANESH IND-KHAMBAT,ROHAN CHEMICAL KHAMBHAT,JAY GANESH IND-KHAMBAT,imported,Total Distance (km) set to 0 because source file does not include distance data.
2229,ROHAN CHEMICAL KHAMBHAT - - KILBURN CHE LTD-DAHEJ,ROHAN CHEMICAL KHAMBHAT,KILBURN CHE LTD-DAHEJ,imported,Total Distance (km) set to 0 because source file does not include distance data.
2230,ROHAN CHEMICAL KHAMBHAT - - KOSAMBA,ROHAN CHEMICAL KHAMBHAT,KOSAMBA,imported,Total Distance (km) set to 0 because source file does not include distance data.
2231,ROHAN CHEMICAL KHAMBHAT - - MAC ORGANICS PVT LTD-MAHAD,ROHAN CHEMICAL KHAMBHAT,MAC ORGANICS PVT LTD-MAHAD,imported,Total Distance (km) set to 0 because source file does not include distance data.
2232,ROHAN CHEMICAL KHAMBHAT - - MEGHMANI DYES & INTER-DUDHWADA-PADRA,ROHAN CHEMICAL KHAMBHAT,MEGHMANI DYES & INTER-DUDHWADA-PADRA,imported,Total Distance (km) set to 0 because source file does not include distance data.
2233,ROHAN CHEMICAL KHAMBHAT - - MEGHMANI FINE CHEM-DAHEJ,ROHAN CHEMICAL KHAMBHAT,MEGHMANI FINE CHEM-DAHEJ,imported,Total Distance (km) set to 0 because source file does not include distance data.
2234,ROHAN CHEMICAL KHAMBHAT - - MEGHMANI NOVOTECH PVT LTD-BHARUCH,ROHAN CHEMICAL KHAMBHAT,MEGHMANI NOVOTECH PVT LTD-BHARUCH,imported,Total Distance (km) set to 0 because source file does not include distance data.
2235,"ROHAN CHEMICAL KHAMBHAT - - MMCPL,JHAGADIA",ROHAN CHEMICAL KHAMBHAT,"MMCPL,JHAGADIA",imported,Total Distance (km) set to 0 because source file does not include distance data.
2236,ROHAN CHEMICAL KHAMBHAT - - NAVDEEP CHEMICAL-JHAGADIA,ROHAN CHEMICAL KHAMBHAT,NAVDEEP CHEMICAL-JHAGADIA,imported,Total Distance (km) set to 0 because source file does not include distance data.
2237,ROHAN CHEMICAL KHAMBHAT - - NAVIN FLUORINE ADV. SCIENCE-DAHEJ,ROHAN CHEMICAL KHAMBHAT,NAVIN FLUORINE ADV. SCIENCE-DAHEJ,imported,Total Distance (km) set to 0 because source file does not include distance data.
2238,ROHAN CHEMICAL KHAMBHAT - - ONEIRO CHEMAICAL-PADARA,ROHAN CHEMICAL KHAMBHAT,ONEIRO CHEMAICAL-PADARA,imported,Total Distance (km) set to 0 because source file does not include distance data.
2239,ROHAN CHEMICAL KHAMBHAT - - ONEIRO LIFE CARE-PADRA,ROHAN CHEMICAL KHAMBHAT,ONEIRO LIFE CARE-PADRA,imported,Total Distance (km) set to 0 because source file does not include distance data.
2240,ROHAN CHEMICAL KHAMBHAT - - ONGC-DAHEJ,ROHAN CHEMICAL KHAMBHAT,ONGC-DAHEJ,imported,Total Distance (km) set to 0 because source file does not include distance data.
2241,ROHAN CHEMICAL KHAMBHAT - - P I INDUSTREIES LTD-DAHEJ-SEZ,ROHAN CHEMICAL KHAMBHAT,P I INDUSTREIES LTD-DAHEJ-SEZ,imported,Total Distance (km) set to 0 because source file does not include distance data.
2242,ROHAN CHEMICAL KHAMBHAT - - R.I.L.JAMNAGAR,ROHAN CHEMICAL KHAMBHAT,R.I.L.JAMNAGAR,imported,Total Distance (km) set to 0 because source file does not include distance data.
2243,ROHAN CHEMICAL KHAMBHAT - - R.K.SYNTHESIS LTD-SAYAKHA,ROHAN CHEMICAL KHAMBHAT,R.K.SYNTHESIS LTD-SAYAKHA,imported,Total Distance (km) set to 0 because source file does not include distance data.
2244,ROHAN CHEMICAL KHAMBHAT - - RALLIS INDIA LTD-DAHEJ,ROHAN CHEMICAL KHAMBHAT,RALLIS INDIA LTD-DAHEJ,imported,Total Distance (km) set to 0 because source file does not include distance data.
2245,ROHAN CHEMICAL KHAMBHAT - - ROHAN CHEMICAL KHAMBHAT,ROHAN CHEMICAL KHAMBHAT,ROHAN CHEMICAL KHAMBHAT,imported,Total Distance (km) set to 0 because source file does not include distance data.
2246,ROHAN CHEMICAL KHAMBHAT - - ROHAN DYES-UNIT-1-KHAMBAT,ROHAN CHEMICAL KHAMBHAT,ROHAN DYES-UNIT-1-KHAMBAT,imported,Total Distance (km) set to 0 because source file does not include distance data.
2247,ROHAN CHEMICAL KHAMBHAT - - RUBAMIN-NANDESARI,ROHAN CHEMICAL KHAMBHAT,RUBAMIN-NANDESARI,imported,Total Distance (km) set to 0 because source file does not include distance data.
2248,"ROHAN CHEMICAL KHAMBHAT - - SAJJAN IND,LTD-ANKLESHWAR",ROHAN CHEMICAL KHAMBHAT,"SAJJAN IND,LTD-ANKLESHWAR",imported,Total Distance (km) set to 0 because source file does not include distance data.
2249,ROHAN CHEMICAL KHAMBHAT - - SANJOPIN IND PVT LTD-SAYKHA,ROHAN CHEMICAL KHAMBHAT,SANJOPIN IND PVT LTD-SAYKHA,imported,Total Distance (km) set to 0 because source file does not include distance data.
2250,ROHAN CHEMICAL KHAMBHAT - - SELF,ROHAN CHEMICAL KHAMBHAT,SELF,imported,Total Distance (km) set to 0 because source file does not include distance data.
2251,ROHAN CHEMICAL KHAMBHAT - - SHIV TEX CHEM,ROHAN CHEMICAL KHAMBHAT,SHIV TEX CHEM-ANK,imported,Total Distance (km) set to 0 because source file does not include distance data.
2252,ROHAN CHEMICAL KHAMBHAT - - SHIV TEX CHEM-ANK,ROHAN CHEMICAL KHAMBHAT,SHIV TEX CHEM-ANK,imported,Total Distance (km) set to 0 because source file does not include distance data.
2253,ROHAN CHEMICAL KHAMBHAT - - SHREENATHJI ENT-ANAND,ROHAN CHEMICAL KHAMBHAT,SHREENATHJI ENT-ANAND,imported,Total Distance (km) set to 0 because source file does not include distance data.
2254,ROHAN CHEMICAL KHAMBHAT - - SHRIRAM ALKALI & CHEM-JHAGADIA,ROHAN CHEMICAL KHAMBHAT,SHRIRAM ALKALI & CHEM-JHAGADIA,imported,Total Distance (km) set to 0 because source file does not include distance data.
2255,ROHAN CHEMICAL KHAMBHAT - - SILOX INDIA PVT LTD-EKALBARA,ROHAN CHEMICAL KHAMBHAT,SILOX INDIA PVT LTD-EKALBARA,imported,Total Distance (km) set to 0 because source file does not include distance data.
2256,ROHAN CHEMICAL KHAMBHAT - - SRF-DAHEJ,ROHAN CHEMICAL KHAMBHAT,SRF-DAHEJ,imported,Total Distance (km) set to 0 because source file does not include distance data.
2257,ROHAN CHEMICAL KHAMBHAT - - SUNFRIO CHEMICALS PVT LTD-DAHEJ,ROHAN CHEMICAL KHAMBHAT,SUNFRIO CHEMICALS PVT LTD-DAHEJ,imported,Total Distance (km) set to 0 because source file does not include distance data.
2258,ROHAN CHEMICAL KHAMBHAT - - TAXE CHEM ENTERPRISE-COIMBATTORE,ROHAN CHEMICAL KHAMBHAT,TAXE CHEM ENTERPRISE-COIMBATTORE,imported,Total Distance (km) set to 0 because source file does not include distance data.
2259,ROHAN CHEMICAL KHAMBHAT - - TAXE CHEM-CHENNAI,ROHAN CHEMICAL KHAMBHAT,TAXE CHEM-CHENNAI,imported,Total Distance (km) set to 0 because source file does not include distance data.
2260,ROHAN CHEMICAL KHAMBHAT - - TRANSPEK ATLADARA-BRD,ROHAN CHEMICAL KHAMBHAT,TRANSPEK ATLADARA-BRD,imported,Total Distance (km) set to 0 because source file does not include distance data.
2261,ROHAN CHEMICAL KHAMBHAT - - TRENT CHEM IND -MEGHNAGAR,ROHAN CHEMICAL KHAMBHAT,TRENT CHEM IND -MEGHNAGAR,imported,Total Distance (km) set to 0 because source file does not include distance data.
2262,ROHAN CHEMICAL KHAMBHAT - - VARITY CHEMICALS-VAGRA,ROHAN CHEMICAL KHAMBHAT,VARITY CHEMICALS-VAGRA,imported,Total Distance (km) set to 0 because source file does not include distance data.
2263,ROHAN CHEMICAL KHAMBHAT - - VINI INDUSTRIES-M.NAGAR,ROHAN CHEMICAL KHAMBHAT,VINI INDUSTRIES-M.NAGAR,imported,Total Distance (km) set to 0 because source file does not include distance data.
2264,ROHAN CHEMICAL KHAMBHAT - - VISMITA IND-DAHEJ,ROHAN CHEMICAL KHAMBHAT,VISMITA IND-DAHEJ,imported,Total Distance (km) set to 0 because source file does not include distance data.
2265,ROHAN CHEMICAL KHAMBHAT - - YASH CHEMEX INC-DHULE,ROHAN CHEMICAL KHAMBHAT,YASH CHEMEX INC-DHULE,imported,Total Distance (km) set to 0 because source file does not include distance data.
2266,ROHAN CHEMICAL KHAMBHAT - - YASHASHVI RASAYAN-DAHEJ,ROHAN CHEMICAL KHAMBHAT,YASHASHVI RASAYAN-DAHEJ,imported,Total Distance (km) set to 0 because source file does not include distance data.
2267,ROHAN DYES & INT.- CAMBAY - - A S INDUSTRIES-PANOLI-BHARUCH,ROHAN DYES & INT.- CAMBAY,A S INDUSTRIES-PANOLI-BHARUCH,imported,Total Distance (km) set to 0 because source file does not include distance data.
2268,ROHAN DYES & INT.- CAMBAY - - ADANI WILMAR LTD-HALDIA(W.B),ROHAN DYES & INT.- CAMBAY,ADANI WILMAR LTD-HALDIA(W.B),imported,Total Distance (km) set to 0 because source file does not include distance data.
2269,ROHAN DYES & INT.- CAMBAY - - ADANI WILMAR LTD-HAZIRA,ROHAN DYES & INT.- CAMBAY,ADANI WILMAR LTD-HAZIRA,imported,Total Distance (km) set to 0 because source file does not include distance data.
2270,"ROHAN DYES & INT.- CAMBAY - - DEEPAK NIT, NANDESARI",ROHAN DYES & INT.- CAMBAY,"DEEPAK NIT, NANDESARI",imported,Total Distance (km) set to 0 because source file does not include distance data.
2271,ROHAN DYES & INT.- CAMBAY - - DEEPAK NITRITE LTD (HSD)-HYDERABAD,ROHAN DYES & INT.- CAMBAY,DEEPAK NITRITE LTD (HSD)-HYDERABAD,imported,Total Distance (km) set to 0 because source file does not include distance data.
2272,ROHAN DYES & INT.- CAMBAY - - DEEPAK PHENOLICS LTD-DAHEJ,ROHAN DYES & INT.- CAMBAY,DEEPAK PHENOLICS LTD-DAHEJ,imported,Total Distance (km) set to 0 because source file does not include distance data.
2273,ROHAN DYES & INT.- CAMBAY - - GACL-DAHEJ,ROHAN DYES & INT.- CAMBAY,GACL-DAHEJ,imported,Total Distance (km) set to 0 because source file does not include distance data.
2274,ROHAN DYES & INT.- CAMBAY - - GACL-NALCO-BHARUCH,ROHAN DYES & INT.- CAMBAY,GACL-NALCO-BHARUCH,imported,Total Distance (km) set to 0 because source file does not include distance data.
2275,"ROHAN DYES & INT.- CAMBAY - - GIL, VILAYAT",ROHAN DYES & INT.- CAMBAY,"GIL, VILAYAT",imported,Total Distance (km) set to 0 because source file does not include distance data.
2276,"ROHAN DYES & INT.- CAMBAY - - GNFC,. BHARUCH",ROHAN DYES & INT.- CAMBAY,"GNFC,. BHARUCH",imported,Total Distance (km) set to 0 because source file does not include distance data.
2277,ROHAN DYES & INT.- CAMBAY - - INDIAN PHOS LTD-UDAIPUR,ROHAN DYES & INT.- CAMBAY,INDIAN PHOS LTD-UDAIPUR,imported,Total Distance (km) set to 0 because source file does not include distance data.
2278,ROHAN DYES & INT.- CAMBAY - - MOHAN POLY FEB-ANK,ROHAN DYES & INT.- CAMBAY,MOHAN POLY FEB-ANK,imported,Total Distance (km) set to 0 because source file does not include distance data.
2279,ROHAN DYES & INT.- CAMBAY - - NAVDEEP CHEM PVT LTD-ANK,ROHAN DYES & INT.- CAMBAY,NAVDEEP CHEM PVT LTD-ANK,imported,Total Distance (km) set to 0 because source file does not include distance data.
2280,ROHAN DYES & INT.- CAMBAY - - R K SYNTHESIS LTD-SAYAKHA,ROHAN DYES & INT.- CAMBAY,R K SYNTHESIS LTD-SAYAKHA,imported,Total Distance (km) set to 0 because source file does not include distance data.
2281,ROHAN DYES & INT.- CAMBAY - - RALLIS INDIA LTD-DAHEJ,ROHAN DYES & INT.- CAMBAY,RALLIS INDIA LTD-DAHEJ,imported,Total Distance (km) set to 0 because source file does not include distance data.
2282,ROHAN DYES & INT.- CAMBAY - - RIL-HAZIRA-SURAT,ROHAN DYES & INT.- CAMBAY,RIL-HAZIRA-SURAT,imported,Total Distance (km) set to 0 because source file does not include distance data.
2283,ROHAN DYES & INT.- CAMBAY - - RUBAMIN-NANDESARI,ROHAN DYES & INT.- CAMBAY,RUBAMIN-NANDESARI,imported,Total Distance (km) set to 0 because source file does not include distance data.
2284,ROHAN DYES & INT.- CAMBAY - - SHRIRAM ALKALI & CHEM-JHAGADIA,ROHAN DYES & INT.- CAMBAY,SHRIRAM ALKALI & CHEM-JHAGADIA,imported,Total Distance (km) set to 0 because source file does not include distance data.
2285,ROHAN DYES & INT.- CAMBAY - - SRF-DAHEJ,ROHAN DYES & INT.- CAMBAY,SRF-DAHEJ,imported,Total Distance (km) set to 0 because source file does not include distance data.
2286,ROHAN DYES & INT.- CAMBAY - - TRENT CHEM IND -MEGHNAGAR,ROHAN DYES & INT.- CAMBAY,TRENT CHEM IND -MEGHNAGAR,imported,Total Distance (km) set to 0 because source file does not include distance data.
2287,ROHAN DYES & INT.- CAMBAY - - UI VR PRIVATE LTD.-AHMEDABAD,ROHAN DYES & INT.- CAMBAY,UI VR PRIVATE LTD.-AHMEDABAD,imported,Total Distance (km) set to 0 because source file does not include distance data.
2288,ROHAN DYES & INT.- CAMBAY - - VISMITA INDUSTRIES-DAHEJ,ROHAN DYES & INT.- CAMBAY,VISMITA INDUSTRIES-DAHEJ,imported,Total Distance (km) set to 0 because source file does not include distance data.
2289,ROHAN DYES-UNIT-1-KHAMBAT - - DNL-HYDRABAD,ROHAN DYES-UNIT-1-KHAMBAT,DNL-HYDRABAD,imported,Total Distance (km) set to 0 because source file does not include distance data.
2290,RSPL LIMITED-RAIPUR UNIT - - BASANT AGRO-JALGOAN,RSPL LIMITED-RAIPUR UNIT,BASANT AGRO-JALGOAN,imported,Total Distance (km) set to 0 because source file does not include distance data.
2291,"RSPL LIMITED-RAIPUR UNIT - - R.M.PHOSPHATE,DHULIA",RSPL LIMITED-RAIPUR UNIT,"R.M.PHOSPHATE,DHULIA",imported,Total Distance (km) set to 0 because source file does not include distance data.
2292,RSPL. LTD-ROURKEE - - BASANT AGRO-AKOLA,RSPL. LTD-ROURKEE,BASANT AGRO-AKOLA,imported,Total Distance (km) set to 0 because source file does not include distance data.
2293,RSPL. LTD-ROURKEE - - JALGOAN,RSPL. LTD-ROURKEE,JALGOAN,imported,Total Distance (km) set to 0 because source file does not include distance data.
2294,"RSPL-AURANGABAD - - R.M.PHOSPHATE,DHULIA",RSPL-AURANGABAD,"R.M.PHOSPHATE,DHULIA",imported,Total Distance (km) set to 0 because source file does not include distance data.
2295,RUCHI PETRO PLAST-DAHEJ - - CRYSTAL COLOURCHEM-SAYKHA,RUCHI PETRO PLAST-DAHEJ,CRYSTAL COLOURCHEM-SAYKHA,imported,Total Distance (km) set to 0 because source file does not include distance data.
2296,RUCHI PETRO PLAST-DAHEJ - - HEMANI CHEMI ORG-VAPI,RUCHI PETRO PLAST-DAHEJ,HEMANI CHEMI ORG-VAPI,imported,Total Distance (km) set to 0 because source file does not include distance data.
2297,"RUCHI PETRO PLAST-DAHEJ - - MADHU SIL,BHAVNAGAR",RUCHI PETRO PLAST-DAHEJ,"MADHU SIL,BHAVNAGAR",imported,Total Distance (km) set to 0 because source file does not include distance data.
2298,"RUCHI PETRO PLAST-DAHEJ - - PANOLI INT , NANDESARI",RUCHI PETRO PLAST-DAHEJ,"PANOLI INT , NANDESARI",imported,Total Distance (km) set to 0 because source file does not include distance data.
2299,RUCHI PETRO PLAST-DAHEJ - - SHREEJI LIQUID STORAGE TERMINAL-KANDLA,RUCHI PETRO PLAST-DAHEJ,SHREEJI LIQUID STORAGE TERMINAL-KANDLA,imported,Total Distance (km) set to 0 because source file does not include distance data.
2300,RUCHI PETRO PLAST-DAHEJ - - VAPI,RUCHI PETRO PLAST-DAHEJ,VAPI,imported,Total Distance (km) set to 0 because source file does not include distance data.
2301,RUCHI SOYA-HALDIA - - GODHREJ CONSUMER PRODUCTS-MALANPUR(M.P),RUCHI SOYA-HALDIA,GODHREJ CONSUMER PRODUCTS-MALANPUR(M.P),imported,Total Distance (km) set to 0 because source file does not include distance data.
2302,RUCHI-DAHEJ - - BHARAT RASAYAN-DAHEJ,RUCHI-DAHEJ,BHARAT RASAYAN-DAHEJ,imported,Total Distance (km) set to 0 because source file does not include distance data.
2303,S . B CHEMICALS-VAPI - - HZL-DARIBA,S . B CHEMICALS-VAPI,HZL-DARIBA,imported,Total Distance (km) set to 0 because source file does not include distance data.
2304,S.G.CHEMTEX-JODHPUR - - HZL-DEBARI,S.G.CHEMTEX-JODHPUR,HZL-DEBARI,imported,Total Distance (km) set to 0 because source file does not include distance data.
2305,SADHANA NITRO CHEM-ROHA - - SHREE HARI CHEMICAL-KHAMBAT,SADHANA NITRO CHEM-ROHA,SHREE HARI CHEMICAL-KHAMBAT,imported,Total Distance (km) set to 0 because source file does not include distance data.
2306,SAI FERTILIZERS & PHOS-AMBERNATH (M.H.) - - RMJ VERITABLE PRODUCT-DHULE,SAI FERTILIZERS & PHOS-AMBERNATH (M.H.),RMJ VERITABLE PRODUCT-DHULE,imported,Total Distance (km) set to 0 because source file does not include distance data.
2307,SAI SULPHONATES PVT LTD-MEDINAPUR - - DARA CHEMICAL-HISSAR,SAI SULPHONATES PVT LTD-MEDINAPUR,DARA CHEMICAL-HISSAR,imported,Total Distance (km) set to 0 because source file does not include distance data.
2308,SAI SULPHONATES PVT LTD-MEDINAPUR - - R.M. CHEMICALS-DHULE,SAI SULPHONATES PVT LTD-MEDINAPUR,R.M. CHEMICALS-DHULE,imported,Total Distance (km) set to 0 because source file does not include distance data.
2309,SAI SULPHONATES PVT LTD-MEDINAPUR - - RAIPUR,SAI SULPHONATES PVT LTD-MEDINAPUR,RAIPUR,imported,Total Distance (km) set to 0 because source file does not include distance data.
2310,SAI SULPHONATES PVT LTD-MEDINAPUR - - SHRI JAGDAMBA UDYOG-RAIPUR,SAI SULPHONATES PVT LTD-MEDINAPUR,SHRI JAGDAMBA UDYOG-RAIPUR,imported,Total Distance (km) set to 0 because source file does not include distance data.
2311,SAI SULPHONATES PVT LTD-MEDINAPUR - - UNLIEVER INDIA LTD-SUMERPUR,SAI SULPHONATES PVT LTD-MEDINAPUR,UNLIEVER INDIA LTD-SUMERPUR,imported,Total Distance (km) set to 0 because source file does not include distance data.
2312,"SANAND - - SHANTI AGRO,NAVSARI",SANAND,"SHANTI AGRO,NAVSARI",imported,Total Distance (km) set to 0 because source file does not include distance data.
2313,"SATYAM ENT,.UDAIPUR - - B.ROSHANLAL CHEMICALS(M.P.)","SATYAM ENT,.UDAIPUR",B.ROSHANLAL CHEMICALS(M.P.),imported,Total Distance (km) set to 0 because source file does not include distance data.
2314,"SATYAM ENT,.UDAIPUR - - M.BHARAT MEGHNAGAR","SATYAM ENT,.UDAIPUR",M.BHARAT MEGHNAGAR,imported,Total Distance (km) set to 0 because source file does not include distance data.
2315,SEAHAWK AGRO (P) LTD-AURANGABAD-BIHAR - - B.R.AGRO (P) LTD-BANMORE-(M.P.),SEAHAWK AGRO (P) LTD-AURANGABAD-BIHAR,B.R.AGRO (P) LTD-BANMORE-(M.P.),imported,Total Distance (km) set to 0 because source file does not include distance data.
2316,SELF - - D.F.P.C.L.-DAHEJ,SELF,D.F.P.C.L.-DAHEJ,imported,Total Distance (km) set to 0 because source file does not include distance data.
2317,SGF IND.PVT LTD-HOOGHLY - - GODHREJ CONSUMER PRODUCTS-MALANPUR(M.P),SGF IND.PVT LTD-HOOGHLY,GODHREJ CONSUMER PRODUCTS-MALANPUR(M.P),imported,Total Distance (km) set to 0 because source file does not include distance data.
2318,SHAH INDUSTRIES-ANAND - - ARIHANT AGRO IND-KANDLA,SHAH INDUSTRIES-ANAND,ARIHANT AGRO IND-KANDLA,imported,Total Distance (km) set to 0 because source file does not include distance data.
2319,SHAH INDUSTRIES-ANAND - - CHOUDHARY INDUSTRIES-JAIPUR,SHAH INDUSTRIES-ANAND,CHOUDHARY INDUSTRIES-JAIPUR,imported,Total Distance (km) set to 0 because source file does not include distance data.
2320,SHAH INDUSTRIES-ANAND - - GRASSROOTS CLEANTECH-KANDLA,SHAH INDUSTRIES-ANAND,GRASSROOTS CLEANTECH-KANDLA,imported,Total Distance (km) set to 0 because source file does not include distance data.
2321,SHAH INDUSTRIES-ANAND - - MSG PETROLEUM PRODT-KANPUR,SHAH INDUSTRIES-ANAND,MSG PETROLEUM PRODT-KANPUR,imported,Total Distance (km) set to 0 because source file does not include distance data.
2322,SHAH INDUSTRIES-ANAND - - NAKODA PARSHWANATH-KANDLA,SHAH INDUSTRIES-ANAND,NAKODA PARSHWANATH-KANDLA,imported,Total Distance (km) set to 0 because source file does not include distance data.
2323,"SHANTI AGRO,NAVSARI - - MEHSANA","SHANTI AGRO,NAVSARI",MEHSANA,imported,Total Distance (km) set to 0 because source file does not include distance data.
2324,"SHANTI AGRO,NAVSARI - - NEO CHEM-GOZARIYA","SHANTI AGRO,NAVSARI",NEO CHEM-GOZARIYA,imported,Total Distance (km) set to 0 because source file does not include distance data.
2325,SHANTI INORGO-AMD - - ACCIPL-AHMEDNAGAR,SHANTI INORGO-AMD,ACCIPL-AHMEDNAGAR,imported,Total Distance (km) set to 0 because source file does not include distance data.
2326,SHANTI INORGO-AMD - - ALVIN CARAMEL COLOUR-AHMEDNAGAR,SHANTI INORGO-AMD,ALVIN CARAMEL COLOUR-AHMEDNAGAR,imported,Total Distance (km) set to 0 because source file does not include distance data.
2327,SHIVANGI IOL PVT LTD-BILASPURA(C.G) - - FAIRCHEM ORGANICS LTD-SANAND,SHIVANGI IOL PVT LTD-BILASPURA(C.G),FAIRCHEM ORGANICS LTD-SANAND,imported,Total Distance (km) set to 0 because source file does not include distance data.
2328,SHRADDHA ENERGY & INFRA PVT LTD - - J.N.P.T-MUMBAI,SHRADDHA ENERGY & INFRA PVT LTD-JALNA,J.N.P.T-MUMBAI,imported,Total Distance (km) set to 0 because source file does not include distance data.
2329,SHRADDHA ENERGY & INFRA PVT LTD-JALNA - - J.N.P.T-MUMBAI,SHRADDHA ENERGY & INFRA PVT LTD-JALNA,J.N.P.T-MUMBAI,imported,Total Distance (km) set to 0 because source file does not include distance data.
2330,"SHREE BALAJI AGRO-HARYANA - - SABAR DAIRY,HIMMATNAGAR",SHREE BALAJI AGRO-HARYANA,"SABAR DAIRY,HIMMATNAGAR",imported,Total Distance (km) set to 0 because source file does not include distance data.
2331,SHREE BALAJI AGRO-HARYANA - - SHREE MAHAKALI FEED-SABARKANTHA,SHREE BALAJI AGRO-HARYANA,SHREE MAHAKALI FEED-SABARKANTHA,imported,Total Distance (km) set to 0 because source file does not include distance data.
2332,SHREE CEMENT LTD-BEAWAR - - HZL-DARIBA,SHREE CEMENT LTD-BEAWAR,HZL-DARIBA,imported,Total Distance (km) set to 0 because source file does not include distance data.
2333,SHREE CEMENT LTD-BEAWAR - - HZL-DEBARI,SHREE CEMENT LTD-BEAWAR,HZL-DEBARI,imported,Total Distance (km) set to 0 because source file does not include distance data.
2334,SHREE CEMENT-RAIPUR - - UPL LTD-JHAGADIA,SHREE CEMENT-RAIPUR,UPL LTD-JHAGADIA,imported,Total Distance (km) set to 0 because source file does not include distance data.
2335,"SHREE GAYATRI CHEM-PANOLI - - R.M.PHOSPHATE,DHULIA",SHREE GAYATRI CHEM-PANOLI,"R.M.PHOSPHATE,DHULIA",imported,Total Distance (km) set to 0 because source file does not include distance data.
2336,SHREE KRISHNA SOLVENT (C.G.) - - FAIRCHEM ORGANICS LTD-SANAND,SHREE KRISHNA SOLVENT (C.G.),FAIRCHEM ORGANICS LTD-SANAND,imported,Total Distance (km) set to 0 because source file does not include distance data.
2337,SHREE KRISHNA SOLVENT (C.G.) - - R.S.INDUSTRIES-MORENA,SHREE KRISHNA SOLVENT (C.G.),R.S.INDUSTRIES-MORENA,imported,Total Distance (km) set to 0 because source file does not include distance data.
2338,SHREE MAHESH OIL REFINERY-INDORE - - FAIRCHEM ORGANICS LTD-SANAND,SHREE MAHESH OIL REFINERY-INDORE,FAIRCHEM ORGANICS LTD-SANAND,imported,Total Distance (km) set to 0 because source file does not include distance data.
2339,SHREE NIDHI OIL & FOODS-DEWAS - - SKRETTING AQUACULTURE-SURAT,SHREE NIDHI OIL & FOODS-DEWAS,SKRETTING AQUACULTURE-SURAT,imported,Total Distance (km) set to 0 because source file does not include distance data.
2340,SHREE SHIV AGRO - - SHIV GLOBAL IND-NANDED,SHREE SHIV AGRO,SHIV GLOBAL IND-NANDED,imported,Total Distance (km) set to 0 because source file does not include distance data.
2341,SHREE SHIV AGRO-BARODA - - SHIVAM PRODUCTS-ANK,SHREE SHIV AGRO-BARODA,SHIVAM PRODUCTS-ANK,imported,Total Distance (km) set to 0 because source file does not include distance data.
2342,SHREE SHYAM CHEMICALS-BHILAI - - CONTINENTAL CARBON ECO -DAHEJ,SHREE SHYAM CHEMICALS-BHILAI,CONTINENTAL CARBON ECO -DAHEJ,imported,Total Distance (km) set to 0 because source file does not include distance data.
2343,SHREE SHYAM UDYOG-JAMSHEDPUR - - ADITYA IND-JAIPUR,SHREE SHYAM UDYOG-JAMSHEDPUR,ADITYA IND-JAIPUR,imported,Total Distance (km) set to 0 because source file does not include distance data.
2344,SHREE SHYAM UDYOG-JAMSHEDPUR - - EIGHT BROTHER SALES-JAIPUR,SHREE SHYAM UDYOG-JAMSHEDPUR,EIGHT BROTHER SALES-JAIPUR,imported,Total Distance (km) set to 0 because source file does not include distance data.
2345,SHREE SHYAM UDYOG-JAMSHEDPUR - - SIDHARTH TRADING CO-JAIPUR,SHREE SHYAM UDYOG-JAMSHEDPUR,SIDHARTH TRADING CO-JAIPUR,imported,Total Distance (km) set to 0 because source file does not include distance data.
2346,SHREE SULPHURIC PVT LTD-BHARUCH - - KCIL-GANDHAIDHAM,SHREE SULPHURIC PVT LTD-BHARUCH,KCIL-GANDHAIDHAM,imported,Total Distance (km) set to 0 because source file does not include distance data.
2347,SHREE SULPHURIC PVT LTD-BHARUCH - - SHREEJI LIQUID STORAGE TERMINAL-KANDLA,SHREE SULPHURIC PVT LTD-BHARUCH,SHREEJI LIQUID STORAGE TERMINAL-KANDLA,imported,Total Distance (km) set to 0 because source file does not include distance data.
2348,SHREE UDYOG-KANPUR - - ANAND ROTOGRAVURES-BAREILLY,SHREE UDYOG-KANPUR,ANAND ROTOGRAVURES-BAREILLY,imported,Total Distance (km) set to 0 because source file does not include distance data.
2349,SHREEJI LIQUID STORAGE TERMINAL-KANDLA - - A.R.BHANDARI-INDORE,SHREEJI LIQUID STORAGE TERMINAL-KANDLA,A.R.BHANDARI-INDORE,imported,Total Distance (km) set to 0 because source file does not include distance data.
2350,SHREEJI LIQUID STORAGE TERMINAL-KANDLA - - AANJANEY ENT-ALIGARH (U.P.),SHREEJI LIQUID STORAGE TERMINAL-KANDLA,AANJANEY ENT-ALIGARH (U.P.),imported,Total Distance (km) set to 0 because source file does not include distance data.
2351,SHREEJI LIQUID STORAGE TERMINAL-KANDLA - - AAP CHEM-SAYAKHA-BHARUCH,SHREEJI LIQUID STORAGE TERMINAL-KANDLA,AAP CHEM-SAYAKHA-BHARUCH,imported,Total Distance (km) set to 0 because source file does not include distance data.
2352,SHREEJI LIQUID STORAGE TERMINAL-KANDLA - - ABHISHEK ACID & CHEM-BHILWARA,SHREEJI LIQUID STORAGE TERMINAL-KANDLA,ABHISHEK ACID & CHEM-BHILWARA,imported,Total Distance (km) set to 0 because source file does not include distance data.
2353,SHREEJI LIQUID STORAGE TERMINAL-KANDLA - - ACETOCHEM-SURAT,SHREEJI LIQUID STORAGE TERMINAL-KANDLA,ACETOCHEM-SURAT,imported,Total Distance (km) set to 0 because source file does not include distance data.
2354,SHREEJI LIQUID STORAGE TERMINAL-KANDLA - - ACTIVE CARGO & ALLIED-MUNDRA,SHREEJI LIQUID STORAGE TERMINAL-KANDLA,ACTIVE CARGO & ALLIED-MUNDRA,imported,Total Distance (km) set to 0 because source file does not include distance data.
2355,SHREEJI LIQUID STORAGE TERMINAL-KANDLA - - AKSHAY CHEMICALS-ANK,SHREEJI LIQUID STORAGE TERMINAL-KANDLA,AKSHAY CHEMICALS-ANK,imported,Total Distance (km) set to 0 because source file does not include distance data.
2356,SHREEJI LIQUID STORAGE TERMINAL-KANDLA - - AKSHAY CHEMIX-PADRA,SHREEJI LIQUID STORAGE TERMINAL-KANDLA,AKSHAY CHEMIX-PADRA,imported,Total Distance (km) set to 0 because source file does not include distance data.
2357,SHREEJI LIQUID STORAGE TERMINAL-KANDLA - - ANKLESHWAR,SHREEJI LIQUID STORAGE TERMINAL-KANDLA,ANKLESHWAR,imported,Total Distance (km) set to 0 because source file does not include distance data.
2358,SHREEJI LIQUID STORAGE TERMINAL-KANDLA - - ARAVALI CHEMICAL-ALWAR,SHREEJI LIQUID STORAGE TERMINAL-KANDLA,ARAVALI CHEMICAL-ALWAR,imported,Total Distance (km) set to 0 because source file does not include distance data.
2359,SHREEJI LIQUID STORAGE TERMINAL-KANDLA - - ARKON INDUSTRIES-VADODARA,SHREEJI LIQUID STORAGE TERMINAL-KANDLA,ARKON INDUSTRIES-VADODARA,imported,Total Distance (km) set to 0 because source file does not include distance data.
2360,SHREEJI LIQUID STORAGE TERMINAL-KANDLA - - AROMATICS INDIA PVT LTD-UDAIPUR,SHREEJI LIQUID STORAGE TERMINAL-KANDLA,AROMATICS INDIA PVT LTD-UDAIPUR,imported,Total Distance (km) set to 0 because source file does not include distance data.
2361,SHREEJI LIQUID STORAGE TERMINAL-KANDLA - - ATUL CHEMICAL & PHARMA-MORADABAD,SHREEJI LIQUID STORAGE TERMINAL-KANDLA,ATUL CHEMICAL & PHARMA-MORADABAD,imported,Total Distance (km) set to 0 because source file does not include distance data.
2362,SHREEJI LIQUID STORAGE TERMINAL-KANDLA - - BARNALA-PUNJAB,SHREEJI LIQUID STORAGE TERMINAL-KANDLA,BARNALA-PUNJAB,imported,Total Distance (km) set to 0 because source file does not include distance data.
2363,SHREEJI LIQUID STORAGE TERMINAL-KANDLA - - BHAGERIA IND LIMITED-TARAPUR,SHREEJI LIQUID STORAGE TERMINAL-KANDLA,BHAGERIA IND LIMITED-TARAPUR,imported,Total Distance (km) set to 0 because source file does not include distance data.
2364,SHREEJI LIQUID STORAGE TERMINAL-KANDLA - - BHILWARA.,SHREEJI LIQUID STORAGE TERMINAL-KANDLA,BHILWARA.,imported,Total Distance (km) set to 0 because source file does not include distance data.
2365,SHREEJI LIQUID STORAGE TERMINAL-KANDLA - - BIC CHEM & PACKING-TARAPUR,SHREEJI LIQUID STORAGE TERMINAL-KANDLA,BIC CHEM & PACKING-TARAPUR,imported,Total Distance (km) set to 0 because source file does not include distance data.
2366,SHREEJI LIQUID STORAGE TERMINAL-KANDLA - - CHEMICAL ENTERPRISES-AKALTARA,SHREEJI LIQUID STORAGE TERMINAL-KANDLA,CHEMICAL ENTERPRISES-AKALTARA,imported,Total Distance (km) set to 0 because source file does not include distance data.
2367,SHREEJI LIQUID STORAGE TERMINAL-KANDLA - - CHROMENI STEEL-KUTCH,SHREEJI LIQUID STORAGE TERMINAL-KANDLA,CHROMENI STEEL-KUTCH,imported,Total Distance (km) set to 0 because source file does not include distance data.
2368,SHREEJI LIQUID STORAGE TERMINAL-KANDLA - - CRG IND.PVT.LTD-ROURKELA,SHREEJI LIQUID STORAGE TERMINAL-KANDLA,CRG IND.PVT.LTD-ROURKELA,imported,Total Distance (km) set to 0 because source file does not include distance data.
2369,SHREEJI LIQUID STORAGE TERMINAL-KANDLA - - D.F.P.C.L.-DAHEJ,SHREEJI LIQUID STORAGE TERMINAL-KANDLA,D.F.P.C.L.-DAHEJ,imported,Total Distance (km) set to 0 because source file does not include distance data.
2370,SHREEJI LIQUID STORAGE TERMINAL-KANDLA - - D.F.P.C.L.-TALOJA,SHREEJI LIQUID STORAGE TERMINAL-KANDLA,D.F.P.C.L.-TALOJA,imported,Total Distance (km) set to 0 because source file does not include distance data.
2371,SHREEJI LIQUID STORAGE TERMINAL-KANDLA - - DAHEJ,SHREEJI LIQUID STORAGE TERMINAL-KANDLA,DAHEJ,imported,Total Distance (km) set to 0 because source file does not include distance data.
2372,SHREEJI LIQUID STORAGE TERMINAL-KANDLA - - DEEPAK CHEM TECH-NANDESARI,SHREEJI LIQUID STORAGE TERMINAL-KANDLA,DEEPAK CHEM TECH-NANDESARI,imported,Total Distance (km) set to 0 because source file does not include distance data.
2373,SHREEJI LIQUID STORAGE TERMINAL-KANDLA - - DEEPAK METALS AND CHEM-BHIWADI,SHREEJI LIQUID STORAGE TERMINAL-KANDLA,DEEPAK METALS AND CHEM-BHIWADI,imported,Total Distance (km) set to 0 because source file does not include distance data.
2374,"SHREEJI LIQUID STORAGE TERMINAL-KANDLA - - DEEPAK NIT, NANDESARI",SHREEJI LIQUID STORAGE TERMINAL-KANDLA,"DEEPAK NIT, NANDESARI",imported,Total Distance (km) set to 0 because source file does not include distance data.
2375,SHREEJI LIQUID STORAGE TERMINAL-KANDLA - - DEEPAKNIT/DEEPACK CHEM-NANDESARI,SHREEJI LIQUID STORAGE TERMINAL-KANDLA,DEEPAKNIT/DEEPACK CHEM-NANDESARI,imported,Total Distance (km) set to 0 because source file does not include distance data.
2376,SHREEJI LIQUID STORAGE TERMINAL-KANDLA - - EXPEDE-TECH RESERCH & DEVELOPMENT-NAYA-KHEDA,SHREEJI LIQUID STORAGE TERMINAL-KANDLA,EXPEDE-TECH RESERCH & DEVELOPMENT-NAYA-KHEDA,imported,Total Distance (km) set to 0 because source file does not include distance data.
2377,SHREEJI LIQUID STORAGE TERMINAL-KANDLA - - GODHREJ CONSUMER PRODUCTS-MALANPUR(M.P),SHREEJI LIQUID STORAGE TERMINAL-KANDLA,GODHREJ CONSUMER PRODUCTS-MALANPUR(M.P),imported,Total Distance (km) set to 0 because source file does not include distance data.
2378,SHREEJI LIQUID STORAGE TERMINAL-KANDLA - - GUJRAT BORON-HALOL,SHREEJI LIQUID STORAGE TERMINAL-KANDLA,GUJRAT BORON-HALOL,imported,Total Distance (km) set to 0 because source file does not include distance data.
2379,SHREEJI LIQUID STORAGE TERMINAL-KANDLA - - HARIOM ACID & CHEM-AHMEDABAD,SHREEJI LIQUID STORAGE TERMINAL-KANDLA,HARIOM ACID & CHEM-AHMEDABAD,imported,Total Distance (km) set to 0 because source file does not include distance data.
2380,SHREEJI LIQUID STORAGE TERMINAL-KANDLA - - HIND CHEMICALS-MUMBAI,SHREEJI LIQUID STORAGE TERMINAL-KANDLA,HIND CHEMICALS-MUMBAI,imported,Total Distance (km) set to 0 because source file does not include distance data.
2381,SHREEJI LIQUID STORAGE TERMINAL-KANDLA - - HRSU INDORE PVT LTD-SHAJAPUR,SHREEJI LIQUID STORAGE TERMINAL-KANDLA,HRSU INDORE PVT LTD-SHAJAPUR,imported,Total Distance (km) set to 0 because source file does not include distance data.
2382,SHREEJI LIQUID STORAGE TERMINAL-KANDLA - - HVG LOGISTICS PVT-24 PARGANAS-(W.B.),SHREEJI LIQUID STORAGE TERMINAL-KANDLA,HVG LOGISTICS PVT-24 PARGANAS-(W.B.),imported,Total Distance (km) set to 0 because source file does not include distance data.
2383,SHREEJI LIQUID STORAGE TERMINAL-KANDLA - - INDIAN OXALATE LTD-RATNAGIRI,SHREEJI LIQUID STORAGE TERMINAL-KANDLA,INDIAN OXALATE LTD-RATNAGIRI,imported,Total Distance (km) set to 0 because source file does not include distance data.
2384,SHREEJI LIQUID STORAGE TERMINAL-KANDLA - - IOL CHEMICALS & PHARMA-FATEGARH (PUNJAB),SHREEJI LIQUID STORAGE TERMINAL-KANDLA,IOL CHEMICALS & PHARMA-FATEGARH (PUNJAB),imported,Total Distance (km) set to 0 because source file does not include distance data.
2385,SHREEJI LIQUID STORAGE TERMINAL-KANDLA - - JAY PROCESS-ANKLESHWAR,SHREEJI LIQUID STORAGE TERMINAL-KANDLA,JAY PROCESS-ANKLESHWAR,imported,Total Distance (km) set to 0 because source file does not include distance data.
2386,SHREEJI LIQUID STORAGE TERMINAL-KANDLA - - JINDAL STAILESS-HISAR,SHREEJI LIQUID STORAGE TERMINAL-KANDLA,JINDAL STAILESS-HISAR,imported,Total Distance (km) set to 0 because source file does not include distance data.
2387,SHREEJI LIQUID STORAGE TERMINAL-KANDLA - - JINDALSTAINLESS LTD-ODISHA,SHREEJI LIQUID STORAGE TERMINAL-KANDLA,JINDALSTAINLESS LTD-ODISHA,imported,Total Distance (km) set to 0 because source file does not include distance data.
2388,SHREEJI LIQUID STORAGE TERMINAL-KANDLA - - KAKADIYA CHEM-ANK,SHREEJI LIQUID STORAGE TERMINAL-KANDLA,KAKADIYA CHEM-ANK,imported,Total Distance (km) set to 0 because source file does not include distance data.
2389,SHREEJI LIQUID STORAGE TERMINAL-KANDLA - - KAKDIYA-ANK/MANGALMURTI-MANGROL,SHREEJI LIQUID STORAGE TERMINAL-KANDLA,KAKDIYA-ANK/MANGALMURTI-MANGROL,imported,Total Distance (km) set to 0 because source file does not include distance data.
2390,SHREEJI LIQUID STORAGE TERMINAL-KANDLA - - KAYRPEE VANIJYA PVT LTD - BASKA,SHREEJI LIQUID STORAGE TERMINAL-KANDLA,KAYRPEE VANIJYA PVT LTD - BASKA,imported,Total Distance (km) set to 0 because source file does not include distance data.
2391,SHREEJI LIQUID STORAGE TERMINAL-KANDLA - - KAYRPEE VANIJYA-HALOL,SHREEJI LIQUID STORAGE TERMINAL-KANDLA,KAYRPEE VANIJYA-HALOL,imported,Total Distance (km) set to 0 because source file does not include distance data.
2392,SHREEJI LIQUID STORAGE TERMINAL-KANDLA - - KCIL-GANDHAIDHAM,SHREEJI LIQUID STORAGE TERMINAL-KANDLA,KCIL-GANDHAIDHAM,imported,Total Distance (km) set to 0 because source file does not include distance data.
2393,SHREEJI LIQUID STORAGE TERMINAL-KANDLA - - KUTCH SPECIALILITES PVT LTD,SHREEJI LIQUID STORAGE TERMINAL-KANDLA,KUTCH SPECIALILITES PVT LTD,imported,Total Distance (km) set to 0 because source file does not include distance data.
2394,SHREEJI LIQUID STORAGE TERMINAL-KANDLA - - KUTCH SPECIALITIES-KACHCHH,SHREEJI LIQUID STORAGE TERMINAL-KANDLA,KUTCH SPECIALITIES-KACHCHH,imported,Total Distance (km) set to 0 because source file does not include distance data.
2395,SHREEJI LIQUID STORAGE TERMINAL-KANDLA - - LASONS INDIA PVT LTD-TALOJA,SHREEJI LIQUID STORAGE TERMINAL-KANDLA,LASONS INDIA PVT LTD-TALOJA,imported,Total Distance (km) set to 0 because source file does not include distance data.
2396,SHREEJI LIQUID STORAGE TERMINAL-KANDLA - - MAHESHWARI ACID & CHEM-BHILWARA,SHREEJI LIQUID STORAGE TERMINAL-KANDLA,MAHESHWARI ACID & CHEM-BHILWARA,imported,Total Distance (km) set to 0 because source file does not include distance data.
2397,SHREEJI LIQUID STORAGE TERMINAL-KANDLA - - MAHESHWARI ENT-ALIGARH,SHREEJI LIQUID STORAGE TERMINAL-KANDLA,MAHESHWARI ENT-ALIGARH,imported,Total Distance (km) set to 0 because source file does not include distance data.
2398,SHREEJI LIQUID STORAGE TERMINAL-KANDLA - - MICAS ORG.LTD-II-VAPI,SHREEJI LIQUID STORAGE TERMINAL-KANDLA,MICAS ORG.LTD-II-VAPI,imported,Total Distance (km) set to 0 because source file does not include distance data.
2399,SHREEJI LIQUID STORAGE TERMINAL-KANDLA - - MULTICORP SPECIALTY-AMD,SHREEJI LIQUID STORAGE TERMINAL-KANDLA,MULTICORP SPECIALTY-AMD,imported,Total Distance (km) set to 0 because source file does not include distance data.
2400,SHREEJI LIQUID STORAGE TERMINAL-KANDLA - - MUNDRA,SHREEJI LIQUID STORAGE TERMINAL-KANDLA,MUNDRA,imported,Total Distance (km) set to 0 because source file does not include distance data.
2401,SHREEJI LIQUID STORAGE TERMINAL-KANDLA - - MUNISUVRAT FAB TEX-PALI,SHREEJI LIQUID STORAGE TERMINAL-KANDLA,MUNISUVRAT FAB TEX-PALI,imported,Total Distance (km) set to 0 because source file does not include distance data.
2402,SHREEJI LIQUID STORAGE TERMINAL-KANDLA - - NAGPUR,SHREEJI LIQUID STORAGE TERMINAL-KANDLA,NAGPUR,imported,Total Distance (km) set to 0 because source file does not include distance data.
2403,SHREEJI LIQUID STORAGE TERMINAL-KANDLA - - NATHDWARA CHEMICAL-AMRAVATI),SHREEJI LIQUID STORAGE TERMINAL-KANDLA,NATHDWARA CHEMICAL-AMRAVATI),imported,Total Distance (km) set to 0 because source file does not include distance data.
2404,SHREEJI LIQUID STORAGE TERMINAL-KANDLA - - NEW INDIA ACID-BHARUCH,SHREEJI LIQUID STORAGE TERMINAL-KANDLA,NEW INDIA ACID-BHARUCH,imported,Total Distance (km) set to 0 because source file does not include distance data.
2405,SHREEJI LIQUID STORAGE TERMINAL-KANDLA - - NEW INDIA-NANDESARI,SHREEJI LIQUID STORAGE TERMINAL-KANDLA,NEW INDIA-NANDESARI,imported,Total Distance (km) set to 0 because source file does not include distance data.
2406,SHREEJI LIQUID STORAGE TERMINAL-KANDLA - - NITREX CHEMICAL-JHAGADIA,SHREEJI LIQUID STORAGE TERMINAL-KANDLA,NITREX CHEMICAL-JHAGADIA,imported,Total Distance (km) set to 0 because source file does not include distance data.
2407,SHREEJI LIQUID STORAGE TERMINAL-KANDLA - - NITROCHEM ENERGIES- (C.G.),SHREEJI LIQUID STORAGE TERMINAL-KANDLA,NITROCHEM ENERGIES- (C.G.),imported,Total Distance (km) set to 0 because source file does not include distance data.
2408,"SHREEJI LIQUID STORAGE TERMINAL-KANDLA - - PANOLI INT , NANDESARI",SHREEJI LIQUID STORAGE TERMINAL-KANDLA,"PANOLI INT , NANDESARI",imported,Total Distance (km) set to 0 because source file does not include distance data.
2409,SHREEJI LIQUID STORAGE TERMINAL-KANDLA - - PARISHRAM CHEMICALS-VAPI,SHREEJI LIQUID STORAGE TERMINAL-KANDLA,PARISHRAM CHEMICALS-VAPI,imported,Total Distance (km) set to 0 because source file does not include distance data.
2410,SHREEJI LIQUID STORAGE TERMINAL-KANDLA - - PRABUDHA ENTERPRISES-ALIGARH,SHREEJI LIQUID STORAGE TERMINAL-KANDLA,PRABUDHA ENTERPRISES-ALIGARH,imported,Total Distance (km) set to 0 because source file does not include distance data.
2411,SHREEJI LIQUID STORAGE TERMINAL-KANDLA - - RASAYAN UDYOG-DHANBAD,SHREEJI LIQUID STORAGE TERMINAL-KANDLA,RASAYAN UDYOG-DHANBAD,imported,Total Distance (km) set to 0 because source file does not include distance data.
2412,SHREEJI LIQUID STORAGE TERMINAL-KANDLA - - RASAYAN UDYOG-SINGRAULI,SHREEJI LIQUID STORAGE TERMINAL-KANDLA,RASAYAN UDYOG-SINGRAULI,imported,Total Distance (km) set to 0 because source file does not include distance data.
2413,SHREEJI LIQUID STORAGE TERMINAL-KANDLA - - RAVESHIA COLOUR -VAPI,SHREEJI LIQUID STORAGE TERMINAL-KANDLA,RAVESHIA COLOUR -VAPI,imported,Total Distance (km) set to 0 because source file does not include distance data.
2414,SHREEJI LIQUID STORAGE TERMINAL-KANDLA - - RAVI CHEM IND-ANK,SHREEJI LIQUID STORAGE TERMINAL-KANDLA,RAVI CHEM IND-ANK,imported,Total Distance (km) set to 0 because source file does not include distance data.
2415,SHREEJI LIQUID STORAGE TERMINAL-KANDLA - - RPM INTERNATIONAL-BHILWARA,SHREEJI LIQUID STORAGE TERMINAL-KANDLA,RPM INTERNATIONAL-BHILWARA,imported,Total Distance (km) set to 0 because source file does not include distance data.
2416,SHREEJI LIQUID STORAGE TERMINAL-KANDLA - - RUCHI PETRO PLAST-DAHEJ,SHREEJI LIQUID STORAGE TERMINAL-KANDLA,RUCHI PETRO PLAST-DAHEJ,imported,Total Distance (km) set to 0 because source file does not include distance data.
2417,SHREEJI LIQUID STORAGE TERMINAL-KANDLA - - RUDRAKSHA ALLIED CHEM PVT LTD-NAGPUR (M.H),SHREEJI LIQUID STORAGE TERMINAL-KANDLA,RUDRAKSHA ALLIED CHEM PVT LTD-NAGPUR (M.H),imported,Total Distance (km) set to 0 because source file does not include distance data.
2418,SHREEJI LIQUID STORAGE TERMINAL-KANDLA - - SAINI CHEMICALS-ANKLESHWAR,SHREEJI LIQUID STORAGE TERMINAL-KANDLA,SAINI CHEMICALS-ANKLESHWAR,imported,Total Distance (km) set to 0 because source file does not include distance data.
2419,SHREEJI LIQUID STORAGE TERMINAL-KANDLA - - SHALIBHADRA INTER-MUNDRA,SHREEJI LIQUID STORAGE TERMINAL-KANDLA,SHALIBHADRA INTER-MUNDRA,imported,Total Distance (km) set to 0 because source file does not include distance data.
2420,SHREEJI LIQUID STORAGE TERMINAL-KANDLA - - SHANTANU CHEMICALS-(C.G.,SHREEJI LIQUID STORAGE TERMINAL-KANDLA,SHANTANU CHEMICALS-(C.G.,imported,Total Distance (km) set to 0 because source file does not include distance data.
2421,SHREEJI LIQUID STORAGE TERMINAL-KANDLA - - SHARMA CHEMICAL-RAIPUR,SHREEJI LIQUID STORAGE TERMINAL-KANDLA,SHARMA CHEMICAL-RAIPUR,imported,Total Distance (km) set to 0 because source file does not include distance data.
2422,SHREEJI LIQUID STORAGE TERMINAL-KANDLA - - SHIVAM NITRATE PVT LTD.-NAGPUR,SHREEJI LIQUID STORAGE TERMINAL-KANDLA,SHIVAM NITRATE PVT LTD.-NAGPUR,imported,Total Distance (km) set to 0 because source file does not include distance data.
2423,SHREEJI LIQUID STORAGE TERMINAL-KANDLA - - SHREE CEMENT LTD-BEAWAR,SHREEJI LIQUID STORAGE TERMINAL-KANDLA,SHREE CEMENT LTD-BEAWAR,imported,Total Distance (km) set to 0 because source file does not include distance data.
2424,SHREEJI LIQUID STORAGE TERMINAL-KANDLA - - SHREE KRISHNA EXP & ACCE-TIRUPAT,SHREEJI LIQUID STORAGE TERMINAL-KANDLA,SHREE KRISHNA EXP & ACCE-TIRUPAT,imported,Total Distance (km) set to 0 because source file does not include distance data.
2425,SHREEJI LIQUID STORAGE TERMINAL-KANDLA - - SHREE PUSHKAR CHEM & FER LTD-LOTE,SHREEJI LIQUID STORAGE TERMINAL-KANDLA,SHREE PUSHKAR CHEM & FER LTD-LOTE,imported,Total Distance (km) set to 0 because source file does not include distance data.
2426,SHREEJI LIQUID STORAGE TERMINAL-KANDLA - - SHREEJI INDUSTRIES-ANKLESHWAR,SHREEJI LIQUID STORAGE TERMINAL-KANDLA,SHREEJI INDUSTRIES-ANKLESHWAR,imported,Total Distance (km) set to 0 because source file does not include distance data.
2427,SHREEJI LIQUID STORAGE TERMINAL-KANDLA - - SHRI TIRUPATI ENTERPRISES-ALIGARH,SHREEJI LIQUID STORAGE TERMINAL-KANDLA,SHRI TIRUPATI ENTERPRISES-ALIGARH,imported,Total Distance (km) set to 0 because source file does not include distance data.
2428,SHREEJI LIQUID STORAGE TERMINAL-KANDLA - - SHRI KRISHNA ENT-ALIGARH,SHREEJI LIQUID STORAGE TERMINAL-KANDLA,SHRI KRISHNA ENT-ALIGARH,imported,Total Distance (km) set to 0 because source file does not include distance data.
2429,SHREEJI LIQUID STORAGE TERMINAL-KANDLA - - SHRI KRISHNA ENT-JALESAR,SHREEJI LIQUID STORAGE TERMINAL-KANDLA,SHRI KRISHNA ENT-JALESAR,imported,Total Distance (km) set to 0 because source file does not include distance data.
2430,SHREEJI LIQUID STORAGE TERMINAL-KANDLA - - SHRI TIRUPATI ENT-ALIGARH,SHREEJI LIQUID STORAGE TERMINAL-KANDLA,SHRI TIRUPATI ENT-ALIGARH,imported,Total Distance (km) set to 0 because source file does not include distance data.
2431,SHREEJI LIQUID STORAGE TERMINAL-KANDLA - - SHYAM SEL & POWER LTD-PITHAMPUR,SHREEJI LIQUID STORAGE TERMINAL-KANDLA,SHYAM SEL & POWER LTD-PITHAMPUR,imported,Total Distance (km) set to 0 because source file does not include distance data.
2432,SHREEJI LIQUID STORAGE TERMINAL-KANDLA - - SNIGDHA BASIC CHEM-INDORE,SHREEJI LIQUID STORAGE TERMINAL-KANDLA,SNIGDHA BASIC CHEM-INDORE,imported,Total Distance (km) set to 0 because source file does not include distance data.
2433,SHREEJI LIQUID STORAGE TERMINAL-KANDLA - - SONA SYNTH.PRODUCTS-VAPI,SHREEJI LIQUID STORAGE TERMINAL-KANDLA,SONA SYNTH.PRODUCTS-VAPI,imported,Total Distance (km) set to 0 because source file does not include distance data.
2434,SHREEJI LIQUID STORAGE TERMINAL-KANDLA - - SPECIAL BLASTS LTD-PIRDA,SHREEJI LIQUID STORAGE TERMINAL-KANDLA,SPECIAL BLASTS LTD-PIRDA,imported,Total Distance (km) set to 0 because source file does not include distance data.
2435,SHREEJI LIQUID STORAGE TERMINAL-KANDLA - - SRF LTD BHIWADI,SHREEJI LIQUID STORAGE TERMINAL-KANDLA,SRF LTD BHIWADI,imported,Total Distance (km) set to 0 because source file does not include distance data.
2436,SHREEJI LIQUID STORAGE TERMINAL-KANDLA - - STANDARD CHEMICAL-CHHATRAL,SHREEJI LIQUID STORAGE TERMINAL-KANDLA,STANDARD CHEMICAL-CHHATRAL,imported,Total Distance (km) set to 0 because source file does not include distance data.
2437,SHREEJI LIQUID STORAGE TERMINAL-KANDLA - - STAR OXOCHEM-JHAGADIA,SHREEJI LIQUID STORAGE TERMINAL-KANDLA,STAR OXOCHEM-JHAGADIA,imported,Total Distance (km) set to 0 because source file does not include distance data.
2438,SHREEJI LIQUID STORAGE TERMINAL-KANDLA - - SUKHA CHEMICALS IND UNIT-11-PANOLI,SHREEJI LIQUID STORAGE TERMINAL-KANDLA,SUKHA CHEMICALS IND UNIT-11-PANOLI,imported,Total Distance (km) set to 0 because source file does not include distance data.
2439,SHREEJI LIQUID STORAGE TERMINAL-KANDLA - - SWIZZLIN CHEMICALS-ANK,SHREEJI LIQUID STORAGE TERMINAL-KANDLA,SWIZZLIN CHEMICALS-ANK,imported,Total Distance (km) set to 0 because source file does not include distance data.
2440,SHREEJI LIQUID STORAGE TERMINAL-KANDLA - - TANAY INORGANIC PVT LTD-NAGPUR,SHREEJI LIQUID STORAGE TERMINAL-KANDLA,TANAY INORGANIC PVT LTD-NAGPUR,imported,Total Distance (km) set to 0 because source file does not include distance data.
2441,SHREEJI LIQUID STORAGE TERMINAL-KANDLA - - TANAY INORGANICS PVT LTD-RAMAGUNDAM,SHREEJI LIQUID STORAGE TERMINAL-KANDLA,TANAY INORGANICS PVT LTD-RAMAGUNDAM,imported,Total Distance (km) set to 0 because source file does not include distance data.
2442,SHREEJI LIQUID STORAGE TERMINAL-KANDLA - - TEXCHEME ENTERPRISES-COIMBATORE,SHREEJI LIQUID STORAGE TERMINAL-KANDLA,TEXCHEME ENTERPRISES-COIMBATORE,imported,Total Distance (km) set to 0 because source file does not include distance data.
2443,SHREEJI LIQUID STORAGE TERMINAL-KANDLA - - UDAIPUR UNIT,SHREEJI LIQUID STORAGE TERMINAL-KANDLA,UDAIPUR UNIT,imported,Total Distance (km) set to 0 because source file does not include distance data.
2444,SHREEJI LIQUID STORAGE TERMINAL-KANDLA - - UNITED ACID & CHEMICAL-BANGLORE,SHREEJI LIQUID STORAGE TERMINAL-KANDLA,UNITED ACID & CHEMICAL-BANGLORE,imported,Total Distance (km) set to 0 because source file does not include distance data.
2445,SHREEJI LIQUID STORAGE TERMINAL-KANDLA - - VESTRO SOLVENTS PVT LTD,SHREEJI LIQUID STORAGE TERMINAL-KANDLA,VESTRO SOLVENTS PVT LTD,imported,Total Distance (km) set to 0 because source file does not include distance data.
2446,SHREEJI LIQUID STORAGE TERMINAL-KANDLA - - VOXCO PIGMENTS & CHEM-VAPI,SHREEJI LIQUID STORAGE TERMINAL-KANDLA,VOXCO PIGMENTS & CHEM-VAPI,imported,Total Distance (km) set to 0 because source file does not include distance data.
2447,SHREEJI LIQUID STORAGE TERMINAL-KANDLA - - VSR ENT-ALIGADG-(U.P),SHREEJI LIQUID STORAGE TERMINAL-KANDLA,VSR ENT-ALIGADG-(U.P),imported,Total Distance (km) set to 0 because source file does not include distance data.
2448,SHREEJI LIQUID STORAGE TERMINAL-KANDLA - - WESTERN DRUGS LTD-UDAIPUR,SHREEJI LIQUID STORAGE TERMINAL-KANDLA,WESTERN DRUGS LTD-UDAIPUR,imported,Total Distance (km) set to 0 because source file does not include distance data.
2449,SHREEKAMAL OIL IND-WARDHA(M.H.) - - AKSHAR CHEM INDIA-MEHSANA,SHREEKAMAL OIL IND-WARDHA(M.H.),AKSHAR CHEM INDIA-MEHSANA,imported,Total Distance (km) set to 0 because source file does not include distance data.
2450,SHRI SHANTI SOLEX -MORENA (M.P) - - BANSAL EXTRACTION EXP-MANDIDEEP (M.P),SHRI SHANTI SOLEX -MORENA (M.P),BANSAL EXTRACTION EXP-MANDIDEEP (M.P),imported,Total Distance (km) set to 0 because source file does not include distance data.
2451,SHRIKA KULAM A.P - - CHEMICAL ENTERPRIES C.G.,SHRIKA KULAM A.P,CHEMICAL ENTERPRIES C.G.,imported,Total Distance (km) set to 0 because source file does not include distance data.
2452,SHRIKA KULAM A.P - - CHEMICAL ENTERPRISES-AKALTARA,SHRIKA KULAM A.P,CHEMICAL ENTERPRISES-AKALTARA,imported,Total Distance (km) set to 0 because source file does not include distance data.
2453,SHRIRAM ALKALI & CHEM-JHAGADIA - - ADANI HAZIRA-SURAT,SHRIRAM ALKALI & CHEM-JHAGADIA,ADANI HAZIRA-SURAT,imported,Total Distance (km) set to 0 because source file does not include distance data.
2454,SHRIRAM ALKALI & CHEM-JHAGADIA - - HARSH CHEMICALS-BALOTRA,SHRIRAM ALKALI & CHEM-JHAGADIA,HARSH CHEMICALS-BALOTRA,imported,Total Distance (km) set to 0 because source file does not include distance data.
2455,SHRIRAM ALKALI & CHEM-JHAGADIA - - KESHAV ENTERPRISES-LUDHIANA,SHRIRAM ALKALI & CHEM-JHAGADIA,KESHAV ENTERPRISES-LUDHIANA,imported,Total Distance (km) set to 0 because source file does not include distance data.
2456,SHRIRAM ALKALI & CHEM-JHAGADIA - - MOTI COLOUR CO-BALOTRA,SHRIRAM ALKALI & CHEM-JHAGADIA,MOTI COLOUR CO-BALOTRA,imported,Total Distance (km) set to 0 because source file does not include distance data.
2457,SHRIRAM ALKALI & CHEM-JHAGADIA - - SONA PROCESSORS-BHILWARA,SHRIRAM ALKALI & CHEM-JHAGADIA,SONA PROCESSORS-BHILWARA,imported,Total Distance (km) set to 0 because source file does not include distance data.
2458,SHRIRAM ALKALI & CHEM-JHAGADIA - - SONA SELECTION-BHILWARA,SHRIRAM ALKALI & CHEM-JHAGADIA,SONA SELECTION-BHILWARA,imported,Total Distance (km) set to 0 because source file does not include distance data.
2459,SHRIRAM ALKALI & CHEM-JHAGADIA - - VIKASH ACID-BHILWARA,SHRIRAM ALKALI & CHEM-JHAGADIA,VIKASH ACID-BHILWARA,imported,Total Distance (km) set to 0 because source file does not include distance data.
2460,SHRIRAM RAYONS-KOTA - - KANPUR,SHRIRAM RAYONS-KOTA,KANPUR,imported,Total Distance (km) set to 0 because source file does not include distance data.
2461,SHRIRAM VINYL & CHEMICAL-KOTA - - BEEAM IND. PVT. LTD.-HARIDWAR,SHRIRAM VINYL & CHEMICAL-KOTA,BEEAM IND. PVT. LTD.-HARIDWAR,imported,Total Distance (km) set to 0 because source file does not include distance data.
2462,SHRIRAM VINYL & CHEMICAL-KOTA - - HARSH CHEMICALS-BALOTRA,SHRIRAM VINYL & CHEMICAL-KOTA,HARSH CHEMICALS-BALOTRA,imported,Total Distance (km) set to 0 because source file does not include distance data.
2463,SHRIRAM VINYL & CHEMICAL-KOTA - - HINDUSTAN UNILEVER LTD-RANIPUR,SHRIRAM VINYL & CHEMICAL-KOTA,HINDUSTAN UNILEVER LTD-RANIPUR,imported,Total Distance (km) set to 0 because source file does not include distance data.
2464,SHRIRAM VINYL & CHEMICAL-KOTA - - KANPUR,SHRIRAM VINYL & CHEMICAL-KOTA,KANPUR,imported,Total Distance (km) set to 0 because source file does not include distance data.
2465,SINGRUALI - - I O C L-SINGROULI,SINGRUALI,I O C L-SINGROULI,imported,Total Distance (km) set to 0 because source file does not include distance data.
2466,SNEHAA FARMA CHEM-SANGAREDDY - - SELF,SNEHAA FARMA CHEM-SANGAREDDY,SELF,imported,Total Distance (km) set to 0 because source file does not include distance data.
2467,SOLAR IND.INDIA LTD-NAGPUR - - AB CHEMICALS-SACHIN,SOLAR IND.INDIA LTD-NAGPUR,AB CHEMICALS-SACHIN,imported,Total Distance (km) set to 0 because source file does not include distance data.
2468,SOLAR IND.INDIA LTD-NAGPUR - - ACETOCHEM-SURAT,SOLAR IND.INDIA LTD-NAGPUR,ACETOCHEM-SURAT,imported,Total Distance (km) set to 0 because source file does not include distance data.
2469,SOLAR IND.INDIA LTD-NAGPUR - - AGASTYA ENTERPRISES-DHANBAD,SOLAR IND.INDIA LTD-NAGPUR,AGASTYA ENTERPRISES-DHANBAD,imported,Total Distance (km) set to 0 because source file does not include distance data.
2470,SOLAR IND.INDIA LTD-NAGPUR - - AGRO PHOS INDIA LTD-MEGHNAGAR,SOLAR IND.INDIA LTD-NAGPUR,AGRO PHOS INDIA LTD-MEGHNAGAR,imported,Total Distance (km) set to 0 because source file does not include distance data.
2471,SOLAR IND.INDIA LTD-NAGPUR - - AHMEDABAD.,SOLAR IND.INDIA LTD-NAGPUR,AHMEDABAD.,imported,Total Distance (km) set to 0 because source file does not include distance data.
2472,SOLAR IND.INDIA LTD-NAGPUR - - ANKLESHWAR,SOLAR IND.INDIA LTD-NAGPUR,ANKLESHWAR,imported,Total Distance (km) set to 0 because source file does not include distance data.
2473,SOLAR IND.INDIA LTD-NAGPUR - - BASANT AGRO-AKOLA,SOLAR IND.INDIA LTD-NAGPUR,BASANT AGRO-AKOLA,imported,Total Distance (km) set to 0 because source file does not include distance data.
2474,"SOLAR IND.INDIA LTD-NAGPUR - - BILT GRAPHIC,BALLARPUR",SOLAR IND.INDIA LTD-NAGPUR,"BILT GRAPHIC,BALLARPUR",imported,Total Distance (km) set to 0 because source file does not include distance data.
2475,SOLAR IND.INDIA LTD-NAGPUR - - BIRLA CARBON INDIA-PATELGANGA-RAIGAD,SOLAR IND.INDIA LTD-NAGPUR,BIRLA CARBON INDIA-PATELGANGA-RAIGAD,imported,Total Distance (km) set to 0 because source file does not include distance data.
2476,SOLAR IND.INDIA LTD-NAGPUR - - CHEMICAL ENTERPRISES-AKALTARA,SOLAR IND.INDIA LTD-NAGPUR,CHEMICAL ENTERPRISES-AKALTARA,imported,Total Distance (km) set to 0 because source file does not include distance data.
2477,SOLAR IND.INDIA LTD-NAGPUR - - CLARION ORGANIC LTD-BHANDARA(M.H.),SOLAR IND.INDIA LTD-NAGPUR,CLARION ORGANIC LTD-BHANDARA(M.H.),imported,Total Distance (km) set to 0 because source file does not include distance data.
2478,SOLAR IND.INDIA LTD-NAGPUR - - GANESHKRUPA CHEM-VALSAD,SOLAR IND.INDIA LTD-NAGPUR,GANESHKRUPA CHEM-VALSAD,imported,Total Distance (km) set to 0 because source file does not include distance data.
2479,SOLAR IND.INDIA LTD-NAGPUR - - GAYATRI CHEMICAL IND-SURAT,SOLAR IND.INDIA LTD-NAGPUR,GAYATRI CHEMICAL IND-SURAT,imported,Total Distance (km) set to 0 because source file does not include distance data.
2480,SOLAR IND.INDIA LTD-NAGPUR - - HAPCHEM PVT LTD.CHHATRAL,SOLAR IND.INDIA LTD-NAGPUR,HAPCHEM PVT LTD.CHHATRAL,imported,Total Distance (km) set to 0 because source file does not include distance data.
2481,SOLAR IND.INDIA LTD-NAGPUR - - HARIOM ACID & CHEM-AHMEDABAD,SOLAR IND.INDIA LTD-NAGPUR,HARIOM ACID & CHEM-AHMEDABAD,imported,Total Distance (km) set to 0 because source file does not include distance data.
2482,SOLAR IND.INDIA LTD-NAGPUR - - HIND CHEMICALS-MUMBAI,SOLAR IND.INDIA LTD-NAGPUR,HIND CHEMICALS-MUMBAI,imported,Total Distance (km) set to 0 because source file does not include distance data.
2483,SOLAR IND.INDIA LTD-NAGPUR - - HRSU INDORE PVT LTD-SHAJAPUR,SOLAR IND.INDIA LTD-NAGPUR,HRSU INDORE PVT LTD-SHAJAPUR,imported,Total Distance (km) set to 0 because source file does not include distance data.
2484,SOLAR IND.INDIA LTD-NAGPUR - - INDORE,SOLAR IND.INDIA LTD-NAGPUR,INDORE,imported,Total Distance (km) set to 0 because source file does not include distance data.
2485,SOLAR IND.INDIA LTD-NAGPUR - - JAYVEER ENTERPRISES-AMD,SOLAR IND.INDIA LTD-NAGPUR,JAYVEER ENTERPRISES-AMD,imported,Total Distance (km) set to 0 because source file does not include distance data.
2486,SOLAR IND.INDIA LTD-NAGPUR - - JAYVIR ENTERPRISES-AMD,SOLAR IND.INDIA LTD-NAGPUR,JAYVIR ENTERPRISES-AMD,imported,Total Distance (km) set to 0 because source file does not include distance data.
2487,SOLAR IND.INDIA LTD-NAGPUR - - K.G.CHEMICAL-DOMBIWALI,SOLAR IND.INDIA LTD-NAGPUR,K.G.CHEMICAL-DOMBIWALI,imported,Total Distance (km) set to 0 because source file does not include distance data.
2488,SOLAR IND.INDIA LTD-NAGPUR - - KASTURCHAND FER.PVT LTD-WADASA(M.H),SOLAR IND.INDIA LTD-NAGPUR,KASTURCHAND FER.PVT LTD-WADASA(M.H),imported,Total Distance (km) set to 0 because source file does not include distance data.
2489,SOLAR IND.INDIA LTD-NAGPUR - - KCFL-NIMRANI,SOLAR IND.INDIA LTD-NAGPUR,KCFL-NIMRANI,imported,Total Distance (km) set to 0 because source file does not include distance data.
2490,SOLAR IND.INDIA LTD-NAGPUR - - KHETAN CHEMICAL-NIMRANI,SOLAR IND.INDIA LTD-NAGPUR,KHETAN CHEMICAL-NIMRANI,imported,Total Distance (km) set to 0 because source file does not include distance data.
2491,SOLAR IND.INDIA LTD-NAGPUR - - M.N.SURF-PUNE,SOLAR IND.INDIA LTD-NAGPUR,M.N.SURF-PUNE,imported,Total Distance (km) set to 0 because source file does not include distance data.
2492,SOLAR IND.INDIA LTD-NAGPUR - - MALAVIKA ENT-PUNE,SOLAR IND.INDIA LTD-NAGPUR,MALAVIKA ENT-PUNE,imported,Total Distance (km) set to 0 because source file does not include distance data.
2493,SOLAR IND.INDIA LTD-NAGPUR - - NIMRANI (M.P.),SOLAR IND.INDIA LTD-NAGPUR,NIMRANI (M.P.),imported,Total Distance (km) set to 0 because source file does not include distance data.
2494,SOLAR IND.INDIA LTD-NAGPUR - - SHREE ANUVE SYNTHETIC-PALI,SOLAR IND.INDIA LTD-NAGPUR,SHREE ANUVE SYNTHETIC-PALI,imported,Total Distance (km) set to 0 because source file does not include distance data.
2495,SOLAR IND.INDIA LTD-NAGPUR - - SHREE RANG ENTERPRISES-NANDESARI,SOLAR IND.INDIA LTD-NAGPUR,SHREE RANG ENTERPRISES-NANDESARI,imported,Total Distance (km) set to 0 because source file does not include distance data.
2496,SOLAR IND.INDIA LTD-NAGPUR - - SHREEJI ENTERPRISES-AMD,SOLAR IND.INDIA LTD-NAGPUR,SHREEJI ENTERPRISES-AMD,imported,Total Distance (km) set to 0 because source file does not include distance data.
2497,SOLAR IND.INDIA LTD-NAGPUR - - SUNIL CHEMICALS-MUMBAI,SOLAR IND.INDIA LTD-NAGPUR,SUNIL CHEMICALS-MUMBAI,imported,Total Distance (km) set to 0 because source file does not include distance data.
2498,SOLAR IND.INDIA LTD-NAGPUR - - TANAY INORGANIC PVT LTD-NAGPUR,SOLAR IND.INDIA LTD-NAGPUR,TANAY INORGANIC PVT LTD-NAGPUR,imported,Total Distance (km) set to 0 because source file does not include distance data.
2499,SOLAR IND.INDIA LTD-NAGPUR - - TEXCHEME ENTERPRISES-COIMBATORE,SOLAR IND.INDIA LTD-NAGPUR,TEXCHEME ENTERPRISES-COIMBATORE,imported,Total Distance (km) set to 0 because source file does not include distance data.
2500,SOLAR IND.INDIA LTD-NAGPUR - - TINCO CHEMICAL-BADLAPUR,SOLAR IND.INDIA LTD-NAGPUR,TINCO CHEMICAL-BADLAPUR,imported,Total Distance (km) set to 0 because source file does not include distance data.
2501,SOLAR IND.INDIA LTD-NAGPUR - - UNICHEM COR-NAGPUR,SOLAR IND.INDIA LTD-NAGPUR,UNICHEM COR-NAGPUR,imported,Total Distance (km) set to 0 because source file does not include distance data.
2502,SOLAR IND.INDIA LTD-NAGPUR - - UNITED ACID & CHEMICAL-BANGLORE,SOLAR IND.INDIA LTD-NAGPUR,UNITED ACID & CHEMICAL-BANGLORE,imported,Total Distance (km) set to 0 because source file does not include distance data.
2503,SOLAR IND.INDIA LTD-NAGPUR - - VIRAJ PROFILES LTD-II-TARAPUR,SOLAR IND.INDIA LTD-NAGPUR,VIRAJ PROFILES LTD-II-TARAPUR,imported,Total Distance (km) set to 0 because source file does not include distance data.
2504,SOLAR IND.INDIA LTD-NAGPUR - - VIVEK CHEMICALS-SURAT,SOLAR IND.INDIA LTD-NAGPUR,VIVEK CHEMICALS-SURAT,imported,Total Distance (km) set to 0 because source file does not include distance data.
2505,SOLAR IND.INDIA LTD-NAGPUR - - VOXCO PIGMENTS & CHEM-VAPI,SOLAR IND.INDIA LTD-NAGPUR,VOXCO PIGMENTS & CHEM-VAPI,imported,Total Distance (km) set to 0 because source file does not include distance data.
2506,SOLAR IND.INDIA LTD-NAGPUR - - YOGESHWAR-NAROL-A.BAD,SOLAR IND.INDIA LTD-NAGPUR,YOGESHWAR-NAROL-A.BAD,imported,Total Distance (km) set to 0 because source file does not include distance data.
2507,SPARDHA STEEL-ROURKELA - - GOOD LUCKCARBON-JITWAL-KALAN (P.B),SPARDHA STEEL-ROURKELA,GOOD LUCKCARBON-JITWAL-KALAN (P.B),imported,Total Distance (km) set to 0 because source file does not include distance data.
2508,SPARDHA STEEL-ROURKELA - - SHINE CARBON-SANGRUR (P.B),SPARDHA STEEL-ROURKELA,SHINE CARBON-SANGRUR (P.B),imported,Total Distance (km) set to 0 because source file does not include distance data.
2509,SPARDHA STEEL-ROURKELA - - VISHESH INFRATECH-PUNJAB,SPARDHA STEEL-ROURKELA,VISHESH INFRATECH-PUNJAB,imported,Total Distance (km) set to 0 because source file does not include distance data.
2510,SPECIAL BLASTS LTD-PIRDA - - HARDI BAZAR-KORBA,SPECIAL BLASTS LTD-PIRDA,HARDI BAZAR-KORBA,imported,Total Distance (km) set to 0 because source file does not include distance data.
2511,SPECIAL BLASTS LTD-PIRDA - - PHILLIPS CARBON BLACK LTD-PALEJ,SPECIAL BLASTS LTD-PIRDA,PHILLIPS CARBON BLACK LTD-PALEJ,imported,Total Distance (km) set to 0 because source file does not include distance data.
2512,SPECIAL BLASTS LTD-PIRDA - - SHREE KRISHNA EXPLOSIVE & ACCESS-KORBA,SPECIAL BLASTS LTD-PIRDA,SHREE KRISHNA EXPLOSIVE & ACCESS-KORBA,imported,Total Distance (km) set to 0 because source file does not include distance data.
2513,SPECIAL BLASTS-RAIGARH - - CRG IND.PVT.LTD-ROURKELA,SPECIAL BLASTS-RAIGARH,CRG IND.PVT.LTD-ROURKELA,imported,Total Distance (km) set to 0 because source file does not include distance data.
2514,SRF LTD BHIWADI - - HOPL-NANDESARI,SRF LTD BHIWADI,HOPL-NANDESARI,imported,Total Distance (km) set to 0 because source file does not include distance data.
2515,SRF LTD BHIWADI - - SRF LTD BHIWADI,SRF LTD BHIWADI,SRF LTD BHIWADI,imported,Total Distance (km) set to 0 because source file does not include distance data.
2516,SRF LTD BHIWADI - - SRF-DAHEJ,SRF LTD BHIWADI,SRF-DAHEJ,imported,Total Distance (km) set to 0 because source file does not include distance data.
2517,SRF LTD BHIWADI - - VADODARA,SRF LTD BHIWADI,VADODARA,imported,Total Distance (km) set to 0 because source file does not include distance data.
2518,SRF-DAHEJ - - CHLORITECH INDUSTRIES-NANDESAR,SRF-DAHEJ,CHLORITECH INDUSTRIES-NANDESAR,imported,Total Distance (km) set to 0 because source file does not include distance data.
2519,SRF-DAHEJ - - HOPL-NANDESARI,SRF-DAHEJ,HOPL-NANDESARI,imported,Total Distance (km) set to 0 because source file does not include distance data.
2520,SRF-DAHEJ - - MAA NAVDURGA ENT-BALOTRA,SRF-DAHEJ,MAA NAVDURGA ENT-BALOTRA,imported,Total Distance (km) set to 0 because source file does not include distance data.
2521,SRF-DAHEJ - - SRF LTD BHIWADI,SRF-DAHEJ,SRF LTD BHIWADI,imported,Total Distance (km) set to 0 because source file does not include distance data.
2522,STEAM CHARGES - - STEAM CHARGES,STEAM CHARGES,STEAM CHARGES,imported,Total Distance (km) set to 0 because source file does not include distance data.
2523,STEAM CHARGIS - - STEAM CHARGIS,STEAM CHARGIS,STEAM CHARGIS,imported,Total Distance (km) set to 0 because source file does not include distance data.
2524,"SUKHA CHEMICALS IND UNIT-11-PANOLI - - DEEPAK NIT, NANDESARI",SUKHA CHEMICALS IND UNIT-11-PANOLI,"DEEPAK NIT, NANDESARI",imported,Total Distance (km) set to 0 because source file does not include distance data.
2525,SUMUKH PROTEINS KHARGONE - - SHREE ABHIRAM IND GUNA-MP,SUMUKH PROTEINS KHARGONE,SHREE ABHIRAM IND GUNA-MP,imported,Total Distance (km) set to 0 because source file does not include distance data.
2526,SUNIL CHEMICALS-MUMBAI - - GANESHKRUPA CHEM-VALSAD,SUNIL CHEMICALS-MUMBAI,GANESHKRUPA CHEM-VALSAD,imported,Total Distance (km) set to 0 because source file does not include distance data.
2527,SUNSHIELD CHEM LTD-PALI (M.H) - - ASIAN PAINTS LTD-HARYANA,SUNSHIELD CHEM LTD-PALI (M.H),ASIAN PAINTS LTD-HARYANA,imported,Total Distance (km) set to 0 because source file does not include distance data.
2528,SURAT AMMONIA & CHEM-ANK - - SUPERFORM CHEMISTRIES-DAHEJ,SURAT AMMONIA & CHEM-ANK,SUPERFORM CHEMISTRIES-DAHEJ,imported,Total Distance (km) set to 0 because source file does not include distance data.
2529,SURAT AMMONIA & CHEM-ANK - - UPL LIMITED-VAPI,SURAT AMMONIA & CHEM-ANK,UPL LIMITED-VAPI,imported,Total Distance (km) set to 0 because source file does not include distance data.
2530,SURAT AMMONIA & CHEM-ANK - - UPL LTD-JHAGADIA,SURAT AMMONIA & CHEM-ANK,UPL LTD-JHAGADIA,imported,Total Distance (km) set to 0 because source file does not include distance data.
2531,SURYODAY INTERPHARM-KHAMBAT - - HERANBA ORGANICS-SARIGAM,SURYODAY INTERPHARM-KHAMBAT,HERANBA ORGANICS-SARIGAM,imported,Total Distance (km) set to 0 because source file does not include distance data.
2532,SWASTIC ZINC PVT LTD-UDAIPUR - - BRIJ ENTERPRISES-ANK,SWASTIC ZINC PVT LTD-UDAIPUR,BRIJ ENTERPRISES-ANK,imported,Total Distance (km) set to 0 because source file does not include distance data.
2533,SWASTIC ZINC PVT LTD-UDAIPUR - - CIL-DAHEJ,SWASTIC ZINC PVT LTD-UDAIPUR,CIL-DAHEJ,imported,Total Distance (km) set to 0 because source file does not include distance data.
2534,SWASTIC ZINC PVT LTD-UDAIPUR - - CIL-SARIGAM,SWASTIC ZINC PVT LTD-UDAIPUR,CIL-SARIGAM,imported,Total Distance (km) set to 0 because source file does not include distance data.
2535,SWASTIC ZINC PVT LTD-UDAIPUR - - SUPERFORM CHEMISTRIES-JHAGADIA,SWASTIC ZINC PVT LTD-UDAIPUR,SUPERFORM CHEMISTRIES-JHAGADIA,imported,Total Distance (km) set to 0 because source file does not include distance data.
2536,SYNERGY POLYPACKS-DHANBAD - - BRAVIM CHEM-DHANBAD,SYNERGY POLYPACKS-DHANBAD,BRAVIM CHEM-DHANBAD,imported,Total Distance (km) set to 0 because source file does not include distance data.
2537,TALOJA (M.H.) - - BADLAPUR (M.H.),TALOJA (M.H.),BADLAPUR (M.H.),imported,Total Distance (km) set to 0 because source file does not include distance data.
2538,TANAY INORGANIC PVT LTD-NAGPUR - - CHEMICAL ENTERPRISES-AKALTARA,TANAY INORGANIC PVT LTD-NAGPUR,CHEMICAL ENTERPRISES-AKALTARA,imported,Total Distance (km) set to 0 because source file does not include distance data.
2539,TANAY INORGANIC PVT LTD-NAGPUR - - DHOLPUR-RAJ,TANAY INORGANIC PVT LTD-NAGPUR,DHOLPUR-RAJ,imported,Total Distance (km) set to 0 because source file does not include distance data.
2540,TANAY INORGANIC PVT LTD-NAGPUR - - HRSU INDORE PVT LTD-SHAJAPUR,TANAY INORGANIC PVT LTD-NAGPUR,HRSU INDORE PVT LTD-SHAJAPUR,imported,Total Distance (km) set to 0 because source file does not include distance data.
2541,TANAY INORGANIC PVT LTD-NAGPUR - - RAJASTAN EXPOLSIVES & CHEMICAL LTD-DHOLPUR,TANAY INORGANIC PVT LTD-NAGPUR,RAJASTAN EXPOLSIVES & CHEMICAL LTD-DHOLPUR,imported,Total Distance (km) set to 0 because source file does not include distance data.
2542,TANAY INORGANIC PVT LTD-NAGPUR - - RASAYAN UDYOG-DHANBAD,TANAY INORGANIC PVT LTD-NAGPUR,RASAYAN UDYOG-DHANBAD,imported,Total Distance (km) set to 0 because source file does not include distance data.
2543,TANAY INORGANIC PVT LTD-NAGPUR - - REGENESIS IND PVT LTD-TELANGANA,TANAY INORGANIC PVT LTD-NAGPUR,REGENESIS IND PVT LTD-TELANGANA,imported,Total Distance (km) set to 0 because source file does not include distance data.
2544,TANAY INORGANIC PVT LTD-NAGPUR - - SALVO IND.PVT LTD-TELANGANA,TANAY INORGANIC PVT LTD-NAGPUR,SALVO IND.PVT LTD-TELANGANA,imported,Total Distance (km) set to 0 because source file does not include distance data.
2545,TANAY INORGANIC PVT LTD-NAGPUR - - THE SINGARENI COLLIERIES-RAMAGUNDAM,TANAY INORGANIC PVT LTD-NAGPUR,THE SINGARENI COLLIERIES-RAMAGUNDAM,imported,Total Distance (km) set to 0 because source file does not include distance data.
2546,TANAY INORGANICS PVT. LTD-NAGPUR - - CHEMICAL ENTERPRISES-AKALTARA,TANAY INORGANICS PVT. LTD-NAGPUR,CHEMICAL ENTERPRISES-AKALTARA,imported,Total Distance (km) set to 0 because source file does not include distance data.
2547,TANAY INORGANICS PVT. LTD-NAGPUR - - DHOLPUR-RAJ,TANAY INORGANICS PVT. LTD-NAGPUR,DHOLPUR-RAJ,imported,Total Distance (km) set to 0 because source file does not include distance data.
2548,TANAY INORGANICS PVT. LTD-NAGPUR - - IDL-EXPLOSIVE LTD-TELANGANA,TANAY INORGANICS PVT. LTD-NAGPUR,IDL-EXPLOSIVE LTD-TELANGANA,imported,Total Distance (km) set to 0 because source file does not include distance data.
2549,TANAY INORGANICS PVT. LTD-NAGPUR - - RAJASTAN EXPOLSIVES & CHEMICAL LTD-DHOLPUR,TANAY INORGANICS PVT. LTD-NAGPUR,RAJASTAN EXPOLSIVES & CHEMICAL LTD-DHOLPUR,imported,Total Distance (km) set to 0 because source file does not include distance data.
2550,TANAY INORGANICS PVT. LTD-NAGPUR - - RASAYAN UDYOG-DHANBAD,TANAY INORGANICS PVT. LTD-NAGPUR,RASAYAN UDYOG-DHANBAD,imported,Total Distance (km) set to 0 because source file does not include distance data.
2551,TANAY INORGANICS PVT. LTD-NAGPUR - - SALVO IND.PVT LTD-TELANGANA,TANAY INORGANICS PVT. LTD-NAGPUR,SALVO IND.PVT LTD-TELANGANA,imported,Total Distance (km) set to 0 because source file does not include distance data.
2552,TANAY INORGANICS PVT. LTD-NAGPUR - - THE SINGARENI COLLIERIES-RAMAGUNDAM,TANAY INORGANICS PVT. LTD-NAGPUR,THE SINGARENI COLLIERIES-RAMAGUNDAM,imported,Total Distance (km) set to 0 because source file does not include distance data.
2553,TEJAS FUELS & OILS PVT LTD-M.P - - RADIANT LUBES PVT LTD-BUTIBORI-NAGPUR,TEJAS FUELS & OILS PVT LTD-M.P,RADIANT LUBES PVT LTD-BUTIBORI-NAGPUR,imported,Total Distance (km) set to 0 because source file does not include distance data.
2554,TETHYA CHEM PVT LTD-(C.G.) - - BALKRISHNA IND LTD-KUTCH,TETHYA CHEM PVT LTD-(C.G.),BALKRISHNA IND LTD-KUTCH,imported,Total Distance (km) set to 0 because source file does not include distance data.
2555,TETHYA CHEM PVT LTD-(C.G.) - - BIRLA CARBON INDIA-PATELGANGA-RAIGAD,TETHYA CHEM PVT LTD-(C.G.),BIRLA CARBON INDIA-PATELGANGA-RAIGAD,imported,Total Distance (km) set to 0 because source file does not include distance data.
2556,TETHYA CHEM PVT LTD-(C.G.) - - CONTINENTAL CARBON ECO -DAHEJ,TETHYA CHEM PVT LTD-(C.G.),CONTINENTAL CARBON ECO -DAHEJ,imported,Total Distance (km) set to 0 because source file does not include distance data.
2557,TETHYA CHEM PVT LTD-(C.G.) - - CONTINENTAL CARBON INDIA-GAZIABAD,TETHYA CHEM PVT LTD-(C.G.),CONTINENTAL CARBON INDIA-GAZIABAD,imported,Total Distance (km) set to 0 because source file does not include distance data.
2558,TEXCHEME ENTERPRISES-COIMBATORE - - STEEL AUTHORITY OF INDIA LTD-SALEM,TEXCHEME ENTERPRISES-COIMBATORE,STEEL AUTHORITY OF INDIA LTD-SALEM,imported,Total Distance (km) set to 0 because source file does not include distance data.
2559,THE ANDHRA SUGAR LTD-ANDRA-PRADESH - - PRADEEP ENTERPRISES-HYDERABAD,THE ANDHRA SUGAR LTD-ANDRA-PRADESH,PRADEEP ENTERPRISES-HYDERABAD,imported,Total Distance (km) set to 0 because source file does not include distance data.
2560,THE ANDHRA SUGAR LTD-ANDRA-PRADESH - - VESTRO SOLVENTS PVT LTD,THE ANDHRA SUGAR LTD-ANDRA-PRADESH,VESTRO SOLVENTS PVT LTD,imported,Total Distance (km) set to 0 because source file does not include distance data.
2561,THE ANDHRA SUGAR LTD-ANDRA-PRADESH - - VIJAYASRI IND-JEDIMETLA,THE ANDHRA SUGAR LTD-ANDRA-PRADESH,VIJAYASRI IND-JEDIMETLA,imported,Total Distance (km) set to 0 because source file does not include distance data.
2562,THE KARNAL CO.OP SUGAR-KARNAL - - INDORE,THE KARNAL CO.OP SUGAR-KARNAL,INDORE,imported,Total Distance (km) set to 0 because source file does not include distance data.
2563,TRANSPEK ATLADARA-BRD - - OCCL-HARYANA,TRANSPEK ATLADARA-BRD,OCCL-HARYANA,imported,Total Distance (km) set to 0 because source file does not include distance data.
2564,TRANSPEK-PADRA - - BAJAJ HEALTH CARE-SAVLI,TRANSPEK-PADRA,BAJAJ HEALTH CARE-SAVLI,imported,Total Distance (km) set to 0 because source file does not include distance data.
2565,"TRANSPEK-PADRA - - GNFC,. BHARUCH",TRANSPEK-PADRA,"GNFC,. BHARUCH",imported,Total Distance (km) set to 0 because source file does not include distance data.
2566,"TRANSPEK-PADRA - - PANOLI INT , NANDESARI",TRANSPEK-PADRA,"PANOLI INT , NANDESARI",imported,Total Distance (km) set to 0 because source file does not include distance data.
2567,TRANSPEK-PADRA - - PANOLI INTERMEDIATES-JHAGADIA,TRANSPEK-PADRA,PANOLI INTERMEDIATES-JHAGADIA,imported,Total Distance (km) set to 0 because source file does not include distance data.
2568,TRANSPEK-PADRA - - SHREEJI LIQUID STORAGE TERMINAL-KANDLA,TRANSPEK-PADRA,SHREEJI LIQUID STORAGE TERMINAL-KANDLA,imported,Total Distance (km) set to 0 because source file does not include distance data.
2569,TRANSPEK-PADRA - - TRANSWORLD F.P. PVT LTD-G.DHAM,TRANSPEK-PADRA,TRANSWORLD F.P. PVT LTD-G.DHAM,imported,Total Distance (km) set to 0 because source file does not include distance data.
2570,TRANSPEK-PADRA - - TRANSWORLD FURTICHEM-JHAGADIA,TRANSPEK-PADRA,TRANSWORLD FURTICHEM-JHAGADIA,imported,Total Distance (km) set to 0 because source file does not include distance data.
2571,TRANSWORLD FURTICCHEM-RAIGAD - - TRANSWORLD FURTICHEM-JHAGADIA,TRANSWORLD FURTICCHEM-RAIGAD,TRANSWORLD FURTICHEM-JHAGADIA,imported,Total Distance (km) set to 0 because source file does not include distance data.
2572,"TRANSWORLD FURTICHEM-JHAGADIA - - PANOLI INT , NANDESARI",TRANSWORLD FURTICHEM-JHAGADIA,"PANOLI INT , NANDESARI",imported,Total Distance (km) set to 0 because source file does not include distance data.
2573,TULSI DYE CHEM PVT LTD-AMD - - MIRASH IND PVT LTD-DAHEJ,TULSI DYE CHEM PVT LTD-AMD,MIRASH IND PVT LTD-DAHEJ,imported,Total Distance (km) set to 0 because source file does not include distance data.
2574,"TULSI DYE CHEM-DAHEJ - - DEEPAK NIT, NANDESARI",TULSI DYE CHEM-DAHEJ,"DEEPAK NIT, NANDESARI",imported,Total Distance (km) set to 0 because source file does not include distance data.
2575,TUTICORIN-(T.N.) - - BHIWADI,TUTICORIN-(T.N.),BHIWADI,imported,Total Distance (km) set to 0 because source file does not include distance data.
2576,TUTICORIN-(T.N.) - - NAMAN SALES COR.HISAR-HARAYANA,TUTICORIN-(T.N.),NAMAN SALES COR.HISAR-HARAYANA,imported,Total Distance (km) set to 0 because source file does not include distance data.
2577,TWENTY ONE SUGAR LTD-UNIT-2 - - J.N.P.T-MUMBAI,TWENTY ONE SUGAR LTD-UNIT-2,J.N.P.T-MUMBAI,imported,Total Distance (km) set to 0 because source file does not include distance data.
2578,UDAIPUR POLY SACKS LTD-UDAIPUR - - HZL-DEBARI,UDAIPUR POLY SACKS LTD-UDAIPUR,HZL-DEBARI,imported,Total Distance (km) set to 0 because source file does not include distance data.
2579,UDAIPUR UNIT - - VADODARA,UDAIPUR UNIT,VADODARA,imported,Total Distance (km) set to 0 because source file does not include distance data.
2580,UDAIPUR UNIT - - YOGESHWAR-NAROL-A.BAD,UDAIPUR UNIT,YOGESHWAR-NAROL-A.BAD,imported,Total Distance (km) set to 0 because source file does not include distance data.
2581,UNICHEM COR-NAGPUR - - JAYVIR ENTERPRISES-AMD,UNICHEM COR-NAGPUR,JAYVIR ENTERPRISES-AMD,imported,Total Distance (km) set to 0 because source file does not include distance data.
2582,UNICHEM COR-NAGPUR - - KG CHEMICALS-DOMBIVLI (M.H.),UNICHEM COR-NAGPUR,KG CHEMICALS-DOMBIVLI (M.H.),imported,Total Distance (km) set to 0 because source file does not include distance data.
2583,UPL LIMITED-ANKLESHWAR - - SHREE CEMENT LTD-BEAWAR,UPL LIMITED-ANKLESHWAR,SHREE CEMENT LTD-BEAWAR,imported,Total Distance (km) set to 0 because source file does not include distance data.
2584,UPL LIMITED-ANKLESHWAR - - SHREE CEMENT LTD-KODLA,UPL LIMITED-ANKLESHWAR,SHREE CEMENT LTD-KODLA,imported,Total Distance (km) set to 0 because source file does not include distance data.
2585,UPL LIMITED-ANKLESHWAR - - SHREE CEMENT-RAIPUR,UPL LIMITED-ANKLESHWAR,SHREE CEMENT-RAIPUR,imported,Total Distance (km) set to 0 because source file does not include distance data.
2586,UPL LTD-JHAGADIA - - SAVLI,UPL LTD-JHAGADIA,SIDHI SOLECHEMINDS-SAVLI-BRD,imported,Total Distance (km) set to 0 because source file does not include distance data.
2587,UPL LTD-JHAGADIA - - SHREE CEMENT LTD-BEAWAR,UPL LTD-JHAGADIA,SHREE CEMENT LTD-BEAWAR,imported,Total Distance (km) set to 0 because source file does not include distance data.
2588,UPL LTD-JHAGADIA - - SHREE CEMENT LTD-KODLA,UPL LTD-JHAGADIA,SHREE CEMENT LTD-KODLA,imported,Total Distance (km) set to 0 because source file does not include distance data.
2589,UPL LTD-JHAGADIA - - SHREE CEMENT-RAIPUR,UPL LTD-JHAGADIA,SHREE CEMENT-RAIPUR,imported,Total Distance (km) set to 0 because source file does not include distance data.
2590,UPL LTD-JHAGADIA - - SIDHI SOLECHEMINDS-SAVLI-BRD,UPL LTD-JHAGADIA,SIDHI SOLECHEMINDS-SAVLI-BRD,imported,Total Distance (km) set to 0 because source file does not include distance data.
2591,UPLLTD-JHAGADIA - - BASANT AGRO-AKOLA,UPL LTD-JHAGADIA,BASANT AGRO-AKOLA,imported,Total Distance (km) set to 0 because source file does not include distance data.
2592,USHANTI COLOUR-VATVA - - ALVIN CARAMEL COLOUR-AHMEDNAGAR,USHANTI COLOUR-VATVA,ALVIN CARAMEL COLOUR-AHMEDNAGAR,imported,Total Distance (km) set to 0 because source file does not include distance data.
2593,VADODARA - - AHMEDABAD,VADODARA,KEMIT CHEMICALS PVT LTD-AHMEDABAD,imported,Total Distance (km) set to 0 because source file does not include distance data.
2594,VADODARA - - ANKLESHWAR,VADODARA,ANKLESHWAR,imported,Total Distance (km) set to 0 because source file does not include distance data.
2595,VADODARA - - MANI ZINC COMPANY-UDAIPUR,VADODARA,MANI ZINC COMPANY-UDAIPUR,imported,Total Distance (km) set to 0 because source file does not include distance data.
2596,VADODARA - - RASAYAN UDYOG-SINGRAULI,VADODARA,RASAYAN UDYOG-SINGRAULI,imported,Total Distance (km) set to 0 because source file does not include distance data.
2597,VADODARA - - UDAIPUR,VADODARA,UDAIPUR,imported,Total Distance (km) set to 0 because source file does not include distance data.
2598,VALIYA LOG-UDAIPUR - - BHOOMI PHOS-UDAIPUR,VALIYA LOG-UDAIPUR,BHOOMI PHOS-UDAIPUR,imported,Total Distance (km) set to 0 because source file does not include distance data.
2599,VESTRO SOLVENTS PVT LTD - - SEUTIC LABS PVT LTD,VESTRO SOLVENTS PVT LTD,SEUTIC LABS PVT LTD,imported,Total Distance (km) set to 0 because source file does not include distance data.
2600,VINATI ORGANICS LTD-LOTE - - AARAV ENTERPRISES-GONDAL,VINATI ORGANICS LTD-LOTE,AARAV ENTERPRISES-GONDAL,imported,Total Distance (km) set to 0 because source file does not include distance data.
2601,VINYL PRODUCTS PVT LTD-DAMAN - - RAMA NAND ENT.INDIA P .LTD-GWALIOR,VINYL PRODUCTS PVT LTD-DAMAN,RAMA NAND ENT.INDIA P .LTD-GWALIOR,imported,Total Distance (km) set to 0 because source file does not include distance data.
2602,VINYL PRODUCTS PVT LTD-DAMAN - - SHREE SHIV AGRO-BARODA,VINYL PRODUCTS PVT LTD-DAMAN,SHREE SHIV AGRO-BARODA,imported,Total Distance (km) set to 0 because source file does not include distance data.
2603,VIPPY IND . LTD-DEWAS - - ASIAN PAINTS LTD-ANK,VIPPY IND . LTD-DEWAS,ASIAN PAINTS LTD-ANK,imported,Total Distance (km) set to 0 because source file does not include distance data.
2604,VOXCO PIGMENTS & CHEM-VAPI - - INDORE,VOXCO PIGMENTS & CHEM-VAPI,INDORE,imported,Total Distance (km) set to 0 because source file does not include distance data.
2605,VVF (INDIA)LTD-TALOJA - - CLARIANT IGL SPECIAL TYCHEM PVT LTD-U.KHAND,VVF (INDIA)LTD-TALOJA,CLARIANT IGL SPECIAL TYCHEM PVT LTD-U.KHAND,imported,Total Distance (km) set to 0 because source file does not include distance data.
2606,WESTERN DRUG LTD-UDAIPUR - - YOGESHWAR-NAROL-A.BAD,WESTERN DRUG LTD-UDAIPUR,YOGESHWAR-NAROL-A.BAD,imported,Total Distance (km) set to 0 because source file does not include distance data.
2607,WESTERN DRUGS LTD-UDAIPUR - - YOGESHWAR-NAROL-A.BAD,WESTERN DRUGS LTD-UDAIPUR,YOGESHWAR-NAROL-A.BAD,imported,Total Distance (km) set to 0 because source file does not include distance data.
2608,YASHVARDHAN CHEMICAL-AMD - - AROMETIC-G DHAM-KUTCH,YASHVARDHAN CHEMICAL-AMD,AROMETIC-G DHAM-KUTCH,imported,Total Distance (km) set to 0 because source file does not include distance data.
2609,YASHVARDHAN CHEMICAL-AMD - - LASONS INDIA PVT LTD-TALOJA,YASHVARDHAN CHEMICAL-AMD,LASONS INDIA PVT LTD-TALOJA,imported,Total Distance (km) set to 0 because source file does not include distance data.
2610,YOGESHWAR-NAROL-A.BAD - - LASONS INDIA PVT LTD-TALOJA,YOGESHWAR-NAROL-A.BAD,LASONS INDIA PVT LTD-TALOJA,imported,Total Distance (km) set to 0 because source file does not include distance data.
2611,YOGESHWAR-NAROL-A.BAD - - WESTERN DRUGS LTD-UDAIPUR,YOGESHWAR-NAROL-A.BAD,WESTERN DRUGS LTD-UDAIPUR,imported,Total Distance (km) set to 0 because source file does not include distance data.
2612,ZIL ORGANIC PVT-MEGHNAGAR - - HARSH ORGENO-VATVA,ZIL ORGANIC PVT-MEGHNAGAR,HARSH ORGENO-VATVA,imported,Total Distance (km) set to 0 because source file does not include distance data.
2613,ZYDEX ORGANICS-SOLAPUR - - NEW CHEM ACID AHMDABAD,ZYDEX ORGANICS-SOLAPUR,NEW CHEM ACID AHMDABAD,imported,Total Distance (km) set to 0 because source file does not include distance data.
