Route Name,Total Distance (km),Location (trip_steps),Distance (trip_steps),Location Type (trip_steps),Fuel Consumption Qty (Ltr.) (trip_steps)
3F INDUSTRIES LTD-A.P - - DEEP CHAND ARYA IND-NEW DELHI,0,3F INDUSTRIES LTD-A.P,,Loading Point,
,,DEEP CHAND ARYA IND-NEW DELHI,,Offloading Point,
A.P.L. BHUJ - - BIRLA-DAHEJ,0,A.P.L. BHUJ,,Loading Point,
,,BIRLA-DAHEJ,,Offloading Point,
A.P.L. BHUJ - - DEEPAK ACID & CHEM-KUTCH,0,A.P.L. BHUJ,,Loading Point,
,,DEEPAK ACID & CHEM-KUTCH,,Offloading Point,
A.P.L. BHUJ - - HZL-DARIBA,0,A.P.L. BHUJ,,Loading Point,
,,HZL-DARIBA,,Offloading Point,
AADITYAA PROTEIN-NAGPUR - - PANKAJ IMPEX-RAJNANDGAON,0,AADITYAA PROTEIN-NAGPUR,,Loading Point,
,,PANKAJ IMPEX-RAJNANDGAON,,Offloading Point,
AAK INDIA PVT-KHOPOLI. (M.H.) - - CHEMEX OIL-SOLAN-BADDI,0,AAK INDIA PVT-KHOPOLI. (M.H.),,Loading Point,
,,CHEMEX OIL-SOLAN-BADDI,,Offloading Point,
AAP CHEM PVT LTD-BRD - - SUPER ACID & CHEMICAL-DELHI,0,AAP CHEM PVT LTD-BRD,,Loading Point,
,,SUPER ACID & CHEMICAL-DELHI,,Offloading Point,
AAP CHEM-SAYAKHA-BHARUCH - - ASIAN CHEMICALS-JODHPUR,0,AAP CHEM-SAYAKHA-BHARUCH,,Loading Point,
,,ASIAN CHEMICALS-JODHPUR,,Offloading Point,
AARTI IND.-JHAGADIA - - BLUE PHOSPHATE LTD-UDAIPUR,0,AARTI IND.-JHAGADIA,,Loading Point,
,,BLUE PHOSPHATE LTD-UDAIPUR,,Offloading Point,
AARTI IND.-JHAGADIA - - M.B.AGRO.PROD.LTD-SAGAR,0,AARTI IND.-JHAGADIA,,Loading Point,
,,M.B.AGRO.PROD.LTD-SAGAR,,Offloading Point,
AARTI IND.-JHAGADIA - - SHREE PUSHKAR PHOS CHEM-UDAIPUR,0,AARTI IND.-JHAGADIA,,Loading Point,
,,SHREE PUSHKAR PHOS CHEM-UDAIPUR,,Offloading Point,
AARTI IND.-JHAGADIA - - UDAIPUR UNIT,0,AARTI IND.-JHAGADIA,,Loading Point,
,,UDAIPUR UNIT,,Offloading Point,
AARTISURFACT-ANTS-SILVASSA - - AHMEDABAD,0,AARTISURFACT-ANTS-SILVASSA,,Loading Point,
,,KEMIT CHEMICALS PVT LTD-AHMEDABAD,,Offloading Point,
ABHISHEK CHEMICAL PANOLI-ANK - - M.BHARAT AGRO-SAGAR(M.P),0,ABHISHEK CHEMICAL PANOLI-ANK,,Loading Point,
,,M.BHARAT AGRO-SAGAR(M.P),,Offloading Point,
ABIS EXPORT(INDIA)PVT.LTD.-RAIPUR - - NEEV BIOCHEM PVT. LTD.-PUNE,0,ABIS EXPORT(INDIA)PVT.LTD.-RAIPUR,,Loading Point,
,,NEEV BIOCHEM PVT. LTD.-PUNE,,Offloading Point,
ABIS EXPORT(INDIA)PVT.LTD.-RAIPUR - - PUNE-(M.H.),0,ABIS EXPORT(INDIA)PVT.LTD.-RAIPUR,,Loading Point,
,,PUNE-(M.H.),,Offloading Point,
ABIS EXPORT(INDIA)PVT.LTD.-RAIPUR - - SAP OLEO CHEM PVT LTD-KURKUMBH-M.H,0,ABIS EXPORT(INDIA)PVT.LTD.-RAIPUR,,Loading Point,
,,SAP OLEO CHEM PVT LTD-KURKUMBH-M.H,,Offloading Point,
ADANI HAZIRA-SURAT - - BIRLA-DAHEJ,0,ADANI HAZIRA-SURAT,,Loading Point,
,,BIRLA-DAHEJ,,Offloading Point,
"ADANI HAZIRA-SURAT - - GNFC,. BHARUCH",0,ADANI HAZIRA-SURAT,,Loading Point,
,,"GNFC,. BHARUCH",,Offloading Point,
ADANI HAZIRA-SURAT - - GODHREJ CONSUMER PRODUCTS-MALANPUR(M.P),0,ADANI HAZIRA-SURAT,,Loading Point,
,,GODHREJ CONSUMER PRODUCTS-MALANPUR(M.P),,Offloading Point,
ADANI HAZIRA-SURAT - - INDIAN PHOS LTD-UDAIPUR,0,ADANI HAZIRA-SURAT,,Loading Point,
,,INDIAN PHOS LTD-UDAIPUR,,Offloading Point,
ADANI PETROCHEMICAL-KANDLA - - ARORA POLYFAB INDIA-BAHADURGARH,0,ADANI PETROCHEMICAL-KANDLA,,Loading Point,
,,ARORA POLYFAB INDIA-BAHADURGARH,,Offloading Point,
ADANI PETROCHEMICAL-KANDLA - - ZELIANT INDUSTRIES,0,ADANI PETROCHEMICAL-KANDLA,,Loading Point,
,,ZELIANT INDUSTRIES,,Offloading Point,
ADANI POWER-JHARKHAND - - DISCON SALES PVT. LTD-HOWRAH,0,ADANI POWER-JHARKHAND,,Loading Point,
,,DISCON SALES PVT. LTD-HOWRAH,,Offloading Point,
ADANI WILMAR LTD-HALDIA(W.B) - - GODHREJ CONSUMER PRODUCTS-MALANPUR(M.P),0,ADANI WILMAR LTD-HALDIA(W.B),,Loading Point,
,,GODHREJ CONSUMER PRODUCTS-MALANPUR(M.P),,Offloading Point,
ADANI WILMAR LTD-HALDIA(W.B) - - VIJAY SOLVEX LTD-ALWAR,0,ADANI WILMAR LTD-HALDIA(W.B),,Loading Point,
,,VIJAY SOLVEX LTD-ALWAR,,Offloading Point,
ADANI WILMAR LTD-HAZIRA - - SAP OLEO CHEM PVT LTD-KURKUMBH-M.H,0,ADANI WILMAR LTD-HAZIRA,,Loading Point,
,,SAP OLEO CHEM PVT LTD-KURKUMBH-M.H,,Offloading Point,
ADANI WILMAR LTD-MUNDRA - - SHREENIDHI OIL & FOODS-INDORE,0,ADANI WILMAR LTD-MUNDRA,,Loading Point,
,,SHREENIDHI OIL & FOODS-INDORE,,Offloading Point,
ADANI-MUNDRA - - INDIAN PHOS LTD-UDAIPUR,0,ADANI-MUNDRA,,Loading Point,
,,INDIAN PHOS LTD-UDAIPUR,,Offloading Point,
AEGIS VOPAK TERMI-HALDIA - - JAJPUR,0,AEGIS VOPAK TERMI-HALDIA,,Loading Point,
,,JAJPUR,,Offloading Point,
"AEGIS VOPAK TERMI-HALDIA - - JINDAL ST.STEEL-JAJPUR,ORISSA",0,AEGIS VOPAK TERMI-HALDIA,,Loading Point,
,,"JINDAL ST.STEEL-JAJPUR,ORISSA",,Offloading Point,
AEGIS VOPAK TERMINAL LTD-HALDIA - - JINDALSTAINLESS LTD-ODISHA,0,AEGIS VOPAK TERMINAL LTD-HALDIA,,Loading Point,
,,JINDALSTAINLESS LTD-ODISHA,,Offloading Point,
AEGIS VOPAK TERMINAL LTD-HALDIA - - NAGPUR,0,AEGIS VOPAK TERMINAL LTD-HALDIA,,Loading Point,
,,NAGPUR,,Offloading Point,
AEGIS VOPAK TERMINAL LTD-HALDIA - - RUDRAKSHA ALLIED CHEM PVT LTD-NAGPUR (M.H),0,AEGIS VOPAK TERMINAL LTD-HALDIA,,Loading Point,
,,RUDRAKSHA ALLIED CHEM PVT LTD-NAGPUR (M.H),,Offloading Point,
AEGIS VOPAK TERMINAL LTD-HALDIA - - SHIVAM NITRATE PVT LTD.-NAGPUR,0,AEGIS VOPAK TERMINAL LTD-HALDIA,,Loading Point,
,,SHIVAM NITRATE PVT LTD.-NAGPUR,,Offloading Point,
AEGIS VOPAK TERMINAL LTD-KANDLA - - A.R.BHANDARI-INDORE,0,AEGIS VOPAK TERMINAL LTD-KANDLA,,Loading Point,
,,A.R.BHANDARI-INDORE,,Offloading Point,
AEGIS VOPAK TERMINAL LTD-KANDLA - - AAP CHEM-SAYAKHA-BHARUCH,0,AEGIS VOPAK TERMINAL LTD-KANDLA,,Loading Point,
,,AAP CHEM-SAYAKHA-BHARUCH,,Offloading Point,
AEGIS VOPAK TERMINAL LTD-KANDLA - - ABHISHEK ACID & CHEM-BHILWARA,0,AEGIS VOPAK TERMINAL LTD-KANDLA,,Loading Point,
,,ABHISHEK ACID & CHEM-BHILWARA,,Offloading Point,
AEGIS VOPAK TERMINAL LTD-KANDLA - - ACCOOCIATED DYESTUFF-SAYKHA,0,AEGIS VOPAK TERMINAL LTD-KANDLA,,Loading Point,
,,ACCOOCIATED DYESTUFF-SAYKHA,,Offloading Point,
AEGIS VOPAK TERMINAL LTD-KANDLA - - ACETOCHEM-SURAT,0,AEGIS VOPAK TERMINAL LTD-KANDLA,,Loading Point,
,,ACETOCHEM-SURAT,,Offloading Point,
AEGIS VOPAK TERMINAL LTD-KANDLA - - AHMEDABAD.,0,AEGIS VOPAK TERMINAL LTD-KANDLA,,Loading Point,
,,AHMEDABAD.,,Offloading Point,
AEGIS VOPAK TERMINAL LTD-KANDLA - - AKSHAR CHEM INDIA-MEHSANA,0,AEGIS VOPAK TERMINAL LTD-KANDLA,,Loading Point,
,,AKSHAR CHEM INDIA-MEHSANA,,Offloading Point,
AEGIS VOPAK TERMINAL LTD-KANDLA - - AKSHAY CHEMICALS-ANK,0,AEGIS VOPAK TERMINAL LTD-KANDLA,,Loading Point,
,,AKSHAY CHEMICALS-ANK,,Offloading Point,
AEGIS VOPAK TERMINAL LTD-KANDLA - - AKSHAY CHEMIX-PADRA,0,AEGIS VOPAK TERMINAL LTD-KANDLA,,Loading Point,
,,AKSHAY CHEMIX-PADRA,,Offloading Point,
AEGIS VOPAK TERMINAL LTD-KANDLA - - ARKON INDUSTRIES-VADODARA,0,AEGIS VOPAK TERMINAL LTD-KANDLA,,Loading Point,
,,ARKON INDUSTRIES-VADODARA,,Offloading Point,
AEGIS VOPAK TERMINAL LTD-KANDLA - - ASSOCIATED DYE STUFF-VAGRA,0,AEGIS VOPAK TERMINAL LTD-KANDLA,,Loading Point,
,,ASSOCIATED DYE STUFF-VAGRA,,Offloading Point,
AEGIS VOPAK TERMINAL LTD-KANDLA - - BHAGERIA IND LIMITED-TARAPUR,0,AEGIS VOPAK TERMINAL LTD-KANDLA,,Loading Point,
,,BHAGERIA IND LIMITED-TARAPUR,,Offloading Point,
"AEGIS VOPAK TERMINAL LTD-KANDLA - - BHARAT ACID,VAPI",0,AEGIS VOPAK TERMINAL LTD-KANDLA,,Loading Point,
,,"BHARAT ACID,VAPI",,Offloading Point,
AEGIS VOPAK TERMINAL LTD-KANDLA - - D.F.P.C.L.-TALOJA,0,AEGIS VOPAK TERMINAL LTD-KANDLA,,Loading Point,
,,D.F.P.C.L.-TALOJA,,Offloading Point,
"AEGIS VOPAK TERMINAL LTD-KANDLA - - DEEPAK NIT, NANDESARI",0,AEGIS VOPAK TERMINAL LTD-KANDLA,,Loading Point,
,,"DEEPAK NIT, NANDESARI",,Offloading Point,
AEGIS VOPAK TERMINAL LTD-KANDLA - - GANESHKRUPA CHEM-VALSAD,0,AEGIS VOPAK TERMINAL LTD-KANDLA,,Loading Point,
,,GANESHKRUPA CHEM-VALSAD,,Offloading Point,
AEGIS VOPAK TERMINAL LTD-KANDLA - - GODHREJ CONSUMER PRODUCTS-MALANPUR(M.P),0,AEGIS VOPAK TERMINAL LTD-KANDLA,,Loading Point,
,,GODHREJ CONSUMER PRODUCTS-MALANPUR(M.P),,Offloading Point,
AEGIS VOPAK TERMINAL LTD-KANDLA - - JAY PROCESS-ANKLESHWAR,0,AEGIS VOPAK TERMINAL LTD-KANDLA,,Loading Point,
,,JAY PROCESS-ANKLESHWAR,,Offloading Point,
"AEGIS VOPAK TERMINAL LTD-KANDLA - - JINDAL ST.STEEL-JAJPUR,ORISSA",0,AEGIS VOPAK TERMINAL LTD-KANDLA,,Loading Point,
,,"JINDAL ST.STEEL-JAJPUR,ORISSA",,Offloading Point,
AEGIS VOPAK TERMINAL LTD-KANDLA - - JINDAL STAILESS-HISAR,0,AEGIS VOPAK TERMINAL LTD-KANDLA,,Loading Point,
,,JINDAL STAILESS-HISAR,,Offloading Point,
AEGIS VOPAK TERMINAL LTD-KANDLA - - KAKADIYA CHEM-ANK,0,AEGIS VOPAK TERMINAL LTD-KANDLA,,Loading Point,
,,KAKADIYA CHEM-ANK,,Offloading Point,
AEGIS VOPAK TERMINAL LTD-KANDLA - - KAYRPEE VANIJYA PVT LTD - BASKA,0,AEGIS VOPAK TERMINAL LTD-KANDLA,,Loading Point,
,,KAYRPEE VANIJYA PVT LTD - BASKA,,Offloading Point,
AEGIS VOPAK TERMINAL LTD-KANDLA - - LASONS INDIA PVT LTD-TALOJA,0,AEGIS VOPAK TERMINAL LTD-KANDLA,,Loading Point,
,,LASONS INDIA PVT LTD-TALOJA,,Offloading Point,
AEGIS VOPAK TERMINAL LTD-KANDLA - - MAHESHWARI ACID & CHEM-BHILWARA,0,AEGIS VOPAK TERMINAL LTD-KANDLA,,Loading Point,
,,MAHESHWARI ACID & CHEM-BHILWARA,,Offloading Point,
AEGIS VOPAK TERMINAL LTD-KANDLA - - MITTAL CHEM-JALESAR,0,AEGIS VOPAK TERMINAL LTD-KANDLA,,Loading Point,
,,MITTAL CHEM-JALESAR,,Offloading Point,
AEGIS VOPAK TERMINAL LTD-KANDLA - - NAVDEEP ENT-SANAND,0,AEGIS VOPAK TERMINAL LTD-KANDLA,,Loading Point,
,,NAVDEEP ENT-SANAND,,Offloading Point,
AEGIS VOPAK TERMINAL LTD-KANDLA - - NEW INDIA-NANDESARI,0,AEGIS VOPAK TERMINAL LTD-KANDLA,,Loading Point,
,,NEW INDIA-NANDESARI,,Offloading Point,
AEGIS VOPAK TERMINAL LTD-KANDLA - - NITREX CHEMICAL-JHAGADIA,0,AEGIS VOPAK TERMINAL LTD-KANDLA,,Loading Point,
,,NITREX CHEMICAL-JHAGADIA,,Offloading Point,
"AEGIS VOPAK TERMINAL LTD-KANDLA - - PANOLI INT , NANDESARI",0,AEGIS VOPAK TERMINAL LTD-KANDLA,,Loading Point,
,,"PANOLI INT , NANDESARI",,Offloading Point,
AEGIS VOPAK TERMINAL LTD-KANDLA - - PARISHRAM CHEMICALS-VAPI,0,AEGIS VOPAK TERMINAL LTD-KANDLA,,Loading Point,
,,PARISHRAM CHEMICALS-VAPI,,Offloading Point,
AEGIS VOPAK TERMINAL LTD-KANDLA - - PUJA ENTERPRISES-ALIGARH,0,AEGIS VOPAK TERMINAL LTD-KANDLA,,Loading Point,
,,PUJA ENTERPRISES-ALIGARH,,Offloading Point,
AEGIS VOPAK TERMINAL LTD-KANDLA - - R. P. INTERMADIATES-NANDESARI,0,AEGIS VOPAK TERMINAL LTD-KANDLA,,Loading Point,
,,R. P. INTERMADIATES-NANDESARI,,Offloading Point,
AEGIS VOPAK TERMINAL LTD-KANDLA - - RAVESHIA COLOUR -VAPI,0,AEGIS VOPAK TERMINAL LTD-KANDLA,,Loading Point,
,,RAVESHIA COLOUR -VAPI,,Offloading Point,
AEGIS VOPAK TERMINAL LTD-KANDLA - - RUCHI PETRO PLAST-DAHEJ,0,AEGIS VOPAK TERMINAL LTD-KANDLA,,Loading Point,
,,RUCHI PETRO PLAST-DAHEJ,,Offloading Point,
AEGIS VOPAK TERMINAL LTD-KANDLA - - RUDRAKSHA ALLIED CHEM PVT LTD-NAGPUR (M.H),0,AEGIS VOPAK TERMINAL LTD-KANDLA,,Loading Point,
,,RUDRAKSHA ALLIED CHEM PVT LTD-NAGPUR (M.H),,Offloading Point,
AEGIS VOPAK TERMINAL LTD-KANDLA - - SAINI CHEMICALS-ANKLESHWAR,0,AEGIS VOPAK TERMINAL LTD-KANDLA,,Loading Point,
,,SAINI CHEMICALS-ANKLESHWAR,,Offloading Point,
AEGIS VOPAK TERMINAL LTD-KANDLA - - SHALIBHADRA INTERMEDIATES-ANK,0,AEGIS VOPAK TERMINAL LTD-KANDLA,,Loading Point,
,,SHALIBHADRA INTERMEDIATES-ANK,,Offloading Point,
AEGIS VOPAK TERMINAL LTD-KANDLA - - SHREE ANANDESHWAR ENT-KANPUR,0,AEGIS VOPAK TERMINAL LTD-KANDLA,,Loading Point,
,,SHREE ANANDESHWAR ENT-KANPUR,,Offloading Point,
AEGIS VOPAK TERMINAL LTD-KANDLA - - SHRI TIRUPATI ENT-ALIGARH,0,AEGIS VOPAK TERMINAL LTD-KANDLA,,Loading Point,
,,SHRI TIRUPATI ENT-ALIGARH,,Offloading Point,
AEGIS VOPAK TERMINAL LTD-KANDLA - - SHYAM SEL & POWER LTD-PITHAMPUR,0,AEGIS VOPAK TERMINAL LTD-KANDLA,,Loading Point,
,,SHYAM SEL & POWER LTD-PITHAMPUR,,Offloading Point,
AEGIS VOPAK TERMINAL LTD-KANDLA - - SNJ CHEMPACK-ANKLESHWAR,0,AEGIS VOPAK TERMINAL LTD-KANDLA,,Loading Point,
,,SNJ CHEMPACK-ANKLESHWAR,,Offloading Point,
AEGIS VOPAK TERMINAL LTD-KANDLA - - STANDARD CHEMTECH-CHHATRAL,0,AEGIS VOPAK TERMINAL LTD-KANDLA,,Loading Point,
,,STANDARD CHEMTECH-CHHATRAL,,Offloading Point,
AEGIS VOPAK TERMINAL LTD-KANDLA - - STAR CHEM INDIA-ANKLESHWAR,0,AEGIS VOPAK TERMINAL LTD-KANDLA,,Loading Point,
,,STAR CHEM INDIA-ANKLESHWAR,,Offloading Point,
AEGIS VOPAK TERMINAL LTD-KANDLA - - STAR OXOCHEM-JHAGADIA,0,AEGIS VOPAK TERMINAL LTD-KANDLA,,Loading Point,
,,STAR OXOCHEM-JHAGADIA,,Offloading Point,
AEGIS VOPAK TERMINAL LTD-KANDLA - - SUKHA CHEMICALS IND UNIT-11-PANOLI,0,AEGIS VOPAK TERMINAL LTD-KANDLA,,Loading Point,
,,SUKHA CHEMICALS IND UNIT-11-PANOLI,,Offloading Point,
AEGIS VOPAK TERMINAL LTD-KANDLA - - TANAY INORGANIC PVT LTD-NAGPUR,0,AEGIS VOPAK TERMINAL LTD-KANDLA,,Loading Point,
,,TANAY INORGANIC PVT LTD-NAGPUR,,Offloading Point,
AEGIS VOPAK TERMINAL LTD-KANDLA - - VOXCO PIGMENTS & CHEM-VAPI,0,AEGIS VOPAK TERMINAL LTD-KANDLA,,Loading Point,
,,VOXCO PIGMENTS & CHEM-VAPI,,Offloading Point,
AEGIS VOPAK TERMINAL LTD-KANDLA - - WESTERN DRUG LTD-UDAIPUR,0,AEGIS VOPAK TERMINAL LTD-KANDLA,,Loading Point,
,,WESTERN DRUG LTD-UDAIPUR,,Offloading Point,
AEGIS VOPAK TERMINAL-PIPAVAV - - AROMATICS INDIA PVT LTD-UDAIPUR,0,AEGIS VOPAK TERMINAL-PIPAVAV,,Loading Point,
,,AROMATICS INDIA PVT LTD-UDAIPUR,,Offloading Point,
AEGIS VOPAK TERMINAL-PIPAVAV - - AVSL IND. LTD-BHIWADI,0,AEGIS VOPAK TERMINAL-PIPAVAV,,Loading Point,
,,AVSL IND. LTD-BHIWADI,,Offloading Point,
AEGIS VOPAK TERMINAL-PIPAVAV - - AVSL IND-HALOL,0,AEGIS VOPAK TERMINAL-PIPAVAV,,Loading Point,
,,AVSL IND-HALOL,,Offloading Point,
"AEGIS VOPAK TERMINAL-PIPAVAV - - DEEPAK NIT, NANDESARI",0,AEGIS VOPAK TERMINAL-PIPAVAV,,Loading Point,
,,"DEEPAK NIT, NANDESARI",,Offloading Point,
AEGIS VOPAK TERMINAL-PIPAVAV - - SHIVANAND IMPEX-UKKHARLA,0,AEGIS VOPAK TERMINAL-PIPAVAV,,Loading Point,
,,SHIVANAND IMPEX-UKKHARLA,,Offloading Point,
AEGIS VOPAK TERMINALS LTD -KANDLA - - ABHISHEK ACID & CHEM-BHILWARA,0,AEGIS VOPAK TERMINALS LTD -KANDLA,,Loading Point,
,,ABHISHEK ACID & CHEM-BHILWARA,,Offloading Point,
AEGIS VOPAK TERMINALS LTD -KANDLA - - ANKLESHWAR,0,AEGIS VOPAK TERMINALS LTD -KANDLA,,Loading Point,
,,ANKLESHWAR,,Offloading Point,
AEGIS VOPAK TERMINALS LTD -KANDLA - - ANUPAM COLOURS & CHEM. IND-VAPI,0,AEGIS VOPAK TERMINALS LTD -KANDLA,,Loading Point,
,,ANUPAM COLOURS & CHEM. IND-VAPI,,Offloading Point,
AEGIS VOPAK TERMINALS LTD -KANDLA - - AROMATICS INDIA PVT LTD-UDAIPUR,0,AEGIS VOPAK TERMINALS LTD -KANDLA,,Loading Point,
,,AROMATICS INDIA PVT LTD-UDAIPUR,,Offloading Point,
AEGIS VOPAK TERMINALS LTD -KANDLA - - BANGLORE,0,AEGIS VOPAK TERMINALS LTD -KANDLA,,Loading Point,
,,BANGLORE,,Offloading Point,
AEGIS VOPAK TERMINALS LTD -KANDLA - - BASUDEV ENT-ALIGARH,0,AEGIS VOPAK TERMINALS LTD -KANDLA,,Loading Point,
,,BASUDEV ENT-ALIGARH,,Offloading Point,
AEGIS VOPAK TERMINALS LTD -KANDLA - - BHAGERIA IND LIMITED-TARAPUR,0,AEGIS VOPAK TERMINALS LTD -KANDLA,,Loading Point,
,,BHAGERIA IND LIMITED-TARAPUR,,Offloading Point,
AEGIS VOPAK TERMINALS LTD -KANDLA - - CHEMICAL ENTERPRISES-AKALTARA,0,AEGIS VOPAK TERMINALS LTD -KANDLA,,Loading Point,
,,CHEMICAL ENTERPRISES-AKALTARA,,Offloading Point,
AEGIS VOPAK TERMINALS LTD -KANDLA - - CHROMENI STEEL-KUTCH,0,AEGIS VOPAK TERMINALS LTD -KANDLA,,Loading Point,
,,CHROMENI STEEL-KUTCH,,Offloading Point,
AEGIS VOPAK TERMINALS LTD -KANDLA - - D.F.P.C.L.-TALOJA,0,AEGIS VOPAK TERMINALS LTD -KANDLA,,Loading Point,
,,D.F.P.C.L.-TALOJA,,Offloading Point,
"AEGIS VOPAK TERMINALS LTD -KANDLA - - DEEPAK NIT, NANDESARI",0,AEGIS VOPAK TERMINALS LTD -KANDLA,,Loading Point,
,,"DEEPAK NIT, NANDESARI",,Offloading Point,
AEGIS VOPAK TERMINALS LTD -KANDLA - - KUTCH SPECIALILITES PVT LTD,0,AEGIS VOPAK TERMINALS LTD -KANDLA,,Loading Point,
,,KUTCH SPECIALILITES PVT LTD,,Offloading Point,
AEGIS VOPAK TERMINALS LTD -KANDLA - - MAHESHWARI ENT-ALIGARH,0,AEGIS VOPAK TERMINALS LTD -KANDLA,,Loading Point,
,,MAHESHWARI ENT-ALIGARH,,Offloading Point,
AEGIS VOPAK TERMINALS LTD -KANDLA - - MITTAL CHEM-JALESAR,0,AEGIS VOPAK TERMINALS LTD -KANDLA,,Loading Point,
,,MITTAL CHEM-JALESAR,,Offloading Point,
AEGIS VOPAK TERMINALS LTD -KANDLA - - RANKA ORGANICS-UDAIPUR,0,AEGIS VOPAK TERMINALS LTD -KANDLA,,Loading Point,
,,RANKA ORGANICS-UDAIPUR,,Offloading Point,
AEGIS VOPAK TERMINALS LTD -KANDLA - - RASAYAN UDYOG-DHANBAD,0,AEGIS VOPAK TERMINALS LTD -KANDLA,,Loading Point,
,,RASAYAN UDYOG-DHANBAD,,Offloading Point,
AEGIS VOPAK TERMINALS LTD -KANDLA - - RUCHI PETRO PLAST-DAHEJ,0,AEGIS VOPAK TERMINALS LTD -KANDLA,,Loading Point,
,,RUCHI PETRO PLAST-DAHEJ,,Offloading Point,
AEGIS VOPAK TERMINALS LTD -KANDLA - - SAINI CHEMICALS-ANKLESHWAR,0,AEGIS VOPAK TERMINALS LTD -KANDLA,,Loading Point,
,,SAINI CHEMICALS-ANKLESHWAR,,Offloading Point,
AEGIS VOPAK TERMINALS LTD -KANDLA - - SHIVAM NITRATE PVT LTD.-NAGPUR,0,AEGIS VOPAK TERMINALS LTD -KANDLA,,Loading Point,
,,SHIVAM NITRATE PVT LTD.-NAGPUR,,Offloading Point,
AEGIS VOPAK TERMINALS LTD -KANDLA - - SHREE KRISHNA ENT-ALIGARH,0,AEGIS VOPAK TERMINALS LTD -KANDLA,,Loading Point,
,,SHREE KRISHNA ENT-ALIGARH,,Offloading Point,
AEGIS VOPAK TERMINALS LTD -KANDLA - - SHRI TIRUPATI ENTERPRISES-ALIGARH,0,AEGIS VOPAK TERMINALS LTD -KANDLA,,Loading Point,
,,SHRI TIRUPATI ENTERPRISES-ALIGARH,,Offloading Point,
AEGIS VOPAK TERMINALS LTD -KANDLA - - SHRI KRISHNA ENT-JALESAR,0,AEGIS VOPAK TERMINALS LTD -KANDLA,,Loading Point,
,,SHRI KRISHNA ENT-JALESAR,,Offloading Point,
AEGIS VOPAK TERMINALS LTD -KANDLA - - SNIGDHA BASIC CHEM-INDORE,0,AEGIS VOPAK TERMINALS LTD -KANDLA,,Loading Point,
,,SNIGDHA BASIC CHEM-INDORE,,Offloading Point,
AEGIS VOPAK TERMINALS LTD -KANDLA - - SONA SYNTH.PRODUCTS-VAPI,0,AEGIS VOPAK TERMINALS LTD -KANDLA,,Loading Point,
,,SONA SYNTH.PRODUCTS-VAPI,,Offloading Point,
AEGIS VOPAK TERMINALS LTD -KANDLA - - STANDARD CHEMICAL-CHHATRAL,0,AEGIS VOPAK TERMINALS LTD -KANDLA,,Loading Point,
,,STANDARD CHEMICAL-CHHATRAL,,Offloading Point,
AEGIS VOPAK TERMINALS LTD -KANDLA - - SUKHA CHEMICALS IND UNIT-11-PANOLI,0,AEGIS VOPAK TERMINALS LTD -KANDLA,,Loading Point,
,,SUKHA CHEMICALS IND UNIT-11-PANOLI,,Offloading Point,
AEGIS VOPAK TERMINALS LTD -KANDLA - - SURYA FINE CHEM-ANK,0,AEGIS VOPAK TERMINALS LTD -KANDLA,,Loading Point,
,,SURYA FINE CHEM-ANK,,Offloading Point,
AEGIS VOPAK TERMINALS LTD -KANDLA - - TANAY INORGANICS PVT. LTD-NAGPUR,0,AEGIS VOPAK TERMINALS LTD -KANDLA,,Loading Point,
,,TANAY INORGANICS PVT. LTD-NAGPUR,,Offloading Point,
AGPL-PIPAVAV - - BANSAL PLASTIC-NEW DELHI,0,AGPL-PIPAVAV,,Loading Point,
,,BANSAL PLASTIC-NEW DELHI,,Offloading Point,
AGPL-PIPAVAV - - SELF,0,AGPL-PIPAVAV,,Loading Point,
,,SELF,,Offloading Point,
AGRIM CHEMTECH KHERA-DELHI - - SHREE RAM SOAP & DET-HARYANA,0,AGRIM CHEMTECH KHERA-DELHI,,Loading Point,
,,SHREE RAM SOAP & DET-HARYANA,,Offloading Point,
AHIR SALT & ALLIED PRODUCTS-KANDLA - - ABHISHEK ACID & CHEM-BHILWARA,0,AHIR SALT & ALLIED PRODUCTS-KANDLA,,Loading Point,
,,ABHISHEK ACID & CHEM-BHILWARA,,Offloading Point,
AHIR SALT & ALLIED PRODUCTS-KANDLA - - VIKASH ACID-BHILWARA,0,AHIR SALT & ALLIED PRODUCTS-KANDLA,,Loading Point,
,,VIKASH ACID-BHILWARA,,Offloading Point,
AHMEDABAD - - MEGHMANI DYES & INTER-DUDHWADA-PADRA,0,KEMIT CHEMICALS PVT LTD-AHMEDABAD,,Loading Point,
,,MEGHMANI DYES & INTER-DUDHWADA-PADRA,,Offloading Point,
"AHMEDABAD - - P.I. IND, PANOLI",0,KEMIT CHEMICALS PVT LTD-AHMEDABAD,,Loading Point,
,,"P.I. IND, PANOLI",,Offloading Point,
AHPL SURAT-HAZIRA - - INDAIN PHOS LTD-UDAIPUR,0,AHPL SURAT-HAZIRA,,Loading Point,
,,INDAIN PHOS LTD-UDAIPUR,,Offloading Point,
AHUJA BARREL SUPPLY-ROHTAK - - A.D.IMPEX-INDOR,0,AHUJA BARREL SUPPLY-ROHTAK,,Loading Point,
,,A.D.IMPEX-INDOR,,Offloading Point,
AHUJA BARREL SUPPLY-ROHTAK - - BHARAT FEED-INDOR,0,AHUJA BARREL SUPPLY-ROHTAK,,Loading Point,
,,BHARAT FEED-INDOR,,Offloading Point,
AHUJA BARREL SUPPLY-ROHTAK - - SHAH FOOD PRODUCT-SEHORE,0,AHUJA BARREL SUPPLY-ROHTAK,,Loading Point,
,,SHAH FOOD PRODUCT-SEHORE,,Offloading Point,
AKSHAR CHEM INDIA-MEHSANA - - MITTAL CHEM-JALESAR,0,AKSHAR CHEM INDIA-MEHSANA,,Loading Point,
,,MITTAL CHEM-JALESAR,,Offloading Point,
ALLIED CHEMICALS IND-JAMSHEDPUR - - PRAYAGRAJ POWER GEN.COMPANY LTD-ALLAHABAD,0,ALLIED CHEMICALS IND-JAMSHEDPUR,,Loading Point,
,,PRAYAGRAJ POWER GEN.COMPANY LTD-ALLAHABAD,,Offloading Point,
"AMAL SPECIALITY CHEM LTD-ANK - - DEEPAK NIT, NANDESARI",0,AMAL SPECIALITY CHEM LTD-ANK,,Loading Point,
,,"DEEPAK NIT, NANDESARI",,Offloading Point,
"AMAL SPECIALITY CHEM LTD-ANK - - GAYATRI ACID & CHEM,CO.CHIKALI -PUNE",0,AMAL SPECIALITY CHEM LTD-ANK,,Loading Point,
,,"GAYATRI ACID & CHEM,CO.CHIKALI -PUNE",,Offloading Point,
AMAL SPECIALITY CHEM LTD-ANK - - VISHNU CHEMICAL-BHILAI,0,AMAL SPECIALITY CHEM LTD-ANK,,Loading Point,
,,VISHNU CHEMICAL-BHILAI,,Offloading Point,
AMARAVATI - - RASAYAN UDYOG-DHANBAD,0,AMARAVATI,,Loading Point,
,,RASAYAN UDYOG-DHANBAD,,Offloading Point,
AMOL-ANKLESHWAR - - ARVEE LAB. (INDIA)-BHAVNAGAR,0,AMOL-ANKLESHWAR,,Loading Point,
,,ARVEE LAB. (INDIA)-BHAVNAGAR,,Offloading Point,
"AMOL-ANKLESHWAR - - MADHU SIL,BHAVNAGAR",0,AMOL-ANKLESHWAR,,Loading Point,
,,"MADHU SIL,BHAVNAGAR",,Offloading Point,
AMOLI OPG. PVT LTD-PADRA - - SHREE CEMENT LTD-BEAWAR,0,AMOLI OPG. PVT LTD-PADRA,,Loading Point,
,,SHREE CEMENT LTD-BEAWAR,,Offloading Point,
"APARNA CARBONS PVT LTD (C.G.) - - COLOUR TEX,SURAT",0,APARNA CARBONS PVT LTD (C.G.),,Loading Point,
,,"COLOUR TEX,SURAT",,Offloading Point,
APARNA CARBONS PVT LTD (C.G.) - - CONTINENTAL CARBON ECO -DAHEJ,0,APARNA CARBONS PVT LTD (C.G.),,Loading Point,
,,CONTINENTAL CARBON ECO -DAHEJ,,Offloading Point,
APARNA CARBONS PVT LTD (C.G.) - - PCBL MUNDRA PLANT-(GUJ),0,APARNA CARBONS PVT LTD (C.G.),,Loading Point,
,,PCBL MUNDRA PLANT-(GUJ),,Offloading Point,
APARNA CARBONS PVT LTD (C.G.) - - PHILLIPS CARBON BLACK LTD-PALEJ,0,APARNA CARBONS PVT LTD (C.G.),,Loading Point,
,,PHILLIPS CARBON BLACK LTD-PALEJ,,Offloading Point,
APARNA CARBONS PVT LTD (C.G.) - - SURAT,0,APARNA CARBONS PVT LTD (C.G.),,Loading Point,
,,SURAT,,Offloading Point,
APARNA CARBONS PVT LTD-RAIPUR - - BALKRISHNA IND LTD-KUTCH,0,APARNA CARBONS PVT LTD-RAIPUR,,Loading Point,
,,BALKRISHNA IND LTD-KUTCH,,Offloading Point,
"APARNA CARBONS PVT LTD-RAIPUR - - COLOUR TEX,SURAT",0,APARNA CARBONS PVT LTD-RAIPUR,,Loading Point,
,,"COLOUR TEX,SURAT",,Offloading Point,
APARNA CARBONS PVT LTD-RAIPUR - - PCBL MUNDRA PLANT-(GUJ),0,APARNA CARBONS PVT LTD-RAIPUR,,Loading Point,
,,PCBL MUNDRA PLANT-(GUJ),,Offloading Point,
APARNA CARBONS PVT LTD-RAIPUR - - PHILLIPS CARBON BLACK LTD-PALEJ,0,APARNA CARBONS PVT LTD-RAIPUR,,Loading Point,
,,PHILLIPS CARBON BLACK LTD-PALEJ,,Offloading Point,
"ARIHANT DET,DHULIA - - HINDUSTAN UNILEVER-SUMERPUR",0,"ARIHANT DET,DHULIA",,Loading Point,
,,HINDUSTAN UNILEVER-SUMERPUR,,Offloading Point,
AROCHEM IND.LTD-VAPI - - GALAXY CHEMICALS-BALLARY,0,AROCHEM IND.LTD-VAPI,,Loading Point,
,,GALAXY CHEMICALS-BALLARY,,Offloading Point,
AROMATIC ALLED & ORG.P.LTD-BHIWADI - - JYOTHY LABS-LTD-UTTARA KHAND,0,AROMATIC ALLED & ORG.P.LTD-BHIWADI,,Loading Point,
,,JYOTHY LABS-LTD-UTTARA KHAND,,Offloading Point,
AROMETIC-G DHAM-KUTCH - - A.A. ENTERPRISES-LUCKNOW (U.P.),0,AROMETIC-G DHAM-KUTCH,,Loading Point,
,,A.A. ENTERPRISES-LUCKNOW (U.P.),,Offloading Point,
AROMETIC-G DHAM-KUTCH - - AHMEDABAD.,0,AROMETIC-G DHAM-KUTCH,,Loading Point,
,,AHMEDABAD.,,Offloading Point,
AROMETIC-G DHAM-KUTCH - - ALOK UDYOG SAMATI-KANPUR,0,AROMETIC-G DHAM-KUTCH,,Loading Point,
,,ALOK UDYOG SAMATI-KANPUR,,Offloading Point,
AROMETIC-G DHAM-KUTCH - - BEEKAY DET ERGENT-LUCKNOW,0,AROMETIC-G DHAM-KUTCH,,Loading Point,
,,BEEKAY DET ERGENT-LUCKNOW,,Offloading Point,
AROMETIC-G DHAM-KUTCH - - J S MINCHEM-UDAIPUR,0,AROMETIC-G DHAM-KUTCH,,Loading Point,
,,J S MINCHEM-UDAIPUR,,Offloading Point,
AROMETIC-G DHAM-KUTCH - - JAY CHEMICAL WORKS-KANPUR,0,AROMETIC-G DHAM-KUTCH,,Loading Point,
,,JAY CHEMICAL WORKS-KANPUR,,Offloading Point,
AROMETIC-G DHAM-KUTCH - - JYOTHY LABS-LTD-UTTARA KHAND,0,AROMETIC-G DHAM-KUTCH,,Loading Point,
,,JYOTHY LABS-LTD-UTTARA KHAND,,Offloading Point,
AROMETIC-G DHAM-KUTCH - - JYOTI LABS LTD-PITHAMPUR,0,AROMETIC-G DHAM-KUTCH,,Loading Point,
,,JYOTI LABS LTD-PITHAMPUR,,Offloading Point,
AROMETIC-G DHAM-KUTCH - - KAMAL GRAM UDYOG SAMATI-KANPUR,0,AROMETIC-G DHAM-KUTCH,,Loading Point,
,,KAMAL GRAM UDYOG SAMATI-KANPUR,,Offloading Point,
AROMETIC-G DHAM-KUTCH - - KANPUR,0,AROMETIC-G DHAM-KUTCH,,Loading Point,
,,KANPUR,,Offloading Point,
AROMETIC-G DHAM-KUTCH - - KANPUR EDIBLES PVT LTD-KANPUR,0,AROMETIC-G DHAM-KUTCH,,Loading Point,
,,KANPUR EDIBLES PVT LTD-KANPUR,,Offloading Point,
AROMETIC-G DHAM-KUTCH - - MADANDA TARA CHEM-AJMER,0,AROMETIC-G DHAM-KUTCH,,Loading Point,
,,MADANDA TARA CHEM-AJMER,,Offloading Point,
AROMETIC-G DHAM-KUTCH - - PATANJALI AYURVED LTD-HARIDWAR,0,AROMETIC-G DHAM-KUTCH,,Loading Point,
,,PATANJALI AYURVED LTD-HARIDWAR,,Offloading Point,
AROMETIC-G DHAM-KUTCH - - PATEL PHOSCHEM-UDAIPUR,0,AROMETIC-G DHAM-KUTCH,,Loading Point,
,,PATEL PHOSCHEM-UDAIPUR,,Offloading Point,
AROMETIC-G DHAM-KUTCH - - RAJHAV SURFACTANTS PVT LTD-KANPUR,0,AROMETIC-G DHAM-KUTCH,,Loading Point,
,,RAJHAV SURFACTANTS PVT LTD-KANPUR,,Offloading Point,
AROMETIC-G DHAM-KUTCH - - RAJRATAN AROMATICS-UNNAO (U.P.),0,AROMETIC-G DHAM-KUTCH,,Loading Point,
,,RAJRATAN AROMATICS-UNNAO (U.P.),,Offloading Point,
AROMETIC-G DHAM-KUTCH - - RAMA PHOSPHATE LTD-UDAIPUR,0,AROMETIC-G DHAM-KUTCH,,Loading Point,
,,RAMA PHOSPHATE LTD-UDAIPUR,,Offloading Point,
AROMETIC-G DHAM-KUTCH - - RAMA PHOSPHATE-CHITTOD,0,AROMETIC-G DHAM-KUTCH,,Loading Point,
,,RAMA PHOSPHATE-CHITTOD,,Offloading Point,
AROMETIC-G DHAM-KUTCH - - SARA IND-SANAND-AMD.,0,AROMETIC-G DHAM-KUTCH,,Loading Point,
,,SARA IND-SANAND-AMD.,,Offloading Point,
AROMETIC-G DHAM-KUTCH - - SHAMANI INDUSTRIES-INDORE,0,AROMETIC-G DHAM-KUTCH,,Loading Point,
,,SHAMANI INDUSTRIES-INDORE,,Offloading Point,
AROMETIC-G DHAM-KUTCH - - SHREE DURGA GRAMODYOG SEWA SAMITI-KANPUR,0,AROMETIC-G DHAM-KUTCH,,Loading Point,
,,SHREE DURGA GRAMODYOG SEWA SAMITI-KANPUR,,Offloading Point,
AROMETIC-G DHAM-KUTCH - - SUNRAKSHAK AGRO PROD. PVT LTD- BHILWARA,0,AROMETIC-G DHAM-KUTCH,,Loading Point,
,,SUNRAKSHAK AGRO PROD. PVT LTD- BHILWARA,,Offloading Point,
AROMETIC-G DHAM-KUTCH - - TRANSWORLD F.P. PVT LTD-G.DHAM,0,AROMETIC-G DHAM-KUTCH,,Loading Point,
,,TRANSWORLD F.P. PVT LTD-G.DHAM,,Offloading Point,
AROMETIC-G DHAM-KUTCH - - VIKAS GRAMUDYOG-KANPUR,0,AROMETIC-G DHAM-KUTCH,,Loading Point,
,,VIKAS GRAMUDYOG-KANPUR,,Offloading Point,
"ARUN INDUSTRIAL PRODUCTS-KHEDA - - BILT GRAPHIC,BALLARPUR",0,ARUN INDUSTRIAL PRODUCTS-KHEDA,,Loading Point,
,,"BILT GRAPHIC,BALLARPUR",,Offloading Point,
ARUN INDUSTRIAL-VARSOLA - - UNICHEM-AKOLA,0,ARUN INDUSTRIAL-VARSOLA,,Loading Point,
,,UNICHEM-AKOLA,,Offloading Point,
ASHIAN OILS PVT LTD-(WEST BENGAL) - - LAXMI OIL & DALL MILL-MORENA(MP),0,ASHIAN OILS PVT LTD-(WEST BENGAL),,Loading Point,
,,LAXMI OIL & DALL MILL-MORENA(MP),,Offloading Point,
ASHIAN OILS PVT LTD-KOLKATA - - PATEL PHOSCHEM-UDAIPUR,0,ASHIAN OILS PVT LTD-KOLKATA,,Loading Point,
,,PATEL PHOSCHEM-UDAIPUR,,Offloading Point,
ASHIAN OILS PVT LTD-KOLKATA - - SHRI BASANT ENT-INDORE,0,ASHIAN OILS PVT LTD-KOLKATA,,Loading Point,
,,SHRI BASANT ENT-INDORE,,Offloading Point,
ASHIAN OILS PVT LTD-KOLKATA - - SUMUKH PROTEINS KHARGONE,0,ASHIAN OILS PVT LTD-KOLKATA,,Loading Point,
,,SUMUKH PROTEINS KHARGONE,,Offloading Point,
ATUL LTD-VALSAD - - MAHADEVI CHEMICAL IND-THANE,0,ATUL LTD-VALSAD,,Loading Point,
,,MAHADEVI CHEMICAL IND-THANE,,Offloading Point,
ATUL LTD-VALSAD - - PARADEEP PHOS-GOA,0,ATUL LTD-VALSAD,,Loading Point,
,,PARADEEP PHOS-GOA,,Offloading Point,
AVI AGRI BUSINESSLTD-INDORE - - SIDHARTH TRADING CO-JAIPUR,0,AVI AGRI BUSINESSLTD-INDORE,,Loading Point,
,,SIDHARTH TRADING CO-JAIPUR,,Offloading Point,
AWL AGRI BUSINESS-HALDIA - - VIJAY SOLVEX LTD-ALWAR,0,AWL AGRI BUSINESS-HALDIA,,Loading Point,
,,VIJAY SOLVEX LTD-ALWAR,,Offloading Point,
BARAMATI AGRO-JALGAON - - J.N.P.T-MUMBAI,0,BARAMATI AGRO-JALGAON,,Loading Point,
,,J.N.P.T-MUMBAI,,Offloading Point,
"BARODA-GODOWN - - MADHU SIL,BHAVNAGAR",0,BARODA-GODOWN,,Loading Point,
,,"MADHU SIL,BHAVNAGAR",,Offloading Point,
BARODA-GODOWN - - PUNE-(M.H.),0,BARODA-GODOWN,,Loading Point,
,,PUNE-(M.H.),,Offloading Point,
BARODA-GODOWN - - RIL-VADODARA,0,BARODA-GODOWN,,Loading Point,
,,RIL-VADODARA,,Offloading Point,
BASP CHEMICAL PRODUCTS LTD-SILVASSA - - HARSH CHEMICALS-BALOTRA,0,BASP CHEMICAL PRODUCTS LTD-SILVASSA,,Loading Point,
,,HARSH CHEMICALS-BALOTRA,,Offloading Point,
BEC CHEMICALS PVT LTD-RAIGAD - - AHMEDABAD,0,BEC CHEMICALS PVT LTD-RAIGAD,,Loading Point,
,,KEMIT CHEMICALS PVT LTD-AHMEDABAD,,Offloading Point,
BERI COLD STORAGE-RAIPUR - - RASAYAN UDYOG-DHANBAD,0,BERI COLD STORAGE-RAIPUR,,Loading Point,
,,RASAYAN UDYOG-DHANBAD,,Offloading Point,
BHAGERIA IND LIMITED-TARAPUR - - CHENNAI,0,BHAGERIA IND LIMITED-TARAPUR,,Loading Point,
,,CHENNAI,,Offloading Point,
BHAGERIA IND LIMITED-TARAPUR - - CLARIANT CHEMICALS (INDIA) LTD-CUDDUALORE,0,BHAGERIA IND LIMITED-TARAPUR,,Loading Point,
,,CLARIANT CHEMICALS (INDIA) LTD-CUDDUALORE,,Offloading Point,
BHAGERIA IND LIMITED-TARAPUR - - COIMBATORE PIONEER FER.LTD.TAMILNADU,0,BHAGERIA IND LIMITED-TARAPUR,,Loading Point,
,,COIMBATORE PIONEER FER.LTD.TAMILNADU,,Offloading Point,
BHAGERIA IND LIMITED-TARAPUR - - GALAXY CHEMICALS-BALLARY,0,BHAGERIA IND LIMITED-TARAPUR,,Loading Point,
,,GALAXY CHEMICALS-BALLARY,,Offloading Point,
BHAGWATI IND-MAHASAMUND-(C.G) - - FAIRCHEM ORG LTD-AMD,0,BHAGWATI IND-MAHASAMUND-(C.G),,Loading Point,
,,FAIRCHEM ORG LTD-AMD,,Offloading Point,
BHILAI ENG. CORP. LTD-PULGAON - - RSPL-AURANGABAD,0,BHILAI ENG. CORP. LTD-PULGAON,,Loading Point,
,,RSPL-AURANGABAD,,Offloading Point,
BHILAL ENGINEERING CORP LTD-BILAPUR (C.G) - - M.BHARAT -INDOR,0,BHILAL ENGINEERING CORP LTD-BILAPUR (C.G),,Loading Point,
,,M.BHARAT -INDOR,,Offloading Point,
"BHILAL ENGINEERING CORP LTD-BILAPUR (C.G) - - MULTI ORG, CHANDRAPUR",0,BHILAL ENGINEERING CORP LTD-BILAPUR (C.G),,Loading Point,
,,"MULTI ORG, CHANDRAPUR",,Offloading Point,
BHILAL ENGINEERING CORP LTD-BILAPUR (C.G) - - NAGPUR,0,BHILAL ENGINEERING CORP LTD-BILAPUR (C.G),,Loading Point,
,,NAGPUR,,Offloading Point,
BHILAL ENGINEERING CORP LTD-BILAPUR (C.G) - - NTPC LTD-MOUDHA-NAGPUR,0,BHILAL ENGINEERING CORP LTD-BILAPUR (C.G),,Loading Point,
,,NTPC LTD-MOUDHA-NAGPUR,,Offloading Point,
BHILAL ENGINEERING CORP LTD-BILAPUR (C.G) - - O.P. MILLS-AMLIA- (M.P.),0,BHILAL ENGINEERING CORP LTD-BILAPUR (C.G),,Loading Point,
,,O.P. MILLS-AMLIA- (M.P.),,Offloading Point,
BIRLA CARBON INDIA-PATELGANGA-RAIGAD - - ETHERIS PETROCHEM -WB-HOWRAH,0,BIRLA CARBON INDIA-PATELGANGA-RAIGAD,,Loading Point,
,,ETHERIS PETROCHEM -WB-HOWRAH,,Offloading Point,
BIRLA CELLULOSIC-KOSAMBA - - GRASIM IND LTD-VILAYAT BHARUCH,0,BIRLA CELLULOSIC-KOSAMBA,,Loading Point,
,,GRASIM IND LTD-VILAYAT BHARUCH,,Offloading Point,
BIRLA-DAHEJ - - A.P.L. BHUJ,0,BIRLA-DAHEJ,,Loading Point,
,,A.P.L. BHUJ,,Offloading Point,
BIRLA-DAHEJ - - AARTI IND-BHACHAO,0,BIRLA-DAHEJ,,Loading Point,
,,AARTI IND-BHACHAO,,Offloading Point,
BIRLA-DAHEJ - - AGRO PHOS INDIA LTD-MEGHNAGAR,0,BIRLA-DAHEJ,,Loading Point,
,,AGRO PHOS INDIA LTD-MEGHNAGAR,,Offloading Point,
BIRLA-DAHEJ - - AHMEDABAD.,0,BIRLA-DAHEJ,,Loading Point,
,,AHMEDABAD.,,Offloading Point,
BIRLA-DAHEJ - - AKSHAR CHEM INDIA-MEHSANA,0,BIRLA-DAHEJ,,Loading Point,
,,AKSHAR CHEM INDIA-MEHSANA,,Offloading Point,
BIRLA-DAHEJ - - AMBUJA INTERMEDIATES-MEHSANA,0,BIRLA-DAHEJ,,Loading Point,
,,AMBUJA INTERMEDIATES-MEHSANA,,Offloading Point,
BIRLA-DAHEJ - - ANKITRAJ EXPORTTRADE-URAN,0,BIRLA-DAHEJ,,Loading Point,
,,ANKITRAJ EXPORTTRADE-URAN,,Offloading Point,
BIRLA-DAHEJ - - ARIES COLOUR CHEM-DAHEJ,0,BIRLA-DAHEJ,,Loading Point,
,,ARIES COLOUR CHEM-DAHEJ,,Offloading Point,
BIRLA-DAHEJ - - ARVEE LAB. (INDIA)-BHAVNAGAR,0,BIRLA-DAHEJ,,Loading Point,
,,ARVEE LAB. (INDIA)-BHAVNAGAR,,Offloading Point,
BIRLA-DAHEJ - - BANKE BIHARI-BALOTRA,0,BIRLA-DAHEJ,,Loading Point,
,,BANKE BIHARI-BALOTRA,,Offloading Point,
BIRLA-DAHEJ - - BASANT AGRO-AKOLA,0,BIRLA-DAHEJ,,Loading Point,
,,BASANT AGRO-AKOLA,,Offloading Point,
BIRLA-DAHEJ - - BASANT AGRO-JALGOAN,0,BIRLA-DAHEJ,,Loading Point,
,,BASANT AGRO-JALGOAN,,Offloading Point,
BIRLA-DAHEJ - - BEC FERTILIZERS LIMITED,0,BIRLA-DAHEJ,,Loading Point,
,,BEC FERTILIZERS LIMITED,,Offloading Point,
BIRLA-DAHEJ - - BHILWARA.,0,BIRLA-DAHEJ,,Loading Point,
,,BHILWARA.,,Offloading Point,
BIRLA-DAHEJ - - BHUSAVAL,0,BIRLA-DAHEJ,,Loading Point,
,,BTPS-DEEPNAGAR,,Offloading Point,
BIRLA-DAHEJ - - BLUE PHOSPHATE LTD-UDAIPUR,0,BIRLA-DAHEJ,,Loading Point,
,,BLUE PHOSPHATE LTD-UDAIPUR,,Offloading Point,
BIRLA-DAHEJ - - CIL -NANDESARI,0,BIRLA-DAHEJ,,Loading Point,
,,CIL -NANDESARI,,Offloading Point,
BIRLA-DAHEJ - - CLARIANT CHEMICALS (INDIA) LTD-CUDDUALORE,0,BIRLA-DAHEJ,,Loading Point,
,,CLARIANT CHEMICALS (INDIA) LTD-CUDDUALORE,,Offloading Point,
BIRLA-DAHEJ - - CLAX PIGMENTS-KADGAON,0,BIRLA-DAHEJ,,Loading Point,
,,CLAX PIGMENTS-KADGAON,,Offloading Point,
BIRLA-DAHEJ - - COIMBATORE PIONEER FER.LTD.TAMILNADU,0,BIRLA-DAHEJ,,Loading Point,
,,COIMBATORE PIONEER FER.LTD.TAMILNADU,,Offloading Point,
BIRLA-DAHEJ - - CRYSTAL IND-RAJKOT,0,BIRLA-DAHEJ,,Loading Point,
,,CRYSTAL IND-RAJKOT,,Offloading Point,
BIRLA-DAHEJ - - D.F.P.C.L.-DAHEJ,0,BIRLA-DAHEJ,,Loading Point,
,,D.F.P.C.L.-DAHEJ,,Offloading Point,
BIRLA-DAHEJ - - D.F.P.C.L.-TALOJA,0,BIRLA-DAHEJ,,Loading Point,
,,D.F.P.C.L.-TALOJA,,Offloading Point,
BIRLA-DAHEJ - - D.J. SURFACTANTS-UDAIPUR,0,BIRLA-DAHEJ,,Loading Point,
,,D.J. SURFACTANTS-UDAIPUR,,Offloading Point,
BIRLA-DAHEJ - - DAHEJ,0,BIRLA-DAHEJ,,Loading Point,
,,DAHEJ,,Offloading Point,
"BIRLA-DAHEJ - - DEEPAK NIT, NANDESARI",0,BIRLA-DAHEJ,,Loading Point,
,,"DEEPAK NIT, NANDESARI",,Offloading Point,
BIRLA-DAHEJ - - DEEPTY LAB-BNGLOUR,0,BIRLA-DAHEJ,,Loading Point,
,,DEEPTY LAB-BNGLOUR,,Offloading Point,
BIRLA-DAHEJ - - DEVAS,0,BIRLA-DAHEJ,,Loading Point,
,,DEVAS,,Offloading Point,
BIRLA-DAHEJ - - DHANLAKSHMI BIOCHEM-AHMEDABAD,0,BIRLA-DAHEJ,,Loading Point,
,,DHANLAKSHMI BIOCHEM-AHMEDABAD,,Offloading Point,
BIRLA-DAHEJ - - DHANLAXMI IND -A.BAD,0,BIRLA-DAHEJ,,Loading Point,
,,DHANLAXMI IND -A.BAD,,Offloading Point,
"BIRLA-DAHEJ - - FENA LTD, SILVASSA",0,BIRLA-DAHEJ,,Loading Point,
,,"FENA LTD, SILVASSA",,Offloading Point,
BIRLA-DAHEJ - - GANDHIDHAM,0,BIRLA-DAHEJ,,Loading Point,
,,GOKUL OVERSEAS-G.DHAM-KUTCH,,Offloading Point,
BIRLA-DAHEJ - - GFL-DAHEJ,0,BIRLA-DAHEJ,,Loading Point,
,,GFL-DAHEJ,,Offloading Point,
BIRLA-DAHEJ - - GFL-RANJITNAGAR,0,BIRLA-DAHEJ,,Loading Point,
,,GFL-RANJITNAGAR,,Offloading Point,
BIRLA-DAHEJ - - GHARDA CHEM.DOMBIVALI,0,BIRLA-DAHEJ,,Loading Point,
,,GHARDA CHEM.DOMBIVALI,,Offloading Point,
BIRLA-DAHEJ - - GHARDA CHEMICALSLTD-LOTE,0,BIRLA-DAHEJ,,Loading Point,
,,GHARDA CHEMICALSLTD-LOTE,,Offloading Point,
BIRLA-DAHEJ - - GOA,0,BIRLA-DAHEJ,,Loading Point,
,,GOA,,Offloading Point,
BIRLA-DAHEJ - - GSFC LTD. SIKKA UNIT,0,BIRLA-DAHEJ,,Loading Point,
,,GSFC LTD. SIKKA UNIT,,Offloading Point,
BIRLA-DAHEJ - - GUJ.MULTI.GAS BASE CHEMICAL PVT LTD-MEHSANA,0,BIRLA-DAHEJ,,Loading Point,
,,GUJ.MULTI.GAS BASE CHEMICAL PVT LTD-MEHSANA,,Offloading Point,
BIRLA-DAHEJ - - H.N. ENT. NANDESARI,0,BIRLA-DAHEJ,,Loading Point,
,,H.N. ENT. NANDESARI,,Offloading Point,
BIRLA-DAHEJ - - HINDALCO IND LTD-(SINGRAULI-M.P.),0,BIRLA-DAHEJ,,Loading Point,
,,HINDALCO IND LTD-(SINGRAULI-M.P.),,Offloading Point,
BIRLA-DAHEJ - - HINDALCO IND LTD-RENUSAGAR (U.P),0,BIRLA-DAHEJ,,Loading Point,
,,HINDALCO IND LTD-RENUSAGAR (U.P),,Offloading Point,
BIRLA-DAHEJ - - HINDALCO IND.LTD-RENUKOOT,0,BIRLA-DAHEJ,,Loading Point,
,,HINDALCO IND.LTD-RENUKOOT,,Offloading Point,
BIRLA-DAHEJ - - HZL-CHITTORGARH,0,BIRLA-DAHEJ,,Loading Point,
,,HZL-CHITTORGARH,,Offloading Point,
BIRLA-DAHEJ - - ICMC CORP LIMITED TRICHY-TAMIL NADU,0,BIRLA-DAHEJ,,Loading Point,
,,ICMC CORP LIMITED TRICHY-TAMIL NADU,,Offloading Point,
BIRLA-DAHEJ - - IFFCO-PHOOLPUR-ALLAHABAD,0,BIRLA-DAHEJ,,Loading Point,
,,IFFCO-PHOOLPUR-ALLAHABAD,,Offloading Point,
BIRLA-DAHEJ - - INDIAN PESTICIDES LTD-SANDILA-HARDOI,0,BIRLA-DAHEJ,,Loading Point,
,,INDIAN PESTICIDES LTD-SANDILA-HARDOI,,Offloading Point,
"BIRLA-DAHEJ - - INDOBOREX,PITHAMPUR",0,BIRLA-DAHEJ,,Loading Point,
,,"INDOBOREX,PITHAMPUR",,Offloading Point,
BIRLA-DAHEJ - - INDORE,0,BIRLA-DAHEJ,,Loading Point,
,,INDORE,,Offloading Point,
BIRLA-DAHEJ - - JANKI AGRO PRODUCT-JETPUR,0,BIRLA-DAHEJ,,Loading Point,
,,JANKI AGRO PRODUCT-JETPUR,,Offloading Point,
BIRLA-DAHEJ - - JINDAL STAILESS-HISAR,0,BIRLA-DAHEJ,,Loading Point,
,,JINDAL STAILESS-HISAR,,Offloading Point,
BIRLA-DAHEJ - - JODHPUR,0,BIRLA-DAHEJ,,Loading Point,
,,JODHPUR,,Offloading Point,
BIRLA-DAHEJ - - JOTHI CHEMICAL(FOR.T.CHENDUR IND-METTURDAM,0,BIRLA-DAHEJ,,Loading Point,
,,JOTHI CHEMICAL(FOR.T.CHENDUR IND-METTURDAM,,Offloading Point,
BIRLA-DAHEJ - - K.C.F.L.-NIMABHAHRA,0,BIRLA-DAHEJ,,Loading Point,
,,K.C.F.L.-NIMABHAHRA,,Offloading Point,
BIRLA-DAHEJ - - KASHIRCHAND FERTILIZERS-WADASA,0,BIRLA-DAHEJ,,Loading Point,
,,KASHIRCHAND FERTILIZERS-WADASA,,Offloading Point,
BIRLA-DAHEJ - - KASTURCHAND FER.PVT LTD-WADASA(M.H),0,BIRLA-DAHEJ,,Loading Point,
,,KASTURCHAND FER.PVT LTD-WADASA(M.H),,Offloading Point,
BIRLA-DAHEJ - - KHAITAN CHEM & FER-DAHEJ,0,BIRLA-DAHEJ,,Loading Point,
,,KHAITAN CHEM & FER-DAHEJ,,Offloading Point,
BIRLA-DAHEJ - - KILBURN CHE LTD-DAHEJ,0,BIRLA-DAHEJ,,Loading Point,
,,KILBURN CHE LTD-DAHEJ,,Offloading Point,
BIRLA-DAHEJ - - KISAN SHAKTI FER & PESTICIDES .P. LTD-SAYKHA BHARUCH,0,BIRLA-DAHEJ,,Loading Point,
,,KISAN SHAKTI FER & PESTICIDES .P. LTD-SAYKHA BHARUCH,,Offloading Point,
BIRLA-DAHEJ - - KRISHANA PHOSCHEM LIMITED-MEGHNAGAR,0,BIRLA-DAHEJ,,Loading Point,
,,KRISHANA PHOSCHEM LIMITED-MEGHNAGAR,,Offloading Point,
BIRLA-DAHEJ - - LAXMI ACID & CHEMICALS MEHSANA,0,BIRLA-DAHEJ,,Loading Point,
,,LAXMI ACID & CHEMICALS MEHSANA,,Offloading Point,
"BIRLA-DAHEJ - - LAXMI AGRO,UDAIPUR",0,BIRLA-DAHEJ,,Loading Point,
,,"LAXMI AGRO,UDAIPUR",,Offloading Point,
BIRLA-DAHEJ - - M.B.AGRO PRODUCT-SAGAR,0,BIRLA-DAHEJ,,Loading Point,
,,M.B.AGRO PRODUCT-SAGAR,,Offloading Point,
BIRLA-DAHEJ - - M.BHARAT AGRO-SOURAI-BANDA,0,BIRLA-DAHEJ,,Loading Point,
,,M.BHARAT AGRO-SOURAI-BANDA,,Offloading Point,
BIRLA-DAHEJ - - M.BHARAT -INDOR,0,BIRLA-DAHEJ,,Loading Point,
,,M.BHARAT -INDOR,,Offloading Point,
BIRLA-DAHEJ - - M.BHARAT MEGHNAGAR,0,BIRLA-DAHEJ,,Loading Point,
,,M.BHARAT MEGHNAGAR,,Offloading Point,
BIRLA-DAHEJ - - M.BHARAT PRITAMPUR,0,BIRLA-DAHEJ,,Loading Point,
,,M.BHARAT PRITAMPUR,,Offloading Point,
"BIRLA-DAHEJ - - M.BHARAT,MEGHANARAR",0,BIRLA-DAHEJ,,Loading Point,
,,"M.BHARAT,MEGHANARAR",,Offloading Point,
BIRLA-DAHEJ - - M.N. CHEM. SHIRPUR-PUNE,0,BIRLA-DAHEJ,,Loading Point,
,,M.N. CHEM. SHIRPUR-PUNE,,Offloading Point,
BIRLA-DAHEJ - - M.N.SURF-PUNE,0,BIRLA-DAHEJ,,Loading Point,
,,M.N.SURF-PUNE,,Offloading Point,
BIRLA-DAHEJ - - MADHAV INDUSTRIES-MEHSANA,0,BIRLA-DAHEJ,,Loading Point,
,,MADHAV INDUSTRIES-MEHSANA,,Offloading Point,
"BIRLA-DAHEJ - - MADHU SIL,BHAVNAGAR",0,BIRLA-DAHEJ,,Loading Point,
,,"MADHU SIL,BHAVNAGAR",,Offloading Point,
BIRLA-DAHEJ - - MAHESH RAJ CHEMICALS-AHMEDABAD,0,BIRLA-DAHEJ,,Loading Point,
,,MAHESH RAJ CHEMICALS-AHMEDABAD,,Offloading Point,
BIRLA-DAHEJ - - MAHESHWARI ACID & CHEM-BHILWARA,0,BIRLA-DAHEJ,,Loading Point,
,,MAHESHWARI ACID & CHEM-BHILWARA,,Offloading Point,
BIRLA-DAHEJ - - MANGAL BIO-TECH-MANGALORE,0,BIRLA-DAHEJ,,Loading Point,
,,MANGAL BIO-TECH-MANGALORE,,Offloading Point,
BIRLA-DAHEJ - - MANGALORE CHEM & FER-MANGALORE,0,BIRLA-DAHEJ,,Loading Point,
,,MANGALORE CHEM & FER-MANGALORE,,Offloading Point,
BIRLA-DAHEJ - - MANI AGRO CHEM PVT LTD-SALEM-TAMILNADU,0,BIRLA-DAHEJ,,Loading Point,
,,MANI AGRO CHEM PVT LTD-SALEM-TAMILNADU,,Offloading Point,
BIRLA-DAHEJ - - MAYUR DYE CHEM-PADRA,0,BIRLA-DAHEJ,,Loading Point,
,,MAYUR DYE CHEM-PADRA,,Offloading Point,
BIRLA-DAHEJ - - MEGHMANI DYES & INTER-DUDHWADA-PADRA,0,BIRLA-DAHEJ,,Loading Point,
,,MEGHMANI DYES & INTER-DUDHWADA-PADRA,,Offloading Point,
BIRLA-DAHEJ - - MEGHMANI FINE CHEM-DAHEJ,0,BIRLA-DAHEJ,,Loading Point,
,,MEGHMANI FINE CHEM-DAHEJ,,Offloading Point,
BIRLA-DAHEJ - - MEGHMANI NOVOTECH PVT LTD-BHARUCH,0,BIRLA-DAHEJ,,Loading Point,
,,MEGHMANI NOVOTECH PVT LTD-BHARUCH,,Offloading Point,
"BIRLA-DAHEJ - - MMCPL,JHAGADIA",0,BIRLA-DAHEJ,,Loading Point,
,,"MMCPL,JHAGADIA",,Offloading Point,
"BIRLA-DAHEJ - - MULTI ORG, CHANDRAPUR",0,BIRLA-DAHEJ,,Loading Point,
,,"MULTI ORG, CHANDRAPUR",,Offloading Point,
BIRLA-DAHEJ - - N.T.P.C LTD-SOLAPUR,0,BIRLA-DAHEJ,,Loading Point,
,,N.T.P.C LTD-SOLAPUR,,Offloading Point,
BIRLA-DAHEJ - - NAGPUR,0,BIRLA-DAHEJ,,Loading Point,
,,NAGPUR,,Offloading Point,
BIRLA-DAHEJ - - NANDAN DENIM LTD-AHMEDABAD,0,BIRLA-DAHEJ,,Loading Point,
,,NANDAN DENIM LTD-AHMEDABAD,,Offloading Point,
"BIRLA-DAHEJ - - NANDESARI UNIT,SELF",0,BIRLA-DAHEJ,,Loading Point,
,,"NANDESARI UNIT,SELF",,Offloading Point,
BIRLA-DAHEJ - - NEW INDIA DETERGENT PVT LTD (MAHAD),0,BIRLA-DAHEJ,,Loading Point,
,,NEW INDIA DETERGENT PVT LTD (MAHAD),,Offloading Point,
BIRLA-DAHEJ - - NIBHA POWER LTD-HISAR,0,BIRLA-DAHEJ,,Loading Point,
,,NIBHA POWER LTD-HISAR,,Offloading Point,
BIRLA-DAHEJ - - NTPC-KHARGONE (M.P.),0,BIRLA-DAHEJ,,Loading Point,
,,NTPC-KHARGONE (M.P.),,Offloading Point,
BIRLA-DAHEJ - - NTPC-UNCHAHAR,0,BIRLA-DAHEJ,,Loading Point,
,,NTPC-UNCHAHAR,,Offloading Point,
BIRLA-DAHEJ - - PARADEEP PHOS-GOA,0,BIRLA-DAHEJ,,Loading Point,
,,PARADEEP PHOS-GOA,,Offloading Point,
BIRLA-DAHEJ - - PATANJALI FOOD- G.DHAM,0,BIRLA-DAHEJ,,Loading Point,
,,PATANJALI FOOD- G.DHAM,,Offloading Point,
"BIRLA-DAHEJ - - PREM SAKHI,UDAIPUR",0,BIRLA-DAHEJ,,Loading Point,
,,"PREM SAKHI,UDAIPUR",,Offloading Point,
BIRLA-DAHEJ - - PUNJAB CHEMICALS-PIMPRI-PUNE,0,BIRLA-DAHEJ,,Loading Point,
,,PUNJAB CHEMICALS-PIMPRI-PUNE,,Offloading Point,
BIRLA-DAHEJ - - R.I.L.JAMNAGAR,0,BIRLA-DAHEJ,,Loading Point,
,,R.I.L.JAMNAGAR,,Offloading Point,
"BIRLA-DAHEJ - - R.M.PHOSPHATE,DHULIA",0,BIRLA-DAHEJ,,Loading Point,
,,"R.M.PHOSPHATE,DHULIA",,Offloading Point,
BIRLA-DAHEJ - - R.M.PHOSPHATES-DEWAS(M.P),0,BIRLA-DAHEJ,,Loading Point,
,,R.M.PHOSPHATES-DEWAS(M.P),,Offloading Point,
BIRLA-DAHEJ - - R.S.P.L.-RAIPUR,0,BIRLA-DAHEJ,,Loading Point,
,,R.S.P.L.-RAIPUR,,Offloading Point,
"BIRLA-DAHEJ - - RADHA MADHAV,SURAT",0,BIRLA-DAHEJ,,Loading Point,
,,"RADHA MADHAV,SURAT",,Offloading Point,
BIRLA-DAHEJ - - RAJKOT,0,BIRLA-DAHEJ,,Loading Point,
,,RAJKOT,,Offloading Point,
BIRLA-DAHEJ - - RAJLAXMI AGROTECH INDIA PVT LTD.-JALNA,0,BIRLA-DAHEJ,,Loading Point,
,,RAJLAXMI AGROTECH INDIA PVT LTD.-JALNA,,Offloading Point,
BIRLA-DAHEJ - - RIL(SEZ)J.NAGAR,0,BIRLA-DAHEJ,,Loading Point,
,,RIL(SEZ)J.NAGAR,,Offloading Point,
BIRLA-DAHEJ - - RIL-DAHEJ,0,BIRLA-DAHEJ,,Loading Point,
,,RIL-DAHEJ,,Offloading Point,
BIRLA-DAHEJ - - RIL-HAZIRA-SURAT,0,BIRLA-DAHEJ,,Loading Point,
,,RIL-HAZIRA-SURAT,,Offloading Point,
BIRLA-DAHEJ - - RIL-NAGOTHANE,0,BIRLA-DAHEJ,,Loading Point,
,,RIL-NAGOTHANE,,Offloading Point,
BIRLA-DAHEJ - - RIL-VADODARA,0,BIRLA-DAHEJ,,Loading Point,
,,RIL-VADODARA,,Offloading Point,
BIRLA-DAHEJ - - ROHITKUMAR TEXTILE MILLS-AHMEDABAD,0,BIRLA-DAHEJ,,Loading Point,
,,ROHITKUMAR TEXTILE MILLS-AHMEDABAD,,Offloading Point,
BIRLA-DAHEJ - - RSPL. LTD-ROURKEE,0,BIRLA-DAHEJ,,Loading Point,
,,RSPL. LTD-ROURKEE,,Offloading Point,
BIRLA-DAHEJ - - RSPL-AURANGABAD,0,BIRLA-DAHEJ,,Loading Point,
,,RSPL-AURANGABAD,,Offloading Point,
"BIRLA-DAHEJ - - RUBAMIN,HALOL",0,BIRLA-DAHEJ,,Loading Point,
,,"RUBAMIN,HALOL",,Offloading Point,
BIRLA-DAHEJ - - RUBAMIN-NANDESARI,0,BIRLA-DAHEJ,,Loading Point,
,,RUBAMIN-NANDESARI,,Offloading Point,
BIRLA-DAHEJ - - RUCHI SOYA IND-G.DHAM,0,BIRLA-DAHEJ,,Loading Point,
,,RUCHI SOYA IND-G.DHAM,,Offloading Point,
BIRLA-DAHEJ - - S.K.D.P.L.CHITTOR,0,BIRLA-DAHEJ,,Loading Point,
,,S.K.D.P.L.CHITTOR,,Offloading Point,
BIRLA-DAHEJ - - S.KRISHNA.SILVASSA,0,BIRLA-DAHEJ,,Loading Point,
,,S.KRISHNA.SILVASSA,,Offloading Point,
BIRLA-DAHEJ - - SABARI AGRO CHEM-METTUR DAM,0,BIRLA-DAHEJ,,Loading Point,
,,SABARI AGRO CHEM-METTUR DAM,,Offloading Point,
BIRLA-DAHEJ - - SATPURA THERMAL POWER STATION-SARNI(M.P),0,BIRLA-DAHEJ,,Loading Point,
,,SATPURA THERMAL POWER STATION-SARNI(M.P),,Offloading Point,
"BIRLA-DAHEJ - - SATYAM ENT,.UDAIPUR",0,BIRLA-DAHEJ,,Loading Point,
,,"SATYAM ENT,.UDAIPUR",,Offloading Point,
BIRLA-DAHEJ - - SATYENDRA FINE CHEM-PADRA,0,BIRLA-DAHEJ,,Loading Point,
,,SATYENDRA FINE CHEM-PADRA,,Offloading Point,
BIRLA-DAHEJ - - SELF,0,BIRLA-DAHEJ,,Loading Point,
,,SELF,,Offloading Point,
BIRLA-DAHEJ - - SHCEL-MAHAD,0,BIRLA-DAHEJ,,Loading Point,
,,SHCEL-MAHAD,,Offloading Point,
"BIRLA-DAHEJ - - SHIVA GLOBLE,NANDED",0,BIRLA-DAHEJ,,Loading Point,
,,"SHIVA GLOBLE,NANDED",,Offloading Point,
BIRLA-DAHEJ - - SHREE CEMENT LTD - RAS,0,BIRLA-DAHEJ,,Loading Point,
,,SHREE CEMENT LTD - RAS,,Offloading Point,
BIRLA-DAHEJ - - SHREE CEMENT LTD-BEAWAR,0,BIRLA-DAHEJ,,Loading Point,
,,SHREE CEMENT LTD-BEAWAR,,Offloading Point,
BIRLA-DAHEJ - - SHREE HARI CHEMICALS-MAHAD-RAIGAD,0,BIRLA-DAHEJ,,Loading Point,
,,SHREE HARI CHEMICALS-MAHAD-RAIGAD,,Offloading Point,
BIRLA-DAHEJ - - SHREE SHIV AGRO-BARODA,0,BIRLA-DAHEJ,,Loading Point,
,,SHREE SHIV AGRO-BARODA,,Offloading Point,
BIRLA-DAHEJ - - SHREEJI AGRO PRODUCT-JETPUR,0,BIRLA-DAHEJ,,Loading Point,
,,SHREEJI AGRO PRODUCT-JETPUR,,Offloading Point,
BIRLA-DAHEJ - - SHREEJI LIQUID STORAGE TERMINAL-KANDLA,0,BIRLA-DAHEJ,,Loading Point,
,,SHREEJI LIQUID STORAGE TERMINAL-KANDLA,,Offloading Point,
BIRLA-DAHEJ - - SHRI KRISHNA DET.CHITTOD,0,BIRLA-DAHEJ,,Loading Point,
,,SHRI KRISHNA DET.CHITTOD,,Offloading Point,
BIRLA-DAHEJ - - SHRI KRISHNA-SILVASSA,0,BIRLA-DAHEJ,,Loading Point,
,,SHRI KRISHNA-SILVASSA,,Offloading Point,
BIRLA-DAHEJ - - SINGRUALI,0,BIRLA-DAHEJ,,Loading Point,
,,SINGRUALI,,Offloading Point,
BIRLA-DAHEJ - - SMARTCHEM TECH-TALOJA,0,BIRLA-DAHEJ,,Loading Point,
,,SMARTCHEM TECH-TALOJA,,Offloading Point,
BIRLA-DAHEJ - - SRINIVASA CHEMICAL ENT-PUDUCHERRY,0,BIRLA-DAHEJ,,Loading Point,
,,SRINIVASA CHEMICAL ENT-PUDUCHERRY,,Offloading Point,
BIRLA-DAHEJ - - SUN IND PVT LTD-LUDHIANA,0,BIRLA-DAHEJ,,Loading Point,
,,SUN IND PVT LTD-LUDHIANA,,Offloading Point,
BIRLA-DAHEJ - - TRANSWORLD F.P. PVT LTD-G.DHAM,0,BIRLA-DAHEJ,,Loading Point,
,,TRANSWORLD F.P. PVT LTD-G.DHAM,,Offloading Point,
BIRLA-DAHEJ - - TRANSWORLD-SAVLI,0,BIRLA-DAHEJ,,Loading Point,
,,TRANSWORLD FRUTI-SAVLI-BRD,,Offloading Point,
BIRLA-DAHEJ - - TRENT CHEM IND -MEGHNAGAR,0,BIRLA-DAHEJ,,Loading Point,
,,TRENT CHEM IND -MEGHNAGAR,,Offloading Point,
BIRLA-DAHEJ - - UDAIPUR UNIT,0,BIRLA-DAHEJ,,Loading Point,
,,UDAIPUR UNIT,,Offloading Point,
BIRLA-DAHEJ - - UMIYA ACID & CHEMICALS-HIMATNAGAR,0,BIRLA-DAHEJ,,Loading Point,
,,UMIYA ACID & CHEMICALS-HIMATNAGAR,,Offloading Point,
BIRLA-DAHEJ - - V.V.TITANIUM PIGMENT P LTD-THOOTHUKUDI,0,BIRLA-DAHEJ,,Loading Point,
,,V.V.TITANIUM PIGMENT P LTD-THOOTHUKUDI,,Offloading Point,
"BIRLA-DAHEJ - - VEGA CHEM,JALGOAN",0,BIRLA-DAHEJ,,Loading Point,
,,"VEGA CHEM,JALGOAN",,Offloading Point,
BIRLA-DAHEJ - - VIDHYA MINERAL & PROC-BHANDARA,0,BIRLA-DAHEJ,,Loading Point,
,,VIDHYA MINERAL & PROC-BHANDARA,,Offloading Point,
BIRLA-DAHEJ - - VINAYAGA FER.INDIA PVT LTD-SPSR NELLORE,0,BIRLA-DAHEJ,,Loading Point,
,,VINAYAGA FER.INDIA PVT LTD-SPSR NELLORE,,Offloading Point,
BIRLA-DAHEJ - A TO Z METALS/CHOKSI HERBEL-UDAIPUR - CLAX PIGMENTS-KADGAON,0,BIRLA-DAHEJ,,Loading Point,
,,CLAX PIGMENTS-KADGAON,,Offloading Point,
BODAL CHEM LTD-UNIT-XII-PUNJAB - - BODAL CHEMICAL LTD-MATHURA (U.P.),0,BODAL CHEM LTD-UNIT-XII-PUNJAB,,Loading Point,
,,BODAL CHEMICAL LTD-MATHURA (U.P.),,Offloading Point,
BODAL CHEM LTD-UNIT-XII-PUNJAB - - GODHREJ CONSUMER PRODUCTS-MALANPUR(M.P),0,BODAL CHEM LTD-UNIT-XII-PUNJAB,,Loading Point,
,,GODHREJ CONSUMER PRODUCTS-MALANPUR(M.P),,Offloading Point,
BODAL CHEM LTD-UNIT-XII-PUNJAB - - HARSH CHEMICALS-BALOTRA,0,BODAL CHEM LTD-UNIT-XII-PUNJAB,,Loading Point,
,,HARSH CHEMICALS-BALOTRA,,Offloading Point,
BODAL CHEM LTD-UNIT-XII-PUNJAB - - I.O.C.L-MATHURA (U.P.),0,BODAL CHEM LTD-UNIT-XII-PUNJAB,,Loading Point,
,,I.O.C.L-MATHURA (U.P.),,Offloading Point,
BODAL CHEM LTD-UNIT-XII-PUNJAB - - I.O.C.LTD-PANIPAT,0,BODAL CHEM LTD-UNIT-XII-PUNJAB,,Loading Point,
,,I.O.C.LTD-PANIPAT,,Offloading Point,
BODAL CHEMICAL LTD-SAYKHA - - AARTI DRUGS-PALGARH,0,BODAL CHEMICAL LTD-SAYKHA,,Loading Point,
,,AARTI DRUGS-PALGARH,,Offloading Point,
BODAL CHEMICAL LTD-SAYKHA - - ASHISH INTERCHEM-BOISAR,0,BODAL CHEMICAL LTD-SAYKHA,,Loading Point,
,,ASHISH INTERCHEM-BOISAR,,Offloading Point,
BODAL CHEMICAL LTD-SAYKHA - - BAYER VAPI PVT LTD-VAPI,0,BODAL CHEMICAL LTD-SAYKHA,,Loading Point,
,,BAYER VAPI PVT LTD-VAPI,,Offloading Point,
BODAL CHEMICAL LTD-SAYKHA - - BODAL CHEMICAL LTD-MATHURA (U.P.),0,BODAL CHEMICAL LTD-SAYKHA,,Loading Point,
,,BODAL CHEMICAL LTD-MATHURA (U.P.),,Offloading Point,
BODAL CHEMICAL LTD-SAYKHA - - CHEMIEORGANIC CHEMICAL-JHAGADIA,0,BODAL CHEMICAL LTD-SAYKHA,,Loading Point,
,,CHEMIEORGANIC CHEMICAL-JHAGADIA,,Offloading Point,
BODAL CHEMICAL LTD-SAYKHA - - CHIRAJ ORGANIC-VAPI,0,BODAL CHEMICAL LTD-SAYKHA,,Loading Point,
,,CHIRAJ ORGANIC-VAPI,,Offloading Point,
BODAL CHEMICAL LTD-SAYKHA - - CHROMA DYECHEM-SAYKHA,0,BODAL CHEMICAL LTD-SAYKHA,,Loading Point,
,,CHROMA DYECHEM-SAYKHA,,Offloading Point,
BODAL CHEMICAL LTD-SAYKHA - - DECCAN FINE CHEM-VISAKHAPATNAM,0,BODAL CHEMICAL LTD-SAYKHA,,Loading Point,
,,DECCAN FINE CHEM-VISAKHAPATNAM,,Offloading Point,
BODAL CHEMICAL LTD-SAYKHA - - GHARDA CHEMICALSLTD-LOTE,0,BODAL CHEMICAL LTD-SAYKHA,,Loading Point,
,,GHARDA CHEMICALSLTD-LOTE,,Offloading Point,
BODAL CHEMICAL LTD-SAYKHA - - GSP CROP SCIENCE-NANDESARI,0,BODAL CHEMICAL LTD-SAYKHA,,Loading Point,
,,GSP CROP SCIENCE-NANDESARI,,Offloading Point,
BODAL CHEMICAL LTD-SAYKHA - - HEMANI CHEMI ORG-VAPI,0,BODAL CHEMICAL LTD-SAYKHA,,Loading Point,
,,HEMANI CHEMI ORG-VAPI,,Offloading Point,
BODAL CHEMICAL LTD-SAYKHA - - HEMANI INT. PVT LTD-VAPI,0,BODAL CHEMICAL LTD-SAYKHA,,Loading Point,
,,HEMANI INT. PVT LTD-VAPI,,Offloading Point,
BODAL CHEMICAL LTD-SAYKHA - - IDEAL DYE-CHEM-VAPI,0,BODAL CHEMICAL LTD-SAYKHA,,Loading Point,
,,IDEAL DYE-CHEM-VAPI,,Offloading Point,
BODAL CHEMICAL LTD-SAYKHA - - JAINIK INDUSTRIES-VATVA,0,BODAL CHEMICAL LTD-SAYKHA,,Loading Point,
,,JAINIK INDUSTRIES-VATVA,,Offloading Point,
BODAL CHEMICAL LTD-SAYKHA - - JAY GANESH IND-KHAMBAT,0,BODAL CHEMICAL LTD-SAYKHA,,Loading Point,
,,JAY GANESH IND-KHAMBAT,,Offloading Point,
BODAL CHEMICAL LTD-SAYKHA - - KAJAY REMEDIES PVT LTD-BADLAPUR,0,BODAL CHEMICAL LTD-SAYKHA,,Loading Point,
,,KAJAY REMEDIES PVT LTD-BADLAPUR,,Offloading Point,
BODAL CHEMICAL LTD-SAYKHA - - LOTE,0,BODAL CHEMICAL LTD-SAYKHA,,Loading Point,
,,LOTE,,Offloading Point,
BODAL CHEMICAL LTD-SAYKHA - - MICAS ORG.LTD-II-VAPI,0,BODAL CHEMICAL LTD-SAYKHA,,Loading Point,
,,MICAS ORG.LTD-II-VAPI,,Offloading Point,
BODAL CHEMICAL LTD-SAYKHA - - MUNDRA,0,BODAL CHEMICAL LTD-SAYKHA,,Loading Point,
,,MUNDRA,,Offloading Point,
BODAL CHEMICAL LTD-SAYKHA - - PANOLI INTERMEDIATES-JHAGADIA,0,BODAL CHEMICAL LTD-SAYKHA,,Loading Point,
,,PANOLI INTERMEDIATES-JHAGADIA,,Offloading Point,
BODAL CHEMICAL LTD-SAYKHA - - PHARMA INTER CHEMIE-NANDESARI,0,BODAL CHEMICAL LTD-SAYKHA,,Loading Point,
,,PHARMA INTER CHEMIE-NANDESARI,,Offloading Point,
BODAL CHEMICAL LTD-SAYKHA - - PRASHANT IND-VATVA,0,BODAL CHEMICAL LTD-SAYKHA,,Loading Point,
,,PRASHANT IND-VATVA,,Offloading Point,
BODAL CHEMICAL LTD-SAYKHA - - RADHIKA ORGO-NANDESARI,0,BODAL CHEMICAL LTD-SAYKHA,,Loading Point,
,,RADHIKA ORGO-NANDESARI,,Offloading Point,
BODAL CHEMICAL LTD-SAYKHA - - SARNA CHEMICALS-VAPI,0,BODAL CHEMICAL LTD-SAYKHA,,Loading Point,
,,SARNA CHEMICALS-VAPI,,Offloading Point,
BODAL CHEMICAL LTD-SAYKHA - - SUPREET CHEMICALS-VAPI,0,BODAL CHEMICAL LTD-SAYKHA,,Loading Point,
,,SUPREET CHEMICALS-VAPI,,Offloading Point,
BODAL CHEMICAL LTD-SAYKHA - - SUVEN FARMA-VISAKHAPATNAM,0,BODAL CHEMICAL LTD-SAYKHA,,Loading Point,
,,SUVEN FARMA-VISAKHAPATNAM,,Offloading Point,
BODAL CHEMICAL LTD-SAYKHA - - VIPUL ORGANIC-THANE,0,BODAL CHEMICAL LTD-SAYKHA,,Loading Point,
,,VIPUL ORGANIC-THANE,,Offloading Point,
BODAL CHEMICAL-RAJPUR (PUNJAB) - - HARSH CHEMICALS-BALOTRA,0,BODAL CHEMICAL-RAJPUR (PUNJAB),,Loading Point,
,,HARSH CHEMICALS-BALOTRA,,Offloading Point,
BODAL CHEMICALS-KHAMBAT - - BODAL CHEMICALS LTD-UNIT-VII,0,BODAL CHEMICALS-KHAMBAT,,Loading Point,
,,BODAL CHEMICALS LTD-UNIT-VII,,Offloading Point,
BODAL CHEMICALS-KHAMBAT - - BODAL-PADRA,0,BODAL CHEMICALS-KHAMBAT,,Loading Point,
,,BODAL-PADRA,,Offloading Point,
BODAL CHEM-UNIT-III - - BODAL UNIT-1 AMD,0,BODAL CHEM-UNIT-III,,Loading Point,
,,BODAL UNIT-1 AMD,,Offloading Point,
BODAL UNIT-1 AMD - - BODAL UNIT-1 AMD,0,BODAL UNIT-1 AMD,,Loading Point,
,,BODAL UNIT-1 AMD,,Offloading Point,
BODAL-PADRA - - A.P.L. BHUJ,0,BODAL-PADRA,,Loading Point,
,,A.P.L. BHUJ,,Offloading Point,
BODAL-PADRA - - ABHISHEK ACID & CHEM-BHILWARA,0,BODAL-PADRA,,Loading Point,
,,ABHISHEK ACID & CHEM-BHILWARA,,Offloading Point,
BODAL-PADRA - - ADANI HAZIRA-SURAT,0,BODAL-PADRA,,Loading Point,
,,ADANI HAZIRA-SURAT,,Offloading Point,
BODAL-PADRA - - AHMEDABAD,0,BODAL-PADRA,,Loading Point,
,,KEMIT CHEMICALS PVT LTD-AHMEDABAD,,Offloading Point,
BODAL-PADRA - - AKSHAR CHEM INDIA-MEHSANA,0,BODAL-PADRA,,Loading Point,
,,AKSHAR CHEM INDIA-MEHSANA,,Offloading Point,
BODAL-PADRA - - AMBITION REMEDIES-BHARUCH,0,BODAL-PADRA,,Loading Point,
,,AMBITION REMEDIES-BHARUCH,,Offloading Point,
BODAL-PADRA - - ANJAR,0,BODAL-PADRA,,Loading Point,
,,ANJAR,,Offloading Point,
BODAL-PADRA - - ARCHIT ORG-BHAVNAGAR,0,BODAL-PADRA,,Loading Point,
,,ARCHIT ORG-BHAVNAGAR,,Offloading Point,
BODAL-PADRA - - ARIES COLOUR CHEM-DAHEJ,0,BODAL-PADRA,,Loading Point,
,,ARIES COLOUR CHEM-DAHEJ,,Offloading Point,
BODAL-PADRA - - AROMATIC ALLED & ORG.P.LTD-BHIWADI,0,BODAL-PADRA,,Loading Point,
,,AROMATIC ALLED & ORG.P.LTD-BHIWADI,,Offloading Point,
BODAL-PADRA - - AROMATIC ALLED & ORG.P.LTD-BHIWANDI,0,BODAL-PADRA,,Loading Point,
,,AROMATIC ALLED & ORG.P.LTD-BHIWANDI,,Offloading Point,
BODAL-PADRA - - ASSOCIATED DYE STUFF-VATVA,0,BODAL-PADRA,,Loading Point,
,,ASSOCIATED DYE STUFF-VATVA,,Offloading Point,
BODAL-PADRA - - AURO TEXTILES-BADDI,0,BODAL-PADRA,,Loading Point,
,,AURO TEXTILES-BADDI,,Offloading Point,
BODAL-PADRA - - BADDI UNIT,0,BODAL-PADRA,,Loading Point,
,,BADDI UNIT,,Offloading Point,
BODAL-PADRA - - BANGLORE,0,BODAL-PADRA,,Loading Point,
,,BANGLORE,,Offloading Point,
BODAL-PADRA - - BAYER VAPI PVT LTD-VAPI,0,BODAL-PADRA,,Loading Point,
,,BAYER VAPI PVT LTD-VAPI,,Offloading Point,
BODAL-PADRA - - BHAGERIA IND.LTD-VAPI,0,BODAL-PADRA,,Loading Point,
,,BHAGERIA IND.LTD-VAPI,,Offloading Point,
BODAL-PADRA - - BHAGWATI ORGANIC-AHMEDABAD,0,BODAL-PADRA,,Loading Point,
,,BHAGWATI ORGANIC-AHMEDABAD,,Offloading Point,
BODAL-PADRA - - BHARAT RASAYAN-DAHEJ,0,BODAL-PADRA,,Loading Point,
,,BHARAT RASAYAN-DAHEJ,,Offloading Point,
BODAL-PADRA - - BHAVIN INTERMEDIATES-BHARUCH,0,BODAL-PADRA,,Loading Point,
,,BHAVIN INTERMEDIATES-BHARUCH,,Offloading Point,
BODAL-PADRA - - BHILWARA.,0,BODAL-PADRA,,Loading Point,
,,BHILWARA.,,Offloading Point,
BODAL-PADRA - - BHUVNESHWARI ORG PVT LTD-NANDESARI,0,BODAL-PADRA,,Loading Point,
,,BHUVNESHWARI ORG PVT LTD-NANDESARI,,Offloading Point,
"BODAL-PADRA - - BILT GRAPHIC,BALLARPUR",0,BODAL-PADRA,,Loading Point,
,,"BILT GRAPHIC,BALLARPUR",,Offloading Point,
BODAL-PADRA - - BODAL CHEM LTD-UNIT-XII-PUNJAB,0,BODAL-PADRA,,Loading Point,
,,BODAL CHEM LTD-UNIT-XII-PUNJAB,,Offloading Point,
BODAL-PADRA - - BODAL CHEMICAL LTD-MATHURA (U.P.),0,BODAL-PADRA,,Loading Point,
,,BODAL CHEMICAL LTD-MATHURA (U.P.),,Offloading Point,
BODAL-PADRA - - BODAL CHEMICAL LTD-SAYKHA,0,BODAL-PADRA,,Loading Point,
,,BODAL CHEMICAL LTD-SAYKHA,,Offloading Point,
BODAL-PADRA - - BODAL CHEMICALS LTD-UNIT-VII,0,BODAL-PADRA,,Loading Point,
,,BODAL CHEMICALS LTD-UNIT-VII,,Offloading Point,
BODAL-PADRA - - BODAL CHEMICALS LTD-VIII,0,BODAL-PADRA,,Loading Point,
,,BODAL CHEMICALS LTD-VIII,,Offloading Point,
BODAL-PADRA - - BODAL CHEM-UNIT-III,0,BODAL-PADRA,,Loading Point,
,,BODAL CHEM-UNIT-III,,Offloading Point,
BODAL-PADRA - - BODAL UNIT-1 AMD,0,BODAL-PADRA,,Loading Point,
,,BODAL UNIT-1 AMD,,Offloading Point,
BODAL-PADRA - - BODAL-PADRA,0,BODAL-PADRA,,Loading Point,
,,BODAL-PADRA,,Offloading Point,
BODAL-PADRA - - BROMCHEM LAB.PVT LTD-ANAND,0,BODAL-PADRA,,Loading Point,
,,BROMCHEM LAB.PVT LTD-ANAND,,Offloading Point,
BODAL-PADRA - - BROMCHEM LABORATORIES PVT LTD-KHAMBHAT,0,BODAL-PADRA,,Loading Point,
,,BROMCHEM LABORATORIES PVT LTD-KHAMBHAT,,Offloading Point,
BODAL-PADRA - - CHEMCRUX ENTERPRISES LTD ANKLESHWAR,0,BODAL-PADRA,,Loading Point,
,,CHEMCRUX ENTERPRISES LTD ANKLESHWAR,,Offloading Point,
BODAL-PADRA - - CHIRAJ ORGANIC-VAPI,0,BODAL-PADRA,,Loading Point,
,,CHIRAJ ORGANIC-VAPI,,Offloading Point,
BODAL-PADRA - - CIX-LIFESCIENCE PVT LTD-SACHIN,0,BODAL-PADRA,,Loading Point,
,,CIX-LIFESCIENCE PVT LTD-SACHIN,,Offloading Point,
BODAL-PADRA - - CLAIRVOYANCE IND-DAHEJ,0,BODAL-PADRA,,Loading Point,
,,CLAIRVOYANCE IND-DAHEJ,,Offloading Point,
BODAL-PADRA - - CRYSTAL QUINONE PVT LTD-UNTI-II,0,BODAL-PADRA,,Loading Point,
,,CRYSTAL QUINONE PVT LTD-UNTI-II,,Offloading Point,
BODAL-PADRA - - CTX LIFESCIENCES PVT LTD-SACHIN-SURAT,0,BODAL-PADRA,,Loading Point,
,,CTX LIFESCIENCES PVT LTD-SACHIN-SURAT,,Offloading Point,
BODAL-PADRA - - D M L-JAMBUSAR,0,BODAL-PADRA,,Loading Point,
,,D M L-JAMBUSAR,,Offloading Point,
BODAL-PADRA - - DARSHAN PHARMA CHEM-ANK,0,BODAL-PADRA,,Loading Point,
,,DARSHAN PHARMA CHEM-ANK,,Offloading Point,
BODAL-PADRA - - DECCAN FINE CHEM (INDIA)ANK,0,BODAL-PADRA,,Loading Point,
,,DECCAN FINE CHEM (INDIA)ANK,,Offloading Point,
BODAL-PADRA - - DEEDY CHEMICALS PVT LTD-KALOL,0,BODAL-PADRA,,Loading Point,
,,DEEDY CHEMICALS PVT LTD-KALOL,,Offloading Point,
"BODAL-PADRA - - DEEPAK NIT, NANDESARI",0,BODAL-PADRA,,Loading Point,
,,"DEEPAK NIT, NANDESARI",,Offloading Point,
BODAL-PADRA - - DHARMAJ CORP-SAYAKHA,0,BODAL-PADRA,,Loading Point,
,,DHARMAJ CORP-SAYAKHA,,Offloading Point,
BODAL-PADRA - - EMMENNAR PHARMA NARSPUR (TELANGANA),0,BODAL-PADRA,,Loading Point,
,,EMMENNAR PHARMA NARSPUR (TELANGANA),,Offloading Point,
BODAL-PADRA - - GFL-RANJITNAGAR,0,BODAL-PADRA,,Loading Point,
,,GFL-RANJITNAGAR,,Offloading Point,
BODAL-PADRA - - GHARDA CHEM.DOMBIVALI,0,BODAL-PADRA,,Loading Point,
,,GHARDA CHEM.DOMBIVALI,,Offloading Point,
BODAL-PADRA - - GHARDA CHEMICALS-DAHEJ,0,BODAL-PADRA,,Loading Point,
,,GHARDA CHEMICALS-DAHEJ,,Offloading Point,
BODAL-PADRA - - GHARDA CHEMICALSLTD-LOTE,0,BODAL-PADRA,,Loading Point,
,,GHARDA CHEMICALSLTD-LOTE,,Offloading Point,
"BODAL-PADRA - - GNFC,. BHARUCH",0,BODAL-PADRA,,Loading Point,
,,"GNFC,. BHARUCH",,Offloading Point,
BODAL-PADRA - - GRASIM IND LTD-VILAYAT BHARUCH,0,BODAL-PADRA,,Loading Point,
,,GRASIM IND LTD-VILAYAT BHARUCH,,Offloading Point,
BODAL-PADRA - - GUJ.IND.CHEM.CO.PVT. LTD-KHAMBAT,0,BODAL-PADRA,,Loading Point,
,,GUJ.IND.CHEM.CO.PVT. LTD-KHAMBAT,,Offloading Point,
BODAL-PADRA - - GUJARAT HALOGEN PETROCHEM COR-KHAMBHAT,0,BODAL-PADRA,,Loading Point,
,,GUJARAT HALOGEN PETROCHEM COR-KHAMBHAT,,Offloading Point,
BODAL-PADRA - - HEMANI IND-DAHEJ,0,BODAL-PADRA,,Loading Point,
,,HEMANI IND-DAHEJ,,Offloading Point,
BODAL-PADRA - - HEMANI INT. PVT LTD-VAPI,0,BODAL-PADRA,,Loading Point,
,,HEMANI INT. PVT LTD-VAPI,,Offloading Point,
BODAL-PADRA - - HERANBA IND LIMITED UNIT-2,0,BODAL-PADRA,,Loading Point,
,,HERANBA IND LIMITED VAPI UNIT-2,,Offloading Point,
BODAL-PADRA - - HERANBA IND LIMITED VAPI UNIT-2,0,BODAL-PADRA,,Loading Point,
,,HERANBA IND LIMITED VAPI UNIT-2,,Offloading Point,
BODAL-PADRA - - HETERO LABS LTD-VISAKAPATNAM,0,BODAL-PADRA,,Loading Point,
,,HETERO LABS LTD-VISAKAPATNAM,,Offloading Point,
BODAL-PADRA - - IDEAL DYE-CHEM-VAPI,0,BODAL-PADRA,,Loading Point,
,,IDEAL DYE-CHEM-VAPI,,Offloading Point,
BODAL-PADRA - - IMPRO INTER-PANOLI,0,BODAL-PADRA,,Loading Point,
,,IMPRO INTER-PANOLI,,Offloading Point,
BODAL-PADRA - - J.K.CHEMICALS-HYDRABAD,0,BODAL-PADRA,,Loading Point,
,,J.K.CHEMICALS-HYDRABAD,,Offloading Point,
BODAL-PADRA - - JAIPUR,0,BODAL-PADRA,,Loading Point,
,,JAIPUR,,Offloading Point,
BODAL-PADRA - - JANVI CHEMICALS-DAHEJ,0,BODAL-PADRA,,Loading Point,
,,JANVI CHEMICALS-DAHEJ,,Offloading Point,
BODAL-PADRA - - KHAMBHAT,0,BODAL-PADRA,,Loading Point,
,,KHAMBHAT,,Offloading Point,
BODAL-PADRA - - KIRI DYE CHEM-AMD,0,BODAL-PADRA,,Loading Point,
,,KIRI DYE CHEM-AMD,,Offloading Point,
BODAL-PADRA - - KIRI-PADRA,0,BODAL-PADRA,,Loading Point,
,,KIRI-PADRA,,Offloading Point,
BODAL-PADRA - - LOTE,0,BODAL-PADRA,,Loading Point,
,,LOTE,,Offloading Point,
BODAL-PADRA - - MAGNUM CHEMICALS-VATVA,0,BODAL-PADRA,,Loading Point,
,,MAGNUM CHEMICALS-VATVA,,Offloading Point,
BODAL-PADRA - - MAJDHA ORG PVT LTD-DAHEJ,0,BODAL-PADRA,,Loading Point,
,,MAJDHA ORG PVT LTD-DAHEJ,,Offloading Point,
BODAL-PADRA - - MATANGI IND LTD. - A'BAD.,0,BODAL-PADRA,,Loading Point,
,,MATANGI IND LTD. - A'BAD.,,Offloading Point,
BODAL-PADRA - - MAYUR DYE CHEM - VATVA-AMB,0,BODAL-PADRA,,Loading Point,
,,MAYUR DYE CHEM - VATVA-AMB,,Offloading Point,
BODAL-PADRA - - MAYUR DYE CHEM-PADRA,0,BODAL-PADRA,,Loading Point,
,,MAYUR DYE CHEM-PADRA,,Offloading Point,
BODAL-PADRA - - MEGHMANI DYES & INTER-DUDHWADA-PADRA,0,BODAL-PADRA,,Loading Point,
,,MEGHMANI DYES & INTER-DUDHWADA-PADRA,,Offloading Point,
BODAL-PADRA - - MEGHMANI FINE CHEM-DAHEJ,0,BODAL-PADRA,,Loading Point,
,,MEGHMANI FINE CHEM-DAHEJ,,Offloading Point,
BODAL-PADRA - - MEGHMANI ORG-ANK,0,BODAL-PADRA,,Loading Point,
,,MEGHMANI ORG-ANK,,Offloading Point,
BODAL-PADRA - - MEGHMANI ORG-DAHEJ,0,BODAL-PADRA,,Loading Point,
,,MEGHMANI ORG-DAHEJ,,Offloading Point,
BODAL-PADRA - - METTOR,0,BODAL-PADRA,,Loading Point,
,,METTOR,,Offloading Point,
BODAL-PADRA - - NARAYAN ORGANIC-ANK,0,BODAL-PADRA,,Loading Point,
,,NARAYAN ORGANIC-ANK,,Offloading Point,
BODAL-PADRA - - OCEAN AQUAMIN-ANAND,0,BODAL-PADRA,,Loading Point,
,,OCEAN AQUAMIN-ANAND,,Offloading Point,
BODAL-PADRA - - ONEIRO CHEMAICAL-PADRA,0,BODAL-PADRA,,Loading Point,
,,ONEIRO CHEMAICAL-PADRA,,Offloading Point,
BODAL-PADRA - - P I INDUSTREIES LTD-DAHEJ-SEZ,0,BODAL-PADRA,,Loading Point,
,,P I INDUSTREIES LTD-DAHEJ-SEZ,,Offloading Point,
BODAL-PADRA - - PANOLI PRODUCTS PVT LTD-PANOLI,0,BODAL-PADRA,,Loading Point,
,,PANOLI PRODUCTS PVT LTD-PANOLI,,Offloading Point,
BODAL-PADRA - - PEARL POLYMERS-HYDRABAD,0,BODAL-PADRA,,Loading Point,
,,PEARL POLYMERS-HYDRABAD,,Offloading Point,
BODAL-PADRA - - PEARL POLYMRES-BANGLORE,0,BODAL-PADRA,,Loading Point,
,,PEARL POLYMRES-BANGLORE,,Offloading Point,
BODAL-PADRA - - PIL-JAMBUSAR,0,BODAL-PADRA,,Loading Point,
,,PIL-JAMBUSAR,,Offloading Point,
BODAL-PADRA - - PUNJAB CHEM & CORP-MOHALI,0,BODAL-PADRA,,Loading Point,
,,PUNJAB CHEM & CORP-MOHALI,,Offloading Point,
BODAL-PADRA - - RADHIKA NANDESARI,0,BODAL-PADRA,,Loading Point,
,,RADHIKA NANDESARI,,Offloading Point,
BODAL-PADRA - - RIL-HAZIRA-SURAT,0,BODAL-PADRA,,Loading Point,
,,RIL-HAZIRA-SURAT,,Offloading Point,
BODAL-PADRA - - ROHAN CHEMICAL KHAMBHAT,0,BODAL-PADRA,,Loading Point,
,,ROHAN CHEMICAL KHAMBHAT,,Offloading Point,
BODAL-PADRA - - ROHAN DYES & INT.- CAMBAY,0,BODAL-PADRA,,Loading Point,
,,ROHAN DYES & INT.- CAMBAY,,Offloading Point,
BODAL-PADRA - - SAIVISION CHEM INDIA-PANOLI,0,BODAL-PADRA,,Loading Point,
,,SAIVISION CHEM INDIA-PANOLI,,Offloading Point,
BODAL-PADRA - - SANJOPIN IND PVT LTD-SAYKHA,0,BODAL-PADRA,,Loading Point,
,,SANJOPIN IND PVT LTD-SAYKHA,,Offloading Point,
BODAL-PADRA - - SARNA CHEMICALS-VAPI,0,BODAL-PADRA,,Loading Point,
,,SARNA CHEMICALS-VAPI,,Offloading Point,
BODAL-PADRA - - SETA CHEMICALS-PANOLI,0,BODAL-PADRA,,Loading Point,
,,SETA CHEMICALS-PANOLI,,Offloading Point,
BODAL-PADRA - - SHITAL CHEMICAL IND-KAMBHAT,0,BODAL-PADRA,,Loading Point,
,,SHITAL CHEMICAL IND-KAMBHAT,,Offloading Point,
BODAL-PADRA - - SHIVA PHARMA CHEM-PADRA,0,BODAL-PADRA,,Loading Point,
,,SHIVA PHARMA CHEM-PADRA,,Offloading Point,
BODAL-PADRA - - SHIVA PHARMACHEM-DAHEJ,0,BODAL-PADRA,,Loading Point,
,,SHIVA PHARMACHEM-DAHEJ,,Offloading Point,
BODAL-PADRA - - SHIVAM PHARMA CHEM-PADRA,0,BODAL-PADRA,,Loading Point,
,,SHIVAM PHARMA CHEM-PADRA,,Offloading Point,
BODAL-PADRA - - SHREE CEMENT LTD-BEAWAR,0,BODAL-PADRA,,Loading Point,
,,SHREE CEMENT LTD-BEAWAR,,Offloading Point,
BODAL-PADRA - - SHREE GANESH CHEM-ANK,0,BODAL-PADRA,,Loading Point,
,,SHREE GANESH CHEM-ANK,,Offloading Point,
BODAL-PADRA - - SHREE GAYATRI CHEM-PANOLI,0,BODAL-PADRA,,Loading Point,
,,SHREE GAYATRI CHEM-PANOLI,,Offloading Point,
BODAL-PADRA - - SHREE PUSHKAR CHEM & FER LTD-LOTE,0,BODAL-PADRA,,Loading Point,
,,SHREE PUSHKAR CHEM & FER LTD-LOTE,,Offloading Point,
BODAL-PADRA - - SPS PROCESSOR-MATHURA,0,BODAL-PADRA,,Loading Point,
,,SPS PROCESSOR-MATHURA,,Offloading Point,
BODAL-PADRA - - SUPERFORM CHEMISTRIES-DAHEJ,0,BODAL-PADRA,,Loading Point,
,,SUPERFORM CHEMISTRIES-DAHEJ,,Offloading Point,
BODAL-PADRA - - SUPRAVENI CHEM-BANGLORE,0,BODAL-PADRA,,Loading Point,
,,SUPRAVENI CHEM-BANGLORE,,Offloading Point,
BODAL-PADRA - - SUVEN FARMA-VISAKHAPATNAM,0,BODAL-PADRA,,Loading Point,
,,SUVEN FARMA-VISAKHAPATNAM,,Offloading Point,
BODAL-PADRA - - TAGROS CHEM INDIA PVT LTD-CUDDALORE,0,BODAL-PADRA,,Loading Point,
,,TAGROS CHEM INDIA PVT LTD-CUDDALORE,,Offloading Point,
BODAL-PADRA - - TAGROS CHEM-DAHEJ,0,BODAL-PADRA,,Loading Point,
,,TAGROS CHEM-DAHEJ,,Offloading Point,
BODAL-PADRA - - TAGROS CHEMICALS-PANOLI-ANK,0,BODAL-PADRA,,Loading Point,
,,TAGROS CHEMICALS-PANOLI-ANK,,Offloading Point,
BODAL-PADRA - - TECHNICHEM ORG-KHAMBAT,0,BODAL-PADRA,,Loading Point,
,,TECHNICHEM ORG-KHAMBAT,,Offloading Point,
BODAL-PADRA - - THERMAX LIMITED -DAHEJ-SEZ,0,BODAL-PADRA,,Loading Point,
,,THERMAX LIMITED -DAHEJ-SEZ,,Offloading Point,
BODAL-PADRA - - TRANSPEK-PADRA,0,BODAL-PADRA,,Loading Point,
,,TRANSPEK-PADRA,,Offloading Point,
BODAL-PADRA - - UPL LIMITED-UNIT-12-DAHEJ,0,BODAL-PADRA,,Loading Point,
,,UPL LIMITED-UNIT-12-DAHEJ,,Offloading Point,
BODAL-PADRA - - UPL LIMITED-VAPI,0,BODAL-PADRA,,Loading Point,
,,UPL LIMITED-VAPI,,Offloading Point,
BODAL-PADRA - - USHANTI COLOUR-VATVA,0,BODAL-PADRA,,Loading Point,
,,USHANTI COLOUR-VATVA,,Offloading Point,
BODAL-PADRA - - VILAYAT PHARMA (DIV COLOUR TEX ),0,BODAL-PADRA,,Loading Point,
,,VILAYAT PHARMA (DIV COLOUR TEX ),,Offloading Point,
BODAL-PADRA - - VINI INDUSTRIES-M.NAGAR,0,BODAL-PADRA,,Loading Point,
,,VINI INDUSTRIES-M.NAGAR,,Offloading Point,
BODAL-PADRA - - WELSPUN INDIA LTD-ANJAR KUTCH,0,BODAL-PADRA,,Loading Point,
,,WELSPUN INDIA LTD-ANJAR KUTCH,,Offloading Point,
BODAL-PADRA - - ZIL ORGANIC PVT-MEGHNAGAR,0,BODAL-PADRA,,Loading Point,
,,ZIL ORGANIC PVT-MEGHNAGAR,,Offloading Point,
BODAL-PADRA - - ZUNEX ENERGY PRODUCTS LLP-BURGULA,0,BODAL-PADRA,,Loading Point,
,,ZUNEX ENERGY PRODUCTS LLP-BURGULA,,Offloading Point,
BODAL-PADRA - A TO Z SHEET/CHOKSI HERAEUS-UDAIPUR - BODAL CHEMICALS LTD-VIII,0,BODAL-PADRA,,Loading Point,
,,BODAL CHEMICALS LTD-VIII,,Offloading Point,
"BODAL-PADRA - A ONE CHEM,ANKLESHWAR - AROMATIC ALLED & ORG.P.LTD-BHIWADI",0,BODAL-PADRA,,Loading Point,
,,AROMATIC ALLED & ORG.P.LTD-BHIWADI,,Offloading Point,
BODAL-PADRA - A.P.L. BHUJ - A.P.L. BHUJ,0,BODAL-PADRA,,Loading Point,
,,A.P.L. BHUJ,,Offloading Point,
BODAL-PADRA - A.P.L. BHUJ - GUJ.IND.CHEM.CO.PVT. LTD-KHAMBAT,0,BODAL-PADRA,,Loading Point,
,,GUJ.IND.CHEM.CO.PVT. LTD-KHAMBAT,,Offloading Point,
BODAL-PADRA - A.P.L. BHUJ - SHREE GANESH CHEM-ANK,0,BODAL-PADRA,,Loading Point,
,,SHREE GANESH CHEM-ANK,,Offloading Point,
BODAL-PADRA - AARTISURFACT-ANTS-SILVASSA - SHIVA PHARMACHEM-DAHEJ,0,BODAL-PADRA,,Loading Point,
,,SHIVA PHARMACHEM-DAHEJ,,Offloading Point,
BODAL-PADRA - ACETOCHEM-SURAT - BODAL CHEM-UNIT-III,0,BODAL-PADRA,,Loading Point,
,,BODAL CHEM-UNIT-III,,Offloading Point,
BRAVIM CHEM-DHANBAD - - INDIAN OIL CORP LTD-SINGRAULI,0,BRAVIM CHEM-DHANBAD,,Loading Point,
,,INDIAN OIL CORP LTD-SINGRAULI,,Offloading Point,
BUDGE BUDGE REFINERIES-KOLKATA - - HALDIRAM FOODS INT-NAGPUR,0,BUDGE BUDGE REFINERIES-KOLKATA,,Loading Point,
,,HALDIRAM FOODS INT-NAGPUR,,Offloading Point,
CHAITANYA SOLVEX-(C.G) - - FAIRCHEM ORG LTD-AMD,0,CHAITANYA SOLVEX-(C.G),,Loading Point,
,,FAIRCHEM ORG LTD-AMD,,Offloading Point,
CHAITANYA SOLVEX-(C.G) - - PITAMBARI PRODUCT-DAPOLI (M.H.),0,CHAITANYA SOLVEX-(C.G),,Loading Point,
,,PITAMBARI PRODUCT-DAPOLI (M.H.),,Offloading Point,
CHAITANYA SOLVEX-(C.G) - - PITAMBARI PRODUCTS-VADODARA,0,CHAITANYA SOLVEX-(C.G),,Loading Point,
,,PITAMBARI PRODUCTS-VADODARA,,Offloading Point,
CHEMICAL ENTERPRISES-AKALTARA - - CRG IND.PVT.LTD-ROURKELA,0,CHEMICAL ENTERPRISES-AKALTARA,,Loading Point,
,,CRG IND.PVT.LTD-ROURKELA,,Offloading Point,
CHEMICAL ENTERPRISES-AKALTARA - - CRG INDUSTRIES PVT. LTD-ROURKELA,0,CHEMICAL ENTERPRISES-AKALTARA,,Loading Point,
,,CRG INDUSTRIES PVT. LTD-ROURKELA,,Offloading Point,
CHEMICAL ENTERPRISES-AKALTARA - - HETERO LABS LTD-VISAKAPATNAM,0,CHEMICAL ENTERPRISES-AKALTARA,,Loading Point,
,,HETERO LABS LTD-VISAKAPATNAM,,Offloading Point,
CHEMICAL ENTERPRISES-AKALTARA - - IDEAL IND-TELANGANA,0,CHEMICAL ENTERPRISES-AKALTARA,,Loading Point,
,,IDEAL IND-TELANGANA,,Offloading Point,
CHEMICAL ENTERPRISES-AKALTARA - - IDL-EXPLOSIVE LTD-TELANGANA,0,CHEMICAL ENTERPRISES-AKALTARA,,Loading Point,
,,IDL-EXPLOSIVE LTD-TELANGANA,,Offloading Point,
CHEMICAL ENTERPRISES-AKALTARA - - INDO GULF IND LTD-BABINA-JHANSI(UP),0,CHEMICAL ENTERPRISES-AKALTARA,,Loading Point,
,,INDO GULF IND LTD-BABINA-JHANSI(UP),,Offloading Point,
CHEMICAL ENTERPRISES-AKALTARA - - NAGPUR,0,CHEMICAL ENTERPRISES-AKALTARA,,Loading Point,
,,NAGPUR,,Offloading Point,
CHEMICAL ENTERPRISES-AKALTARA - - NAVBHARAT EXPLOSIVE-RAIGARH,0,CHEMICAL ENTERPRISES-AKALTARA,,Loading Point,
,,NAVBHARAT EXPLOSIVE-RAIGARH,,Offloading Point,
CHEMICAL ENTERPRISES-AKALTARA - - NAVBHARAT EXPLOSIVE-RAIPUR,0,CHEMICAL ENTERPRISES-AKALTARA,,Loading Point,
,,NAVBHARAT EXPLOSIVE-RAIPUR,,Offloading Point,
CHEMICAL ENTERPRISES-AKALTARA - - PRAGATI CHEM IND-KORBA(C.G),0,CHEMICAL ENTERPRISES-AKALTARA,,Loading Point,
,,PRAGATI CHEM IND-KORBA(C.G),,Offloading Point,
CHEMICAL ENTERPRISES-AKALTARA - - RAJASTAN EXPOLSIVES & CHEMICAL LTD-DHOLPUR,0,CHEMICAL ENTERPRISES-AKALTARA,,Loading Point,
,,RAJASTAN EXPOLSIVES & CHEMICAL LTD-DHOLPUR,,Offloading Point,
CHEMICAL ENTERPRISES-AKALTARA - - RAJNANDGAON-CG,0,CHEMICAL ENTERPRISES-AKALTARA,,Loading Point,
,,RAJNANDGAON-CG,,Offloading Point,
CHEMICAL ENTERPRISES-AKALTARA - - RAMAGUNDAM-III-TELANGANA,0,CHEMICAL ENTERPRISES-AKALTARA,,Loading Point,
,,RAMAGUNDAM-III-TELANGANA,,Offloading Point,
CHEMICAL ENTERPRISES-AKALTARA - - RASAYAN UDYOG-DHANBAD,0,CHEMICAL ENTERPRISES-AKALTARA,,Loading Point,
,,RASAYAN UDYOG-DHANBAD,,Offloading Point,
CHEMICAL ENTERPRISES-AKALTARA - - SMS SUPPORT PLANT MANAGURU-TELANGANA,0,CHEMICAL ENTERPRISES-AKALTARA,,Loading Point,
,,SMS SUPPORT PLANT MANAGURU-TELANGANA,,Offloading Point,
CHEMICAL ENTERPRISES-AKALTARA - - SPECIAL BLASTS-RAIGARH,0,CHEMICAL ENTERPRISES-AKALTARA,,Loading Point,
,,SPECIAL BLASTS-RAIGARH,,Offloading Point,
CHEMICAL ENTERPRISES-AKALTARA - - TELANGANA,0,CHEMICAL ENTERPRISES-AKALTARA,,Loading Point,
,,TELANGANA,,Offloading Point,
CHEMICAL ENTERPRISES-AKALTARA - - THE DY GENERAL MANAGER (E&M)-MANAGURU,0,CHEMICAL ENTERPRISES-AKALTARA,,Loading Point,
,,THE DY GENERAL MANAGER (E&M)-MANAGURU,,Offloading Point,
CHEMICAL ENTERPRISES-AKALTARA - - D.F.P.C.L.-DAHEJ,0,CHEMICAL ENTERPRISES-AKALTARA,,Loading Point,
,,D.F.P.C.L.-DAHEJ,,Offloading Point,
CHEMIE ORG.JHAGADIA - - SHREE PUSHKAR PHOS CHEM-UDAIPUR,0,CHEMIE ORG.JHAGADIA,,Loading Point,
,,SHREE PUSHKAR PHOS CHEM-UDAIPUR,,Offloading Point,
CHEMIE ORG.JHAGADIA - - UDAIPUR UNIT,0,CHEMIE ORG.JHAGADIA,,Loading Point,
,,UDAIPUR UNIT,,Offloading Point,
CHEMTRADE GLOBAL-G.DHAM - - AROMATICS INDIA PVT LTD-UDAIPUR,0,CHEMTRADE GLOBAL-G.DHAM,,Loading Point,
,,AROMATICS INDIA PVT LTD-UDAIPUR,,Offloading Point,
CHIRAJ ORGANIC-VAPI - - PANOLI INTERMEDIATES-JHAGADIA,0,CHIRAJ ORGANIC-VAPI,,Loading Point,
,,PANOLI INTERMEDIATES-JHAGADIA,,Offloading Point,
CHLORITECH INDUSTRIES-NANDESAR - - HOPL MANJUSAR,0,CHLORITECH INDUSTRIES-NANDESAR,,Loading Point,
,,HOPL MANJUSAR,,Offloading Point,
CHLORITECH INDUSTRIES-NANDESAR - - HOPL-NANDESARI,0,CHLORITECH INDUSTRIES-NANDESAR,,Loading Point,
,,HOPL-NANDESARI,,Offloading Point,
CHLORITECH INDUSTRIES-NANDESAR - - SRF LTD BHIWADI,0,CHLORITECH INDUSTRIES-NANDESAR,,Loading Point,
,,SRF LTD BHIWADI,,Offloading Point,
CHLORITECH INDUSTRIES-NANDESAR - - SRF-DAHEJ,0,CHLORITECH INDUSTRIES-NANDESAR,,Loading Point,
,,SRF-DAHEJ,,Offloading Point,
CHOUDHARY INDUSTRIES-JAIPUR - - RASAYAN UDYOG-DHANBAD,0,CHOUDHARY INDUSTRIES-JAIPUR,,Loading Point,
,,RASAYAN UDYOG-DHANBAD,,Offloading Point,
CIL -NANDESARI - - BIRLA-DAHEJ,0,CIL -NANDESARI,,Loading Point,
,,BIRLA-DAHEJ,,Offloading Point,
CIL -NANDESARI - - CIL -NANDESARI,0,CIL -NANDESARI,,Loading Point,
,,CIL -NANDESARI,,Offloading Point,
"CIL -NANDESARI - - DEEPAK NIT, NANDESARI",0,CIL -NANDESARI,,Loading Point,
,,"DEEPAK NIT, NANDESARI",,Offloading Point,
CIL-DAHEJ - - MANI ZINC COMPANY-UDAIPUR,0,CIL-DAHEJ,,Loading Point,
,,MANI ZINC COMPANY-UDAIPUR,,Offloading Point,
CIL-PALI (M.H.) - - RASAYAN UDYOG-SINGRAULI,0,CIL-PALI (M.H.),,Loading Point,
,,RASAYAN UDYOG-SINGRAULI,,Offloading Point,
CIL-UDAIPUR - - RASAYAN UDYOG-SINGRAULI,0,CIL-UDAIPUR,,Loading Point,
,,RASAYAN UDYOG-SINGRAULI,,Offloading Point,
D.C.M.-JHAGADIA - - AKSHAR CHEM INDIA-MEHSANA,0,D.C.M.-JHAGADIA,,Loading Point,
,,AKSHAR CHEM INDIA-MEHSANA,,Offloading Point,
D.C.M.-JHAGADIA - - BALOTRA,0,D.C.M.-JHAGADIA,,Loading Point,
,,BALOTRA,,Offloading Point,
D.C.M.-JHAGADIA - - SELF,0,D.C.M.-JHAGADIA,,Loading Point,
,,SELF,,Offloading Point,
D.C.M.-JHAGADIA - - SHREE PUSHKAR CHEM & FER LTD-LOTE,0,D.C.M.-JHAGADIA,,Loading Point,
,,SHREE PUSHKAR CHEM & FER LTD-LOTE,,Offloading Point,
D.F.P.C.L.-DAHEJ - - A TO Z CHEMICALS-VAPI,0,D.F.P.C.L.-DAHEJ,,Loading Point,
,,A TO Z CHEMICALS-VAPI,,Offloading Point,
D.F.P.C.L.-DAHEJ - - AADHYA SHAKTI CHEMS-ANK,0,D.F.P.C.L.-DAHEJ,,Loading Point,
,,AADHYA SHAKTI CHEMS-ANK,,Offloading Point,
D.F.P.C.L.-DAHEJ - - AADHYA SHAKTI CHEMS-SURAT,0,D.F.P.C.L.-DAHEJ,,Loading Point,
,,AADHYA SHAKTI CHEMS-SURAT,,Offloading Point,
D.F.P.C.L.-DAHEJ - - AANJANEY ENT-ALIGARH,0,D.F.P.C.L.-DAHEJ,,Loading Point,
,,AANJANEY ENT-ALIGARH,,Offloading Point,
D.F.P.C.L.-DAHEJ - - AAP CHEM-SAYAKHA-BHARUCH,0,D.F.P.C.L.-DAHEJ,,Loading Point,
,,AAP CHEM-SAYAKHA-BHARUCH,,Offloading Point,
D.F.P.C.L.-DAHEJ - - AAP CHEM-UP,0,D.F.P.C.L.-DAHEJ,,Loading Point,
,,AAP CHEM-UP,,Offloading Point,
D.F.P.C.L.-DAHEJ - - ABHIDEEP CHEMICALS-CHNDRAPUR,0,D.F.P.C.L.-DAHEJ,,Loading Point,
,,ABHIDEEP CHEMICALS-CHNDRAPUR,,Offloading Point,
D.F.P.C.L.-DAHEJ - - ABHISHEK ACID & CHEM-BHILWARA,0,D.F.P.C.L.-DAHEJ,,Loading Point,
,,ABHISHEK ACID & CHEM-BHILWARA,,Offloading Point,
D.F.P.C.L.-DAHEJ - - ACETOCHEM-SURAT,0,D.F.P.C.L.-DAHEJ,,Loading Point,
,,ACETOCHEM-SURAT,,Offloading Point,
D.F.P.C.L.-DAHEJ - - ADV.TEST LABORATORY-RAIGAD,0,D.F.P.C.L.-DAHEJ,,Loading Point,
,,ADV.TEST LABORATORY-RAIGAD,,Offloading Point,
D.F.P.C.L.-DAHEJ - - AGRAWAL ACID & CHEMICALS-JAIPUR,0,D.F.P.C.L.-DAHEJ,,Loading Point,
,,AGRAWAL ACID & CHEMICALS-JAIPUR,,Offloading Point,
D.F.P.C.L.-DAHEJ - - AHMEDABAD,0,D.F.P.C.L.-DAHEJ,,Loading Point,
,,KEMIT CHEMICALS PVT LTD-AHMEDABAD,,Offloading Point,
D.F.P.C.L.-DAHEJ - - AKS-EXPO CHEM-DEJURI(W.B),0,D.F.P.C.L.-DAHEJ,,Loading Point,
,,AKS-EXPO CHEM-DEJURI(W.B),,Offloading Point,
D.F.P.C.L.-DAHEJ - - AKSHAR CHEM INDIA-MEHSANA,0,D.F.P.C.L.-DAHEJ,,Loading Point,
,,AKSHAR CHEM INDIA-MEHSANA,,Offloading Point,
D.F.P.C.L.-DAHEJ - - AKSHAY CHEMICALS-ANK,0,D.F.P.C.L.-DAHEJ,,Loading Point,
,,AKSHAY CHEMICALS-ANK,,Offloading Point,
D.F.P.C.L.-DAHEJ - - ANAND,0,D.F.P.C.L.-DAHEJ,,Loading Point,
,,ANAND,,Offloading Point,
D.F.P.C.L.-DAHEJ - - ANJALI ENTERPRISES-ALIGARH,0,D.F.P.C.L.-DAHEJ,,Loading Point,
,,ANJALI ENTERPRISES-ALIGARH,,Offloading Point,
D.F.P.C.L.-DAHEJ - - ANKLESHWAR,0,D.F.P.C.L.-DAHEJ,,Loading Point,
,,ANKLESHWAR,,Offloading Point,
D.F.P.C.L.-DAHEJ - - ANUPAM COLOURS & CHEM. IND-VAPI,0,D.F.P.C.L.-DAHEJ,,Loading Point,
,,ANUPAM COLOURS & CHEM. IND-VAPI,,Offloading Point,
D.F.P.C.L.-DAHEJ - - ARAVALI CHEMICAL-ALWAR,0,D.F.P.C.L.-DAHEJ,,Loading Point,
,,ARAVALI CHEMICAL-ALWAR,,Offloading Point,
D.F.P.C.L.-DAHEJ - - ASHU ORGANICS-DAHEJ,0,D.F.P.C.L.-DAHEJ,,Loading Point,
,,ASHU ORGANICS-DAHEJ,,Offloading Point,
D.F.P.C.L.-DAHEJ - - ASIAN CHEMICALS-JODHPUR,0,D.F.P.C.L.-DAHEJ,,Loading Point,
,,ASIAN CHEMICALS-JODHPUR,,Offloading Point,
D.F.P.C.L.-DAHEJ - - AT D.F.P.C.LTD LOADING POINT,0,D.F.P.C.L.-DAHEJ,,Loading Point,
,,AT D.F.P.C.LTD LOADING POINT,,Offloading Point,
D.F.P.C.L.-DAHEJ - - BADINA,0,D.F.P.C.L.-DAHEJ,,Loading Point,
,,BADINA,,Offloading Point,
D.F.P.C.L.-DAHEJ - - BASUDEV ENT-ALIGARH,0,D.F.P.C.L.-DAHEJ,,Loading Point,
,,BASUDEV ENT-ALIGARH,,Offloading Point,
D.F.P.C.L.-DAHEJ - - BHAGERIA IND LIMITED-TARAPUR,0,D.F.P.C.L.-DAHEJ,,Loading Point,
,,BHAGERIA IND LIMITED-TARAPUR,,Offloading Point,
D.F.P.C.L.-DAHEJ - - BHILWARA.,0,D.F.P.C.L.-DAHEJ,,Loading Point,
,,BHILWARA.,,Offloading Point,
D.F.P.C.L.-DAHEJ - - BINDWASHNI CHEM-HOWRAH,0,D.F.P.C.L.-DAHEJ,,Loading Point,
,,BINDWASHNI CHEM-HOWRAH,,Offloading Point,
D.F.P.C.L.-DAHEJ - - BLACK DIAMOND EXP-BARABANI(W/B),0,D.F.P.C.L.-DAHEJ,,Loading Point,
,,BLACK DIAMOND EXP-BARABANI(W/B),,Offloading Point,
D.F.P.C.L.-DAHEJ - - BODAL CHEMICAL LTD-SAYKHA,0,D.F.P.C.L.-DAHEJ,,Loading Point,
,,BODAL CHEMICAL LTD-SAYKHA,,Offloading Point,
D.F.P.C.L.-DAHEJ - - BODAL-PADRA,0,D.F.P.C.L.-DAHEJ,,Loading Point,
,,BODAL-PADRA,,Offloading Point,
D.F.P.C.L.-DAHEJ - - BRAVIM CHEM-DHANBAD,0,D.F.P.C.L.-DAHEJ,,Loading Point,
,,BRAVIM CHEM-DHANBAD,,Offloading Point,
D.F.P.C.L.-DAHEJ - - CHAMBAL FER & CHEM.LTD-KOTA,0,D.F.P.C.L.-DAHEJ,,Loading Point,
,,CHAMBAL FER & CHEM.LTD-KOTA,,Offloading Point,
D.F.P.C.L.-DAHEJ - - CHANDAN STEEL LTD-UMBERGAON,0,D.F.P.C.L.-DAHEJ,,Loading Point,
,,CHANDAN STEEL LTD-UMBERGAON,,Offloading Point,
D.F.P.C.L.-DAHEJ - - CHANDAN STEEL LTD-VAPI,0,D.F.P.C.L.-DAHEJ,,Loading Point,
,,CHANDAN STEEL LTD-VAPI,,Offloading Point,
D.F.P.C.L.-DAHEJ - - CHEMICAL ENTERPRISES-AKALTARA,0,D.F.P.C.L.-DAHEJ,,Loading Point,
,,CHEMICAL ENTERPRISES-AKALTARA,,Offloading Point,
"D.F.P.C.L.-DAHEJ - - CHEMICAL UDYOG,ROURKELA",0,D.F.P.C.L.-DAHEJ,,Loading Point,
,,"CHEMICAL UDYOG,ROURKELA",,Offloading Point,
D.F.P.C.L.-DAHEJ - - COLOUR CHROMES PVT LTD-JAUNPUR,0,D.F.P.C.L.-DAHEJ,,Loading Point,
,,COLOUR CHROMES PVT LTD-JAUNPUR,,Offloading Point,
D.F.P.C.L.-DAHEJ - - CRG IND.PVT.LTD-ROURKELA,0,D.F.P.C.L.-DAHEJ,,Loading Point,
,,CRG IND.PVT.LTD-ROURKELA,,Offloading Point,
D.F.P.C.L.-DAHEJ - - D.F.P.C.L.-DAHEJ,0,D.F.P.C.L.-DAHEJ,,Loading Point,
,,D.F.P.C.L.-DAHEJ,,Offloading Point,
D.F.P.C.L.-DAHEJ - - D.F.P.C.L.-TALOJA,0,D.F.P.C.L.-DAHEJ,,Loading Point,
,,D.F.P.C.L.-TALOJA,,Offloading Point,
D.F.P.C.L.-DAHEJ - - DAHEJ,0,D.F.P.C.L.-DAHEJ,,Loading Point,
,,DAHEJ,,Offloading Point,
D.F.P.C.L.-DAHEJ - - DAMODAR IND LTD-AMARAVATI,0,D.F.P.C.L.-DAHEJ,,Loading Point,
,,DAMODAR IND LTD-AMARAVATI,,Offloading Point,
D.F.P.C.L.-DAHEJ - - DAMODAR IND LTD-AMRAVATI,0,D.F.P.C.L.-DAHEJ,,Loading Point,
,,DAMODAR IND LTD-AMARAVATI,,Offloading Point,
D.F.P.C.L.-DAHEJ - - DAS AGRI FOOD PRODUCTS (U.P.),0,D.F.P.C.L.-DAHEJ,,Loading Point,
,,DAS AGRI FOOD PRODUCTS-ALIGARH (U.P.),,Offloading Point,
D.F.P.C.L.-DAHEJ - - DEEPAK CHEM TECH-NANDESARI,0,D.F.P.C.L.-DAHEJ,,Loading Point,
,,DEEPAK CHEM TECH-NANDESARI,,Offloading Point,
"D.F.P.C.L.-DAHEJ - - DEEPAK NIT, NANDESARI",0,D.F.P.C.L.-DAHEJ,,Loading Point,
,,"DEEPAK NIT, NANDESARI",,Offloading Point,
D.F.P.C.L.-DAHEJ - - DEEPAK NITRITE LTD-ROHA(M.H),0,D.F.P.C.L.-DAHEJ,,Loading Point,
,,DEEPAK NITRITE LTD-ROHA(M.H),,Offloading Point,
D.F.P.C.L.-DAHEJ - - DEVA ACID & CHEMICAL-TARAPUR,0,D.F.P.C.L.-DAHEJ,,Loading Point,
,,DEVA ACID & CHEMICAL-TARAPUR,,Offloading Point,
D.F.P.C.L.-DAHEJ - - DHARMANANDAN FINE CHEM-MORBI,0,D.F.P.C.L.-DAHEJ,,Loading Point,
,,DHARMANANDAN FINE CHEM-MORBI,,Offloading Point,
D.F.P.C.L.-DAHEJ - - DHOLPUR-RAJ,0,D.F.P.C.L.-DAHEJ,,Loading Point,
,,DHOLPUR-RAJ,,Offloading Point,
D.F.P.C.L.-DAHEJ - - EVEREST ORG LTD-SANGAREDDY,0,D.F.P.C.L.-DAHEJ,,Loading Point,
,,EVEREST ORG LTD-SANGAREDDY,,Offloading Point,
D.F.P.C.L.-DAHEJ - - FABRIC-BANGALORE,0,D.F.P.C.L.-DAHEJ,,Loading Point,
,,FABRIC-BANGALORE,,Offloading Point,
D.F.P.C.L.-DAHEJ - - GANESHKRUPA CHEM-VALSAD,0,D.F.P.C.L.-DAHEJ,,Loading Point,
,,GANESHKRUPA CHEM-VALSAD,,Offloading Point,
D.F.P.C.L.-DAHEJ - - GOYAL ENTERPRISE-ALIGARH,0,D.F.P.C.L.-DAHEJ,,Loading Point,
,,GOYAL ENTERPRISE-ALIGARH,,Offloading Point,
D.F.P.C.L.-DAHEJ - - GSP CROP SCIENCE-NANDESARI,0,D.F.P.C.L.-DAHEJ,,Loading Point,
,,GSP CROP SCIENCE-NANDESARI,,Offloading Point,
D.F.P.C.L.-DAHEJ - - HERANBA ORGANIC PVT-SAYKHA,0,D.F.P.C.L.-DAHEJ,,Loading Point,
,,HERANBA ORGANIC PVT-SAYKHA,,Offloading Point,
D.F.P.C.L.-DAHEJ - - HIND CHEMICALS-MUMBAI,0,D.F.P.C.L.-DAHEJ,,Loading Point,
,,HIND CHEMICALS-MUMBAI,,Offloading Point,
D.F.P.C.L.-DAHEJ - - HOPL MANJUSAR,0,D.F.P.C.L.-DAHEJ,,Loading Point,
,,HOPL MANJUSAR,,Offloading Point,
D.F.P.C.L.-DAHEJ - - INDIAN ACID & CHEMICALS-HISAR,0,D.F.P.C.L.-DAHEJ,,Loading Point,
,,INDIAN ACID & CHEMICALS-HISAR,,Offloading Point,
D.F.P.C.L.-DAHEJ - - INDO GULF IND LTD-BABINA-JHANSI(UP),0,D.F.P.C.L.-DAHEJ,,Loading Point,
,,INDO GULF IND LTD-BABINA-JHANSI(UP),,Offloading Point,
D.F.P.C.L.-DAHEJ - - ISLAND VEERCHMIE-BOLLARAM,0,D.F.P.C.L.-DAHEJ,,Loading Point,
,,ISLAND VEERCHMIE-BOLLARAM,,Offloading Point,
D.F.P.C.L.-DAHEJ - - J.H.INTERCHEM-VAPI,0,D.F.P.C.L.-DAHEJ,,Loading Point,
,,J.H.INTERCHEM-VAPI,,Offloading Point,
D.F.P.C.L.-DAHEJ - - J.P. CHEMICALS $ PHARMA-SARIGAM,0,D.F.P.C.L.-DAHEJ,,Loading Point,
,,J.P. CHEMICALS $ PHARMA-SARIGAM,,Offloading Point,
D.F.P.C.L.-DAHEJ - - JAY CHEMICAL WORKS-KANPUR,0,D.F.P.C.L.-DAHEJ,,Loading Point,
,,JAY CHEMICAL WORKS-KANPUR,,Offloading Point,
D.F.P.C.L.-DAHEJ - - JAYASHREE CHEM-TRUCHRAPPALLI,0,D.F.P.C.L.-DAHEJ,,Loading Point,
,,JAYASHREE CHEM-TRUCHRAPPALLI,,Offloading Point,
D.F.P.C.L.-DAHEJ - - JAYSHREE CHEM-TRUCHRAPPALLI,0,D.F.P.C.L.-DAHEJ,,Loading Point,
,,JAYSHREE CHEM-TRUCHRAPPALLI,,Offloading Point,
D.F.P.C.L.-DAHEJ - - JHAGADIA,0,D.F.P.C.L.-DAHEJ,,Loading Point,
,,JHAGADIA,,Offloading Point,
D.F.P.C.L.-DAHEJ - - JHONPURA,0,D.F.P.C.L.-DAHEJ,,Loading Point,
,,JHONPURA,,Offloading Point,
"D.F.P.C.L.-DAHEJ - - JINDAL ST.STEEL-JAJPUR,ORISSA",0,D.F.P.C.L.-DAHEJ,,Loading Point,
,,"JINDAL ST.STEEL-JAJPUR,ORISSA",,Offloading Point,
D.F.P.C.L.-DAHEJ - - JOGNIYA EXPLOSIVES-BHILWARA,0,D.F.P.C.L.-DAHEJ,,Loading Point,
,,JOGNIYA EXPLOSIVES-BHILWARA,,Offloading Point,
D.F.P.C.L.-DAHEJ - - JOHRI GEMS-KOTA,0,D.F.P.C.L.-DAHEJ,,Loading Point,
,,JOHRI GEMS-KOTA,,Offloading Point,
D.F.P.C.L.-DAHEJ - - KABIRDHAM,0,D.F.P.C.L.-DAHEJ,,Loading Point,
,,KABIRDHAM,,Offloading Point,
D.F.P.C.L.-DAHEJ - - KAILASH GROUP OF IND.SASNI-U.P,0,D.F.P.C.L.-DAHEJ,,Loading Point,
,,KAILASH GROUP OF IND.SASNI-U.P,,Offloading Point,
D.F.P.C.L.-DAHEJ - - KAKADIYA CHEM-ANK,0,D.F.P.C.L.-DAHEJ,,Loading Point,
,,KAKADIYA CHEM-ANK,,Offloading Point,
D.F.P.C.L.-DAHEJ - - KANPUR,0,D.F.P.C.L.-DAHEJ,,Loading Point,
,,KANPUR,,Offloading Point,
D.F.P.C.L.-DAHEJ - - KASTURCHAND FER.PVT LTD-WADASA(M.H),0,D.F.P.C.L.-DAHEJ,,Loading Point,
,,KASTURCHAND FER.PVT LTD-WADASA(M.H),,Offloading Point,
D.F.P.C.L.-DAHEJ - - KCIL-GANDHAIDHAM,0,D.F.P.C.L.-DAHEJ,,Loading Point,
,,KCIL-GANDHAIDHAM,,Offloading Point,
D.F.P.C.L.-DAHEJ - - KREDENCE PERFORMANCE MATERIALS(I)P. LTD-VADODARA,0,D.F.P.C.L.-DAHEJ,,Loading Point,
,,KREDENCE PERFORMANCE MATERIALS(I)P. LTD-VADODARA,,Offloading Point,
D.F.P.C.L.-DAHEJ - - KRISHNA CHEMICALS-WAIDHAN-M.P.,0,D.F.P.C.L.-DAHEJ,,Loading Point,
,,KRISHNA CHEMICALS-WAIDHAN-M.P.,,Offloading Point,
D.F.P.C.L.-DAHEJ - - KRISHNA ORGANICS-RANOLI,0,D.F.P.C.L.-DAHEJ,,Loading Point,
,,KRISHNA ORGANICS-RANOLI,,Offloading Point,
D.F.P.C.L.-DAHEJ - - L.S. CHEMICAL & PHARM-VAPI,0,D.F.P.C.L.-DAHEJ,,Loading Point,
,,L.S. CHEMICAL & PHARM-VAPI,,Offloading Point,
D.F.P.C.L.-DAHEJ - - LANCESS COAT CHEM-MORBI,0,D.F.P.C.L.-DAHEJ,,Loading Point,
,,LANCESS COAT CHEM-MORBI,,Offloading Point,
D.F.P.C.L.-DAHEJ - - LOHITHA LABORATORIES-BALLARI,0,D.F.P.C.L.-DAHEJ,,Loading Point,
,,LOHITHA LABORATORIES-BALLARI,,Offloading Point,
D.F.P.C.L.-DAHEJ - - M D ENTERPRISES-BULANDSHAHR (U.P.),0,D.F.P.C.L.-DAHEJ,,Loading Point,
,,M D ENTERPRISES-BULANDSHAHR (U.P.),,Offloading Point,
D.F.P.C.L.-DAHEJ - - MAHESANA,0,D.F.P.C.L.-DAHEJ,,Loading Point,
,,MAHESANA,,Offloading Point,
D.F.P.C.L.-DAHEJ - - MAHESHWARI ENTERPRISE-ALIGARH,0,D.F.P.C.L.-DAHEJ,,Loading Point,
,,MAHESHWARI ENTERPRISE-ALIGARH,,Offloading Point,
D.F.P.C.L.-DAHEJ - - MEGHNA COLOUR CHEM-VAPI,0,D.F.P.C.L.-DAHEJ,,Loading Point,
,,MEGHNA COLOUR CHEM-VAPI,,Offloading Point,
D.F.P.C.L.-DAHEJ - - METMIN COMMTRADE PVT-DHANBAD,0,D.F.P.C.L.-DAHEJ,,Loading Point,
,,METMIN COMMTRADE PVT-DHANBAD,,Offloading Point,
D.F.P.C.L.-DAHEJ - - METROCHEM API-SANGAREDDY,0,D.F.P.C.L.-DAHEJ,,Loading Point,
,,METROCHEM API-SANGAREDDY,,Offloading Point,
D.F.P.C.L.-DAHEJ - - METROPOLITAN EXIM-DOMBIVLI,0,D.F.P.C.L.-DAHEJ,,Loading Point,
,,METROPOLITAN EXIM-DOMBIVLI,,Offloading Point,
D.F.P.C.L.-DAHEJ - - MEWAR CHEM TECH UDAIPUR,0,D.F.P.C.L.-DAHEJ,,Loading Point,
,,MEWAR CHEM TECH UDAIPUR,,Offloading Point,
D.F.P.C.L.-DAHEJ - - MICAS ORG.LTD-II-VAPI,0,D.F.P.C.L.-DAHEJ,,Loading Point,
,,MICAS ORG.LTD-II-VAPI,,Offloading Point,
D.F.P.C.L.-DAHEJ - - MITTAL CHEM-JALESAR,0,D.F.P.C.L.-DAHEJ,,Loading Point,
,,MITTAL CHEM-JALESAR,,Offloading Point,
D.F.P.C.L.-DAHEJ - - MOTHER DAIRY FRUTI & VEG-JUNAGADH,0,D.F.P.C.L.-DAHEJ,,Loading Point,
,,MOTHER DAIRY FRUTI & VEG-JUNAGADH,,Offloading Point,
D.F.P.C.L.-DAHEJ - - NATH IND. CHEMICAL LTD-VAPI,0,D.F.P.C.L.-DAHEJ,,Loading Point,
,,NATH IND. CHEMICAL LTD-VAPI,,Offloading Point,
D.F.P.C.L.-DAHEJ - - NAVBHARAT EXPLOSIVES-RAIPUR,0,D.F.P.C.L.-DAHEJ,,Loading Point,
,,NAVBHARAT EXPLOSIVES-RAIPUR,,Offloading Point,
D.F.P.C.L.-DAHEJ - - NAVBHARAT FUSE CO. LTD-RAIPUR,0,D.F.P.C.L.-DAHEJ,,Loading Point,
,,NAVBHARAT FUSE CO. LTD-RAIPUR,,Offloading Point,
D.F.P.C.L.-DAHEJ - - NAVDEEP CHEM PVT LTD-ANK,0,D.F.P.C.L.-DAHEJ,,Loading Point,
,,NAVDEEP CHEM PVT LTD-ANK,,Offloading Point,
D.F.P.C.L.-DAHEJ - - NEW INDIA-NANDESARI,0,D.F.P.C.L.-DAHEJ,,Loading Point,
,,NEW INDIA-NANDESARI,,Offloading Point,
D.F.P.C.L.-DAHEJ - - NICE COMPOUND IND-UDAIPUR,0,D.F.P.C.L.-DAHEJ,,Loading Point,
,,NICE COMPOUND IND-UDAIPUR,,Offloading Point,
D.F.P.C.L.-DAHEJ - - OM NITRATE-WAIDHAN-M.P.,0,D.F.P.C.L.-DAHEJ,,Loading Point,
,,OM NITRATE-WAIDHAN-M.P.,,Offloading Point,
D.F.P.C.L.-DAHEJ - - PALVI DAHEJ,0,D.F.P.C.L.-DAHEJ,,Loading Point,
,,PALVI DAHEJ,,Offloading Point,
"D.F.P.C.L.-DAHEJ - - PANOLI INT , NANDESARI",0,D.F.P.C.L.-DAHEJ,,Loading Point,
,,"PANOLI INT , NANDESARI",,Offloading Point,
D.F.P.C.L.-DAHEJ - - PORWAL INST & CHEMICAL PVT.LTD-UDAIPUR,0,D.F.P.C.L.-DAHEJ,,Loading Point,
,,PORWAL INST & CHEMICAL PVT.LTD-UDAIPUR,,Offloading Point,
D.F.P.C.L.-DAHEJ - - PRABUDHA ENTERPRISES-ALIGARH,0,D.F.P.C.L.-DAHEJ,,Loading Point,
,,PRABUDHA ENTERPRISES-ALIGARH,,Offloading Point,
D.F.P.C.L.-DAHEJ - - PRAGATI CHEM IND-KORBA(C.G),0,D.F.P.C.L.-DAHEJ,,Loading Point,
,,PRAGATI CHEM IND-KORBA(C.G),,Offloading Point,
D.F.P.C.L.-DAHEJ - - PRIMA AGRO IND-MEHSANA,0,D.F.P.C.L.-DAHEJ,,Loading Point,
,,PRIMA AGRO IND-MEHSANA,,Offloading Point,
D.F.P.C.L.-DAHEJ - - PUSHPA CHEMICAL WORK-KOTA,0,D.F.P.C.L.-DAHEJ,,Loading Point,
,,PUSHPA CHEMICAL WORK-KOTA,,Offloading Point,
D.F.P.C.L.-DAHEJ - - R. P. INTERMADIATES-NANDESARI,0,D.F.P.C.L.-DAHEJ,,Loading Point,
,,R. P. INTERMADIATES-NANDESARI,,Offloading Point,
D.F.P.C.L.-DAHEJ - - RAIPUR,0,D.F.P.C.L.-DAHEJ,,Loading Point,
,,RAIPUR,,Offloading Point,
D.F.P.C.L.-DAHEJ - - RAJASTAN EXPOLSIVES & CHEMICAL LTD-DHOLPUR,0,D.F.P.C.L.-DAHEJ,,Loading Point,
,,RAJASTAN EXPOLSIVES & CHEMICAL LTD-DHOLPUR,,Offloading Point,
D.F.P.C.L.-DAHEJ - - RASAYAN UDYOG-DHANBAD,0,D.F.P.C.L.-DAHEJ,,Loading Point,
,,RASAYAN UDYOG-DHANBAD,,Offloading Point,
D.F.P.C.L.-DAHEJ - - RASAYAN UDYOG-SINGRAULI,0,D.F.P.C.L.-DAHEJ,,Loading Point,
,,RASAYAN UDYOG-SINGRAULI,,Offloading Point,
D.F.P.C.L.-DAHEJ - - RAVESHIA COLOURS PVT LTD-VAPI,0,D.F.P.C.L.-DAHEJ,,Loading Point,
,,RAVESHIA COLOURS PVT LTD-VAPI,,Offloading Point,
D.F.P.C.L.-DAHEJ - - RPM INTERNATIONAL-BHILWARA,0,D.F.P.C.L.-DAHEJ,,Loading Point,
,,RPM INTERNATIONAL-BHILWARA,,Offloading Point,
D.F.P.C.L.-DAHEJ - - RUCHI PETRO PLAST-DAHEJ,0,D.F.P.C.L.-DAHEJ,,Loading Point,
,,RUCHI PETRO PLAST-DAHEJ,,Offloading Point,
D.F.P.C.L.-DAHEJ - - S.D. INTERMEDIATES-PADRA,0,D.F.P.C.L.-DAHEJ,,Loading Point,
,,S.D. INTERMEDIATES-PADRA,,Offloading Point,
D.F.P.C.L.-DAHEJ - - S.D.INTERNATIONAL-PADRA-BRD,0,D.F.P.C.L.-DAHEJ,,Loading Point,
,,S.D.INTERNATIONAL-PADRA-BRD,,Offloading Point,
D.F.P.C.L.-DAHEJ - - S.R.LABORATORIES-BHUVANGIRI,0,D.F.P.C.L.-DAHEJ,,Loading Point,
,,S.R.LABORATORIES-BHUVANGIRI,,Offloading Point,
D.F.P.C.L.-DAHEJ - - SAINI CHEMICALS-ANKLESHWAR,0,D.F.P.C.L.-DAHEJ,,Loading Point,
,,SAINI CHEMICALS-ANKLESHWAR,,Offloading Point,
D.F.P.C.L.-DAHEJ - - SAKU ENT-ANKLESHWAR,0,D.F.P.C.L.-DAHEJ,,Loading Point,
,,SAKU ENT-ANKLESHWAR,,Offloading Point,
D.F.P.C.L.-DAHEJ - - SANAND,0,D.F.P.C.L.-DAHEJ,,Loading Point,
,,SANAND,,Offloading Point,
D.F.P.C.L.-DAHEJ - - SCHEELE BRIGHT-ANKLESHWAR,0,D.F.P.C.L.-DAHEJ,,Loading Point,
,,SCHEELE BRIGHT-ANKLESHWAR,,Offloading Point,
D.F.P.C.L.-DAHEJ - - SELF,0,D.F.P.C.L.-DAHEJ,,Loading Point,
,,SELF,,Offloading Point,
D.F.P.C.L.-DAHEJ - - SEUTIC LABS PVT LTD,0,D.F.P.C.L.-DAHEJ,,Loading Point,
,,SEUTIC LABS PVT LTD,,Offloading Point,
D.F.P.C.L.-DAHEJ - - SEUTIC PHARMA PVT LTD-HUMNABAD,0,D.F.P.C.L.-DAHEJ,,Loading Point,
,,SEUTIC PHARMA PVT LTD-HUMNABAD,,Offloading Point,
D.F.P.C.L.-DAHEJ - - SHANTANU CHEMICAL-KABIRDHAM(C.G.),0,D.F.P.C.L.-DAHEJ,,Loading Point,
,,SHANTANU CHEMICAL-KABIRDHAM(C.G.),,Offloading Point,
D.F.P.C.L.-DAHEJ - - SHETH ENTERPRISES-VAPI,0,D.F.P.C.L.-DAHEJ,,Loading Point,
,,SHETH ENTERPRISES-VAPI,,Offloading Point,
D.F.P.C.L.-DAHEJ - - SHIVAM NITRATE PVT LTD.-NAGPUR,0,D.F.P.C.L.-DAHEJ,,Loading Point,
,,SHIVAM NITRATE PVT LTD.-NAGPUR,,Offloading Point,
D.F.P.C.L.-DAHEJ - - SHIVAM PRODUCT-ANK,0,D.F.P.C.L.-DAHEJ,,Loading Point,
,,SHIVAM PRODUCT-ANK,,Offloading Point,
D.F.P.C.L.-DAHEJ - - SHREE ANANDESHWAR ENT-KANPUR,0,D.F.P.C.L.-DAHEJ,,Loading Point,
,,SHREE ANANDESHWAR ENT-KANPUR,,Offloading Point,
D.F.P.C.L.-DAHEJ - - SHREE JAYA LAB-MALKAPUR,0,D.F.P.C.L.-DAHEJ,,Loading Point,
,,SHREE JAYA LAB-MALKAPUR,,Offloading Point,
D.F.P.C.L.-DAHEJ - - SHREE KRISHNA EXPLOSIVE & ACCESS-KORBA,0,D.F.P.C.L.-DAHEJ,,Loading Point,
,,SHREE KRISHNA EXPLOSIVE & ACCESS-KORBA,,Offloading Point,
D.F.P.C.L.-DAHEJ - - SHRI TIRUPATI ENTERPRISES-ALIGARH,0,D.F.P.C.L.-DAHEJ,,Loading Point,
,,SHRI TIRUPATI ENTERPRISES-ALIGARH,,Offloading Point,
D.F.P.C.L.-DAHEJ - - SHRI BALAJI CHEMICALS-HISSAR,0,D.F.P.C.L.-DAHEJ,,Loading Point,
,,SHRI BALAJI CHEMICALS-HISSAR,,Offloading Point,
D.F.P.C.L.-DAHEJ - - SHRI KRISHNA ENJALESAR,0,D.F.P.C.L.-DAHEJ,,Loading Point,
,,SHRI KRISHNA ENJALESAR,,Offloading Point,
D.F.P.C.L.-DAHEJ - - SHRI KRISHNA ENT-ALIGARH,0,D.F.P.C.L.-DAHEJ,,Loading Point,
,,SHRI KRISHNA ENT-ALIGARH,,Offloading Point,
D.F.P.C.L.-DAHEJ - - SHRI KRISHNA ENT-JALESAR,0,D.F.P.C.L.-DAHEJ,,Loading Point,
,,SHRI KRISHNA ENT-JALESAR,,Offloading Point,
D.F.P.C.L.-DAHEJ - - SHRI OM INDU-BULANDSHAHAR U.P,0,D.F.P.C.L.-DAHEJ,,Loading Point,
,,SHRI OM INDU-BULANDSHAHAR U.P,,Offloading Point,
D.F.P.C.L.-DAHEJ - - SINGRUALI,0,D.F.P.C.L.-DAHEJ,,Loading Point,
,,SINGRUALI,,Offloading Point,
D.F.P.C.L.-DAHEJ - - SIYA ENTERPRISES (M.H.),0,D.F.P.C.L.-DAHEJ,,Loading Point,
,,SIYA ENTERPRISES (M.H.),,Offloading Point,
D.F.P.C.L.-DAHEJ - - SKAU ENTERPRISES-ANK,0,D.F.P.C.L.-DAHEJ,,Loading Point,
,,SKAU ENTERPRISES-ANK,,Offloading Point,
D.F.P.C.L.-DAHEJ - - SONA SYNTH.PRODUCTS-VAPI,0,D.F.P.C.L.-DAHEJ,,Loading Point,
,,SONA SYNTH.PRODUCTS-VAPI,,Offloading Point,
D.F.P.C.L.-DAHEJ - - SONA SYNTH/MANGALAM DRUGS-VAPI,0,D.F.P.C.L.-DAHEJ,,Loading Point,
,,SONA SYNTH/MANGALAM DRUGS-VAPI,,Offloading Point,
D.F.P.C.L.-DAHEJ - - SST OFFICE-VADODARA,0,D.F.P.C.L.-DAHEJ,,Loading Point,
,,SST OFFICE-VADODARA,,Offloading Point,
D.F.P.C.L.-DAHEJ - - SST-OFFICE,0,D.F.P.C.L.-DAHEJ,,Loading Point,
,,SST-OFFICE,,Offloading Point,
D.F.P.C.L.-DAHEJ - - STAR OXOCHEM-JHAGADIA,0,D.F.P.C.L.-DAHEJ,,Loading Point,
,,STAR OXOCHEM-JHAGADIA,,Offloading Point,
D.F.P.C.L.-DAHEJ - - SUDARSHAN CHEM-ROHA,0,D.F.P.C.L.-DAHEJ,,Loading Point,
,,SUDARSHAN CHEM-ROHA,,Offloading Point,
D.F.P.C.L.-DAHEJ - - SUKHA CHEMICALS IND UNIT-11-PANOLI,0,D.F.P.C.L.-DAHEJ,,Loading Point,
,,SUKHA CHEMICALS IND UNIT-11-PANOLI,,Offloading Point,
D.F.P.C.L.-DAHEJ - - SUMIT CHEM TEX-JODHPUR,0,D.F.P.C.L.-DAHEJ,,Loading Point,
,,SUMIT CHEM TEX-JODHPUR,,Offloading Point,
D.F.P.C.L.-DAHEJ - - SUN IND PVT LTD-LUDHIANA,0,D.F.P.C.L.-DAHEJ,,Loading Point,
,,SUN IND PVT LTD-LUDHIANA,,Offloading Point,
D.F.P.C.L.-DAHEJ - - SUNIL TRADING-BEAWAR,0,D.F.P.C.L.-DAHEJ,,Loading Point,
,,SUNIL TRADING-BEAWAR,,Offloading Point,
D.F.P.C.L.-DAHEJ - - SUPER ACID & CHEMICAL-DELHI,0,D.F.P.C.L.-DAHEJ,,Loading Point,
,,SUPER ACID & CHEMICAL-DELHI,,Offloading Point,
D.F.P.C.L.-DAHEJ - - SUPERFORM CHEMISTRIES-DAHEJ,0,D.F.P.C.L.-DAHEJ,,Loading Point,
,,SUPERFORM CHEMISTRIES-DAHEJ,,Offloading Point,
D.F.P.C.L.-DAHEJ - - SURAT,0,D.F.P.C.L.-DAHEJ,,Loading Point,
,,SURAT,,Offloading Point,
D.F.P.C.L.-DAHEJ - - SURAT AMMONIA & CHEM-ANK,0,D.F.P.C.L.-DAHEJ,,Loading Point,
,,SURAT AMMONIA & CHEM-ANK,,Offloading Point,
D.F.P.C.L.-DAHEJ - - SWAMI ENT-HATHRAS-U.P,0,D.F.P.C.L.-DAHEJ,,Loading Point,
,,SWAMI ENT-HATHRAS-U.P,,Offloading Point,
D.F.P.C.L.-DAHEJ - - TAG00R LAB. PVT. LTD-MANDAL (A.P.),0,D.F.P.C.L.-DAHEJ,,Loading Point,
,,TAG00R LAB. PVT. LTD-MANDAL (A.P.),,Offloading Point,
D.F.P.C.L.-DAHEJ - - TAGOOR LAB-THALLAPUDI-EAST GODAWARI,0,D.F.P.C.L.-DAHEJ,,Loading Point,
,,TAGOOR LAB-THALLAPUDI-EAST GODAWARI,,Offloading Point,
D.F.P.C.L.-DAHEJ - - TANAY INORGANICS PVT LTD-RAMAGUNDAM,0,D.F.P.C.L.-DAHEJ,,Loading Point,
,,TANAY INORGANICS PVT LTD-RAMAGUNDAM,,Offloading Point,
D.F.P.C.L.-DAHEJ - - TANAY INORGANICS PVT. LTD-NAGPUR,0,D.F.P.C.L.-DAHEJ,,Loading Point,
,,TANAY INORGANICS PVT. LTD-NAGPUR,,Offloading Point,
D.F.P.C.L.-DAHEJ - - TEXCHEME ENTERPRISES-COIMBATORE,0,D.F.P.C.L.-DAHEJ,,Loading Point,
,,TEXCHEME ENTERPRISES-COIMBATORE,,Offloading Point,
D.F.P.C.L.-DAHEJ - - TIRUPATI INDUSTRIES-ALWAR,0,D.F.P.C.L.-DAHEJ,,Loading Point,
,,TIRUPATI INDUSTRIES-ALWAR,,Offloading Point,
D.F.P.C.L.-DAHEJ - - UDAIPUR UNIT,0,D.F.P.C.L.-DAHEJ,,Loading Point,
,,UDAIPUR UNIT,,Offloading Point,
D.F.P.C.L.-DAHEJ - - UMA ENTERPRISES-SASNI (U.P),0,D.F.P.C.L.-DAHEJ,,Loading Point,
,,UMA ENTERPRISES-SASNI (U.P),,Offloading Point,
D.F.P.C.L.-DAHEJ - - UPL LIMITED-VAPI,0,D.F.P.C.L.-DAHEJ,,Loading Point,
,,UPL LIMITED-VAPI,,Offloading Point,
D.F.P.C.L.-DAHEJ - - UPL LTD-JHAGADIA,0,D.F.P.C.L.-DAHEJ,,Loading Point,
,,UPL LTD-JHAGADIA,,Offloading Point,
D.F.P.C.L.-DAHEJ - - VAPI,0,D.F.P.C.L.-DAHEJ,,Loading Point,
,,VAPI,,Offloading Point,
D.F.P.C.L.-DAHEJ - - VAPI PIGMENTS PVT. LTD-VALSAD,0,D.F.P.C.L.-DAHEJ,,Loading Point,
,,VAPI PIGMENTS PVT. LTD-VALSAD,,Offloading Point,
D.F.P.C.L.-DAHEJ - - VARANASI,0,D.F.P.C.L.-DAHEJ,,Loading Point,
,,VARANASI,,Offloading Point,
D.F.P.C.L.-DAHEJ - - VESTRO SOLVENTS PVT LTD,0,D.F.P.C.L.-DAHEJ,,Loading Point,
,,VESTRO SOLVENTS PVT LTD,,Offloading Point,
D.F.P.C.L.-DAHEJ - - VIRAJ PROFILES LTD-II-TARAPUR,0,D.F.P.C.L.-DAHEJ,,Loading Point,
,,VIRAJ PROFILES LTD-II-TARAPUR,,Offloading Point,
D.F.P.C.L.-DAHEJ - - VOXCO PIGMENTS & CHEM-VAPI,0,D.F.P.C.L.-DAHEJ,,Loading Point,
,,VOXCO PIGMENTS & CHEM-VAPI,,Offloading Point,
D.F.P.C.L.-DAHEJ - - WESTERN DRUG LTD-UDAIPUR,0,D.F.P.C.L.-DAHEJ,,Loading Point,
,,WESTERN DRUG LTD-UDAIPUR,,Offloading Point,
D.F.P.C.L.-DAHEJ - - YOGESHWAR-NAROL-A.BAD,0,D.F.P.C.L.-DAHEJ,,Loading Point,
,,YOGESHWAR-NAROL-A.BAD,,Offloading Point,
D.F.P.C.L.-DAHEJ - A TO Z SHEET/CHOKSI HERAEUS-UDAIPUR - CHAMBAL FER & CHEM.LTD-KOTA,0,D.F.P.C.L.-DAHEJ,,Loading Point,
,,CHAMBAL FER & CHEM.LTD-KOTA,,Offloading Point,
D.F.P.C.L.-DAHEJ - A.P.L. BHUJ - RASAYAN UDYOG-DHANBAD,0,D.F.P.C.L.-DAHEJ,,Loading Point,
,,RASAYAN UDYOG-DHANBAD,,Offloading Point,
D.F.P.C.L.-TALOJA - - BODAL CHEMICAL LTD-SAYKHA,0,D.F.P.C.L.-TALOJA,,Loading Point,
,,BODAL CHEMICAL LTD-SAYKHA,,Offloading Point,
D.F.P.C.L.-TALOJA - - CHEMICAL ENTERPRISES-AKALTARA,0,D.F.P.C.L.-TALOJA,,Loading Point,
,,CHEMICAL ENTERPRISES-AKALTARA,,Offloading Point,
"D.F.P.C.L.-TALOJA - - CHEMICAL UDYOG,ROURKELA",0,D.F.P.C.L.-TALOJA,,Loading Point,
,,"CHEMICAL UDYOG,ROURKELA",,Offloading Point,
D.F.P.C.L.-TALOJA - - CRG IND.PVT.LTD-ROURKELA,0,D.F.P.C.L.-TALOJA,,Loading Point,
,,CRG IND.PVT.LTD-ROURKELA,,Offloading Point,
D.F.P.C.L.-TALOJA - - D.F.P.C.L.-DAHEJ,0,D.F.P.C.L.-TALOJA,,Loading Point,
,,D.F.P.C.L.-DAHEJ,,Offloading Point,
"D.F.P.C.L.-TALOJA - - DEEPAK NIT, NANDESARI",0,D.F.P.C.L.-TALOJA,,Loading Point,
,,"DEEPAK NIT, NANDESARI",,Offloading Point,
D.F.P.C.L.-TALOJA - - GHARDA CHEMICALSLTD-LOTE,0,D.F.P.C.L.-TALOJA,,Loading Point,
,,GHARDA CHEMICALSLTD-LOTE,,Offloading Point,
D.F.P.C.L.-TALOJA - - HIND CHEMICALS-MUMBAI,0,D.F.P.C.L.-TALOJA,,Loading Point,
,,HIND CHEMICALS-MUMBAI,,Offloading Point,
D.F.P.C.L.-TALOJA - - KREDENCE PERFORMANCE MATERIALS(I)P. LTD-VADODARA,0,D.F.P.C.L.-TALOJA,,Loading Point,
,,KREDENCE PERFORMANCE MATERIALS(I)P. LTD-VADODARA,,Offloading Point,
D.F.P.C.L.-TALOJA - - NAROTTAMDAS & COM-M.H,0,D.F.P.C.L.-TALOJA,,Loading Point,
,,NAROTTAMDAS & COM-M.H,,Offloading Point,
D.F.P.C.L.-TALOJA - - NAVI MUMBAI-TURBA,0,D.F.P.C.L.-TALOJA,,Loading Point,
,,NAVI MUMBAI-TURBA,,Offloading Point,
"D.F.P.C.L.-TALOJA - - PANOLI INT , NANDESARI",0,D.F.P.C.L.-TALOJA,,Loading Point,
,,"PANOLI INT , NANDESARI",,Offloading Point,
D.F.P.C.L.-TALOJA - - PARISHRAM CHEMICALS-VAPI,0,D.F.P.C.L.-TALOJA,,Loading Point,
,,PARISHRAM CHEMICALS-VAPI,,Offloading Point,
D.F.P.C.L.-TALOJA - - PIGMENTS & CHEMICAL-VAPI,0,D.F.P.C.L.-TALOJA,,Loading Point,
,,PIGMENTS & CHEMICAL-VAPI,,Offloading Point,
D.F.P.C.L.-TALOJA - - PRAGATI CHEM IND-KORBA(C.G),0,D.F.P.C.L.-TALOJA,,Loading Point,
,,PRAGATI CHEM IND-KORBA(C.G),,Offloading Point,
D.F.P.C.L.-TALOJA - - RASAYAN UDYOG-DHANBAD,0,D.F.P.C.L.-TALOJA,,Loading Point,
,,RASAYAN UDYOG-DHANBAD,,Offloading Point,
D.F.P.C.L.-TALOJA - - RASAYAN UDYOG-SINGRAULI,0,D.F.P.C.L.-TALOJA,,Loading Point,
,,RASAYAN UDYOG-SINGRAULI,,Offloading Point,
D.F.P.C.L.-TALOJA - - SAIL-SALEM STEEL-TAMILNADU,0,D.F.P.C.L.-TALOJA,,Loading Point,
,,SAIL-SALEM STEEL-TAMILNADU,,Offloading Point,
D.F.P.C.L.-TALOJA - - SELF,0,D.F.P.C.L.-TALOJA,,Loading Point,
,,SELF,,Offloading Point,
D.F.P.C.L.-TALOJA - - SHIVAM PRODUCT-ANK,0,D.F.P.C.L.-TALOJA,,Loading Point,
,,SHIVAM PRODUCT-ANK,,Offloading Point,
D.F.P.C.L.-TALOJA - - SHREE KRISHNA ENT-ALIGARH,0,D.F.P.C.L.-TALOJA,,Loading Point,
,,SHREE KRISHNA ENT-ALIGARH,,Offloading Point,
D.F.P.C.L.-TALOJA - - SHRI KRISHNA ENT-JALESAR,0,D.F.P.C.L.-TALOJA,,Loading Point,
,,SHRI KRISHNA ENT-JALESAR,,Offloading Point,
D.F.P.C.L.-TALOJA - - SUDARSHAN CHEM-ROHA,0,D.F.P.C.L.-TALOJA,,Loading Point,
,,SUDARSHAN CHEM-ROHA,,Offloading Point,
D.F.P.C.L.-TALOJA - - SUPER ACID & CHEMICALS-WEST DELHI,0,D.F.P.C.L.-TALOJA,,Loading Point,
,,SUPER ACID & CHEMICALS-WEST DELHI,,Offloading Point,
D.F.P.C.L.-TALOJA - - TANAY INORGANICS PVT LTD-RAMAGUNDAM,0,D.F.P.C.L.-TALOJA,,Loading Point,
,,TANAY INORGANICS PVT LTD-RAMAGUNDAM,,Offloading Point,
D.F.P.C.L.-TALOJA - - TANAY INORGANICS PVT. LTD-NAGPUR,0,D.F.P.C.L.-TALOJA,,Loading Point,
,,TANAY INORGANICS PVT. LTD-NAGPUR,,Offloading Point,
D.F.P.C.L.-TALOJA - - UDAIPUR UNIT,0,D.F.P.C.L.-TALOJA,,Loading Point,
,,UDAIPUR UNIT,,Offloading Point,
D.F.P.C.L.-TALOJA - - VAPI,0,D.F.P.C.L.-TALOJA,,Loading Point,
,,VAPI,,Offloading Point,
D.F.P.C.L.-TALOJA - - VIRAJ PROFILES LTD-II-TARAPUR,0,D.F.P.C.L.-TALOJA,,Loading Point,
,,VIRAJ PROFILES LTD-II-TARAPUR,,Offloading Point,
D.F.P.C.L.-TALOJA - - VOXCO PIGMENTS & CHEM-VAPI,0,D.F.P.C.L.-TALOJA,,Loading Point,
,,VOXCO PIGMENTS & CHEM-VAPI,,Offloading Point,
D.F.P.C.L.-TALOJA - - WESTERN DRUG LTD-UDAIPUR,0,D.F.P.C.L.-TALOJA,,Loading Point,
,,WESTERN DRUG LTD-UDAIPUR,,Offloading Point,
D.F.P.C.L.-TALOJA - - YOGESHWAR-NAROL-A.BAD,0,D.F.P.C.L.-TALOJA,,Loading Point,
,,YOGESHWAR-NAROL-A.BAD,,Offloading Point,
D.F.P.C.L-SHRIKA KULAM - - CHEMICAL ENTERPRISES-AKALTARA,0,DFPCL-SHRIKAKULAM,,Loading Point,
,,CHEMICAL ENTERPRISES-AKALTARA,,Offloading Point,
"D.M.C.C-DAHEJ - - DEEPAK NIT, NANDESARI",0,D.M.C.C-DAHEJ,,Loading Point,
,,"DEEPAK NIT, NANDESARI",,Offloading Point,
D.M.C.C-DAHEJ - - DEEPAK NIT-DAHEJ,0,D.M.C.C-DAHEJ,,Loading Point,
,,DEEPAK NIT-DAHEJ,,Offloading Point,
D.M.C.C-DAHEJ - - H.N. ENT. NANDESARI,0,D.M.C.C-DAHEJ,,Loading Point,
,,H.N. ENT. NANDESARI,,Offloading Point,
D.M.C.C-DAHEJ - - INDORE,0,D.M.C.C-DAHEJ,,Loading Point,
,,INDORE,,Offloading Point,
D.M.C.C-DAHEJ - - JAINSON ORGANIC-INDORE,0,D.M.C.C-DAHEJ,,Loading Point,
,,JAINSON ORGANIC-INDORE,,Offloading Point,
D.M.C.C-DAHEJ - - PARVATI INTER PRIES-INDOR,0,D.M.C.C-DAHEJ,,Loading Point,
,,PARVATI INTER PRIES-INDOR,,Offloading Point,
D.M.C.C-DAHEJ - - ROHA DYECHEM-BHARUCH,0,D.M.C.C-DAHEJ,,Loading Point,
,,ROHA DYECHEM-BHARUCH,,Offloading Point,
DAHEJ - - DHANBAD,0,DAHEJ,,Loading Point,
,,DHANBAD,,Offloading Point,
DECCEN-ANK - - SHREE AMBICA-BHAVNAGAR,0,DECCEN-ANK,,Loading Point,
,,SHREE AMBICA-BHAVNAGAR,,Offloading Point,
DECCEN-ANK - - SHREE CEMENT LTD-BEAWAR,0,DECCEN-ANK,,Loading Point,
,,SHREE CEMENT LTD-BEAWAR,,Offloading Point,
DEEP CHAND ARYA IND-NEW DELHI - - GODHREJ CONSUMER PRODUCTS-MALANPUR(M.P),0,DEEP CHAND ARYA IND-NEW DELHI,,Loading Point,
,,GODHREJ CONSUMER PRODUCTS-MALANPUR(M.P),,Offloading Point,
"DEEPAK NIT, NANDESARI - - A.G.TRADERS-INDORE",0,"DEEPAK NIT, NANDESARI",,Loading Point,
,,A.G.TRADERS-INDORE,,Offloading Point,
"DEEPAK NIT, NANDESARI - - ADHEESHA PHOSPHATE-UDAIPUR",0,"DEEPAK NIT, NANDESARI",,Loading Point,
,,ADHEESHA PHOSPHATE-UDAIPUR,,Offloading Point,
"DEEPAK NIT, NANDESARI - - AGRO PHOS INDIA LTD-MEGHNAGAR",0,"DEEPAK NIT, NANDESARI",,Loading Point,
,,AGRO PHOS INDIA LTD-MEGHNAGAR,,Offloading Point,
"DEEPAK NIT, NANDESARI - - ANU ENTERPRISES-KANPUR",0,"DEEPAK NIT, NANDESARI",,Loading Point,
,,ANU ENTERPRISES-KANPUR,,Offloading Point,
"DEEPAK NIT, NANDESARI - - BASANT AGRO-AKOLA",0,"DEEPAK NIT, NANDESARI",,Loading Point,
,,BASANT AGRO-AKOLA,,Offloading Point,
"DEEPAK NIT, NANDESARI - - BEC FERTILIZERS LIMITED",0,"DEEPAK NIT, NANDESARI",,Loading Point,
,,BEC FERTILIZERS LIMITED,,Offloading Point,
"DEEPAK NIT, NANDESARI - - BHARAT TANKER-INDORE",0,"DEEPAK NIT, NANDESARI",,Loading Point,
,,BHARAT TANKER-INDORE,,Offloading Point,
"DEEPAK NIT, NANDESARI - - BHARAT TRADERS-INDORE",0,"DEEPAK NIT, NANDESARI",,Loading Point,
,,BHARAT TRADERS-INDORE,,Offloading Point,
"DEEPAK NIT, NANDESARI - - D.F.P.C.L.-DAHEJ",0,"DEEPAK NIT, NANDESARI",,Loading Point,
,,D.F.P.C.L.-DAHEJ,,Offloading Point,
"DEEPAK NIT, NANDESARI - - DEEPAK NIT, NANDESARI",0,"DEEPAK NIT, NANDESARI",,Loading Point,
,,"DEEPAK NIT, NANDESARI",,Offloading Point,
"DEEPAK NIT, NANDESARI - - EVEREST FER & CHEM. PVT LTD-GONDAL",0,"DEEPAK NIT, NANDESARI",,Loading Point,
,,EVEREST FER & CHEM. PVT LTD-GONDAL,,Offloading Point,
"DEEPAK NIT, NANDESARI - - G.C.LLP-KANDLA",0,"DEEPAK NIT, NANDESARI",,Loading Point,
,,G.C.LLP-KANDLA,,Offloading Point,
"DEEPAK NIT, NANDESARI - - GAURHYM TRADE CHEM-ANK",0,"DEEPAK NIT, NANDESARI",,Loading Point,
,,GAURHYM TRADE CHEM-ANK,,Offloading Point,
"DEEPAK NIT, NANDESARI - - GREEN LAND BIO-SCIENCE-PADRA",0,"DEEPAK NIT, NANDESARI",,Loading Point,
,,GREEN LAND BIO-SCIENCE-PADRA,,Offloading Point,
"DEEPAK NIT, NANDESARI - - INDORE",0,"DEEPAK NIT, NANDESARI",,Loading Point,
,,INDORE,,Offloading Point,
"DEEPAK NIT, NANDESARI - - KALYAN ENTERPRISES-INDORE",0,"DEEPAK NIT, NANDESARI",,Loading Point,
,,KALYAN ENTERPRISES-INDORE,,Offloading Point,
"DEEPAK NIT, NANDESARI - - KANPUR",0,"DEEPAK NIT, NANDESARI",,Loading Point,
,,KANPUR,,Offloading Point,
"DEEPAK NIT, NANDESARI - - KISAN SHAKTI FER & PESTICIDES .P. LTD-SAYKHA BHARUCH",0,"DEEPAK NIT, NANDESARI",,Loading Point,
,,KISAN SHAKTI FER & PESTICIDES .P. LTD-SAYKHA BHARUCH,,Offloading Point,
"DEEPAK NIT, NANDESARI - - KUSHAL TRADING CO-VATVA",0,"DEEPAK NIT, NANDESARI",,Loading Point,
,,KUSHAL TRADING CO-VATVA,,Offloading Point,
"DEEPAK NIT, NANDESARI - - LAXMI TRADERS-BVR",0,"DEEPAK NIT, NANDESARI",,Loading Point,
,,LAXMI TRADERS-BVR,,Offloading Point,
"DEEPAK NIT, NANDESARI - - M.BHARAT,MEGHANARAR",0,"DEEPAK NIT, NANDESARI",,Loading Point,
,,"M.BHARAT,MEGHANARAR",,Offloading Point,
"DEEPAK NIT, NANDESARI - - MARUTI PETROCHEM-RAJKOT",0,"DEEPAK NIT, NANDESARI",,Loading Point,
,,MARUTI PETROCHEM-RAJKOT,,Offloading Point,
"DEEPAK NIT, NANDESARI - - MSG PETROLEUM PRODT-KANPUR",0,"DEEPAK NIT, NANDESARI",,Loading Point,
,,MSG PETROLEUM PRODT-KANPUR,,Offloading Point,
"DEEPAK NIT, NANDESARI - - NANDESARI UNIT,SELF",0,"DEEPAK NIT, NANDESARI",,Loading Point,
,,"NANDESARI UNIT,SELF",,Offloading Point,
"DEEPAK NIT, NANDESARI - - PANOLI INT , NANDESARI",0,"DEEPAK NIT, NANDESARI",,Loading Point,
,,"PANOLI INT , NANDESARI",,Offloading Point,
"DEEPAK NIT, NANDESARI - - R.M.PHOSPHATE,DHULIA",0,"DEEPAK NIT, NANDESARI",,Loading Point,
,,"R.M.PHOSPHATE,DHULIA",,Offloading Point,
"DEEPAK NIT, NANDESARI - - ROHAN CHEMICAL KHAMBHAT",0,"DEEPAK NIT, NANDESARI",,Loading Point,
,,ROHAN CHEMICAL KHAMBHAT,,Offloading Point,
"DEEPAK NIT, NANDESARI - - SAVLI-TUNDAV",0,"DEEPAK NIT, NANDESARI",,Loading Point,
,,SAVLI-TUNDAV,,Offloading Point,
"DEEPAK NIT, NANDESARI - - SBL ENERGY LIMITED-NAGPUR",0,"DEEPAK NIT, NANDESARI",,Loading Point,
,,SBL ENERGY LIMITED-NAGPUR,,Offloading Point,
"DEEPAK NIT, NANDESARI - - SELF",0,"DEEPAK NIT, NANDESARI",,Loading Point,
,,SELF,,Offloading Point,
"DEEPAK NIT, NANDESARI - - SHAH INDUSTRIES-ANAND",0,"DEEPAK NIT, NANDESARI",,Loading Point,
,,SHAH INDUSTRIES-ANAND,,Offloading Point,
"DEEPAK NIT, NANDESARI - - SHIVAM INDUSTRIES-PITHAMPUR",0,"DEEPAK NIT, NANDESARI",,Loading Point,
,,SHIVAM INDUSTRIES-PITHAMPUR,,Offloading Point,
"DEEPAK NIT, NANDESARI - - SHREE CEMENT LTD-BEAWAR",0,"DEEPAK NIT, NANDESARI",,Loading Point,
,,SHREE CEMENT LTD-BEAWAR,,Offloading Point,
"DEEPAK NIT, NANDESARI - - SHREE CEMENT-RAIPUR",0,"DEEPAK NIT, NANDESARI",,Loading Point,
,,SHREE CEMENT-RAIPUR,,Offloading Point,
"DEEPAK NIT, NANDESARI - - SHRI BALAJI ENT-SONIPAT",0,"DEEPAK NIT, NANDESARI",,Loading Point,
,,SHRI BALAJI ENT-SONIPAT,,Offloading Point,
"DEEPAK NIT, NANDESARI - - SITARAM IND-BHAVNAGAR",0,"DEEPAK NIT, NANDESARI",,Loading Point,
,,SITARAM IND-BHAVNAGAR,,Offloading Point,
"DEEPAK NIT, NANDESARI - - SQUARE PETROFIELD-SAVLI",0,"DEEPAK NIT, NANDESARI",,Loading Point,
,,SQUARE PETROFIELD-SAVLI,,Offloading Point,
"DEEPAK NIT, NANDESARI - - SUPER CHEM-INDORE",0,"DEEPAK NIT, NANDESARI",,Loading Point,
,,SUPER CHEM-INDORE,,Offloading Point,
"DEEPAK NIT, NANDESARI - - UDAIPUR POLY SACKS LTD-UDAIPUR",0,"DEEPAK NIT, NANDESARI",,Loading Point,
,,UDAIPUR POLY SACKS LTD-UDAIPUR,,Offloading Point,
"DEEPAK NIT, NANDESARI - - UNICHEM-AKOLA",0,"DEEPAK NIT, NANDESARI",,Loading Point,
,,UNICHEM-AKOLA,,Offloading Point,
DEEPAK NITRITE LTD-PIPAVAV - - GAURHYM TRADE CHEM-ANK,0,DEEPAK NITRITE LTD-PIPAVAV,,Loading Point,
,,GAURHYM TRADE CHEM-ANK,,Offloading Point,
DEEPAK NITRITE LTD-ROHA(M.H) - - AVSL INDUSTRIES LTD-BHIWADI,0,DEEPAK NITRITE LTD-ROHA(M.H),,Loading Point,
,,AVSL INDUSTRIES LTD-BHIWADI,,Offloading Point,
DEEPAK NITRITE LTD-ROHA(M.H) - - BHIWADI,0,DEEPAK NITRITE LTD-ROHA(M.H),,Loading Point,
,,BHIWADI,,Offloading Point,
"DEEPAK NITRITE LTD-ROHA(M.H) - - COLOUR TEX,SURAT",0,DEEPAK NITRITE LTD-ROHA(M.H),,Loading Point,
,,"COLOUR TEX,SURAT",,Offloading Point,
DEEPAK NITRITE LTD-ROHA(M.H) - - INDORE,0,DEEPAK NITRITE LTD-ROHA(M.H),,Loading Point,
,,INDORE,,Offloading Point,
DEEPAK NITRITE LTD-ROHA(M.H) - - KANPUR,0,DEEPAK NITRITE LTD-ROHA(M.H),,Loading Point,
,,KANPUR,,Offloading Point,
DEEPAK NITRITE LTD-ROHA(M.H) - - M R IND-OILS-KARNATAKA,0,DEEPAK NITRITE LTD-ROHA(M.H),,Loading Point,
,,M R IND-OILS-KARNATAKA,,Offloading Point,
"DEEPAK NITRITE LTD-ROHA(M.H) - - R.M.PHOSPHATE,DHULIA",0,DEEPAK NITRITE LTD-ROHA(M.H),,Loading Point,
,,"R.M.PHOSPHATE,DHULIA",,Offloading Point,
DEEPAK NITRITE LTD-ROHA(M.H) - - SELF,0,DEEPAK NITRITE LTD-ROHA(M.H),,Loading Point,
,,SELF,,Offloading Point,
DEEPAK NITRITE LTD-ROHA(M.H) - - SHRI BALAJI ENT-SONIPAT,0,DEEPAK NITRITE LTD-ROHA(M.H),,Loading Point,
,,SHRI BALAJI ENT-SONIPAT,,Offloading Point,
"DEEPAK NITRITE,NANDESARI - - A.G.TRADERS-INDORE",0,"DEEPAK NITRITE,NANDESARI",,Loading Point,
,,A.G.TRADERS-INDORE,,Offloading Point,
"DEEPAK NITRITE,NANDESARI - - SBL ENERGY LIMITED-MOHPA (M.H.)",0,"DEEPAK NITRITE,NANDESARI",,Loading Point,
,,SBL ENERGY LIMITED-MOHPA (M.H.),,Offloading Point,
DFPCL-SHRIKA KULAM - - CHEMCAL ENTERPRISES-AKALTARA,0,DFPCL-SHRIKAKULAM,,Loading Point,
,,CHEMICAL ENTERPRISES-AKALTARA,,Offloading Point,
DHANBAD - - RAIGARH,0,DHANBAD,,Loading Point,
,,RAIGARH,,Offloading Point,
DHANMANTRY - - SANAND,0,DHANMANTRY,,Loading Point,
,,SANAND,,Offloading Point,
DHRU FOODS FATS-(C.G.) - - TIWANA NUTRITION-FATEHGARH,0,DHRU FOODS FATS-(C.G.),,Loading Point,
,,TIWANA NUTRITION-FATEHGARH,,Offloading Point,
DISCON SALES PVT. LTD-HOWRAH - - ADANI POWER-JHARKHAND,0,DISCON SALES PVT. LTD-HOWRAH,,Loading Point,
,,ADANI POWER-JHARKHAND,,Offloading Point,
DISCON SALES PVT. LTD-HOWRAH - - SEHORE (M.P.),0,DISCON SALES PVT. LTD-HOWRAH,,Loading Point,
,,SEHORE (M.P.),,Offloading Point,
DMCC SPEC. CHEM. LTD-DAHEJ - - SHREEJI LIQUID STORAGE TERMINAL-KANDLA,0,DMCC SPEC. CHEM. LTD-DAHEJ,,Loading Point,
,,SHREEJI LIQUID STORAGE TERMINAL-KANDLA,,Offloading Point,
DMCC SPEC. CHEM. LTD-DAHEJ - - SIFLON PHARMA PVT LTD-KARNATAKA,0,DMCC SPEC. CHEM. LTD-DAHEJ,,Loading Point,
,,SIFLON PHARMA PVT LTD-KARNATAKA,,Offloading Point,
DOLLEX AGROTECH-DATIA(M.P.) - - AHUJA BARREL SUPPLY-ROHTAK,0,DOLLEX AGROTECH-DATIA(M.P.),,Loading Point,
,,AHUJA BARREL SUPPLY-ROHTAK,,Offloading Point,
DOLLEX AGROTECH-DATIA(M.P.) - - SEHORE (M.P.),0,DOLLEX AGROTECH-DATIA(M.P.),,Loading Point,
,,SEHORE (M.P.),,Offloading Point,
DOLLEX AGROTECH-DATIA(M.P.) - - SHRIRAM VINYL & CHEMICAL-KOTA,0,DOLLEX AGROTECH-DATIA(M.P.),,Loading Point,
,,SHRIRAM VINYL & CHEMICAL-KOTA,,Offloading Point,
DURG-NAGPUR - - SURAT,0,DURG-NAGPUR,,Loading Point,
,,SURAT,,Offloading Point,
EMAMI AGROTECH LTD-HALDIA - - AJAY CHEMICAL-BHAVNAGAR,0,EMAMI AGROTECH LTD-HALDIA,,Loading Point,
,,AJAY CHEMICAL-BHAVNAGAR,,Offloading Point,
EMAMI AGROTECH LTD-HALDIA - - ANAND ROTOGRAVURES-BAREILLY,0,EMAMI AGROTECH LTD-HALDIA,,Loading Point,
,,ANAND ROTOGRAVURES-BAREILLY,,Offloading Point,
EMAMI AGROTECH LTD-HALDIA - - GODHREJ CONSUMER PRODUCTS-MALANPUR(M.P),0,EMAMI AGROTECH LTD-HALDIA,,Loading Point,
,,GODHREJ CONSUMER PRODUCTS-MALANPUR(M.P),,Offloading Point,
EMAMI AGROTECH LTD-HALDIA - - GODREJ IND LTD-VALIA-BHARUCH,0,EMAMI AGROTECH LTD-HALDIA,,Loading Point,
,,GODREJ IND LTD-VALIA-BHARUCH,,Offloading Point,
EMAMI AGROTECH LTD-HALDIA - - SHIVAGARH SOAP & CHEM P.LTD-BULANDSHAHR,0,EMAMI AGROTECH LTD-HALDIA,,Loading Point,
,,SHIVAGARH SOAP & CHEM P.LTD-BULANDSHAHR,,Offloading Point,
EMAMI AGROTECLTD-KANDLA - - GODHREJ CONSUMER PRODUCTS-MALANPUR(M.P),0,EMAMI AGROTECLTD-KANDLA,,Loading Point,
,,GODHREJ CONSUMER PRODUCTS-MALANPUR(M.P),,Offloading Point,
EPIGRAL LTD-VAGRA-BHARUCH - - B.S. CHEMICALS-BHILWARA,0,EPIGRAL LTD-VAGRA-BHARUCH,,Loading Point,
,,B.S. CHEMICALS-BHILWARA,,Offloading Point,
EPIGRAL LTD-VAGRA-BHARUCH - - DELIVERD AT SONA SELECTION-BHILWARA,0,EPIGRAL LTD-VAGRA-BHARUCH,,Loading Point,
,,DELIVERD AT SONA SELECTION-BHILWARA,,Offloading Point,
EPIGRAL LTD-VAGRA-BHARUCH - - DHANRAJ SOLVEX PVT LTD-LATUR,0,EPIGRAL LTD-VAGRA-BHARUCH,,Loading Point,
,,DHANRAJ SOLVEX PVT LTD-LATUR,,Offloading Point,
EPIGRAL LTD-VAGRA-BHARUCH - - GOYAL PROTEINS LTD-NAGPUR,0,EPIGRAL LTD-VAGRA-BHARUCH,,Loading Point,
,,GOYAL PROTEINS LTD-NAGPUR,,Offloading Point,
EPIGRAL LTD-VAGRA-BHARUCH - - HARSH CHEMICALS-BALOTRA,0,EPIGRAL LTD-VAGRA-BHARUCH,,Loading Point,
,,HARSH CHEMICALS-BALOTRA,,Offloading Point,
EPIGRAL LTD-VAGRA-BHARUCH - - MAHESHWARI ACID & CHEM-BHILWARA,0,EPIGRAL LTD-VAGRA-BHARUCH,,Loading Point,
,,MAHESHWARI ACID & CHEM-BHILWARA,,Offloading Point,
EPIGRAL LTD-VAGRA-BHARUCH - - PARSHWANATH PRODUCTS-BALOTRA,0,EPIGRAL LTD-VAGRA-BHARUCH,,Loading Point,
,,PARSHWANATH PRODUCTS-BALOTRA,,Offloading Point,
EPIGRAL LTD-VAGRA-BHARUCH - - PRABHA CHEM INT-BUTIBORI,0,EPIGRAL LTD-VAGRA-BHARUCH,,Loading Point,
,,PRABHA CHEM INT-BUTIBORI,,Offloading Point,
EPIGRAL LTD-VAGRA-BHARUCH - - RANJAN POLYSTER LTD-BHILWARA,0,EPIGRAL LTD-VAGRA-BHARUCH,,Loading Point,
,,RANJAN POLYSTER LTD-BHILWARA,,Offloading Point,
EPIGRAL LTD-VAGRA-BHARUCH - - SNIGDHA BASIC CHEM-INDORE,0,EPIGRAL LTD-VAGRA-BHARUCH,,Loading Point,
,,SNIGDHA BASIC CHEM-INDORE,,Offloading Point,
EPIGRAL LTD-VAGRA-BHARUCH - - SONA SELECTION-BHILWARA,0,EPIGRAL LTD-VAGRA-BHARUCH,,Loading Point,
,,SONA SELECTION-BHILWARA,,Offloading Point,
EPIGRAL LTD-VAGRA-BHARUCH - - SULUX PHOS.LTD-UDAIPUR,0,EPIGRAL LTD-VAGRA-BHARUCH,,Loading Point,
,,SULUX PHOS.LTD-UDAIPUR,,Offloading Point,
EPIGRAL LTD-VAGRA-BHARUCH - - VIKASH ACID-BHILWARA,0,EPIGRAL LTD-VAGRA-BHARUCH,,Loading Point,
,,VIKASH ACID-BHILWARA,,Offloading Point,
EPIGRAL LTD-VAGRA-BHARUCH - - VIMALSTAR FAB TEX-BALOTRA,0,EPIGRAL LTD-VAGRA-BHARUCH,,Loading Point,
,,VIMALSTAR FAB TEX-BALOTRA,,Offloading Point,
ETHERIS PETROCHEM -WB-HOWRAH - - BIRLA CARBON INDIA-PATELGANGA-RAIGAD,0,ETHERIS PETROCHEM -WB-HOWRAH,,Loading Point,
,,BIRLA CARBON INDIA-PATELGANGA-RAIGAD,,Offloading Point,
"FENA LTD, SILVASSA - - BASANT AGRO-JALGOAN",0,"FENA LTD, SILVASSA",,Loading Point,
,,BASANT AGRO-JALGOAN,,Offloading Point,
"FENA LTD, SILVASSA - - CHANDRAPUR",0,"FENA LTD, SILVASSA",,Loading Point,
,,CHANDRAPUR,,Offloading Point,
"FENA LTD, SILVASSA - - JHONPURA",0,"FENA LTD, SILVASSA",,Loading Point,
,,JHONPURA,,Offloading Point,
"FENA LTD, SILVASSA - - MULTI ORG, CHANDRAPUR",0,"FENA LTD, SILVASSA",,Loading Point,
,,"MULTI ORG, CHANDRAPUR",,Offloading Point,
"FENA LTD, SILVASSA - - R.M.PHOSPHATE,DHULIA",0,"FENA LTD, SILVASSA",,Loading Point,
,,"R.M.PHOSPHATE,DHULIA",,Offloading Point,
G.I.L.-VALIA (GUJ) - - MADHUSUDAN SOAP. NAGAUR,0,G.I.L.-VALIA (GUJ),,Loading Point,
,,MADHUSUDAN SOAP. NAGAUR,,Offloading Point,
G.I.L.-VALIA (GUJ) - - THAKUR MULTI UDAIPUR,0,G.I.L.-VALIA (GUJ),,Loading Point,
,,THAKUR MULTI UDAIPUR,,Offloading Point,
GACL-BARODA - - A TO Z SHEET/CHOKSI HERAEUS-UDAIPUR,0,GACL-BARODA,,Loading Point,
,,A TO Z SHEET/CHOKSI HERAEUS-UDAIPUR,,Offloading Point,
GACL-BARODA - - A TO Z METALS/CHOKSI HERBEL-UDAIPUR,0,GACL-BARODA,,Loading Point,
,,A TO Z METALS/CHOKSI HERBEL-UDAIPUR,,Offloading Point,
GACL-BARODA - - AJMERA ENTERPRISES-UDAIPUR,0,GACL-BARODA,,Loading Point,
,,AJMERA ENTERPRISES-UDAIPUR,,Offloading Point,
GACL-BARODA - - ARIHANT SOLVEX P.LTD-BIKANER,0,GACL-BARODA,,Loading Point,
,,ARIHANT SOLVEX P.LTD-BIKANER,,Offloading Point,
GACL-BARODA - - BALOTRA,0,GACL-BARODA,,Loading Point,
,,BALOTRA,,Offloading Point,
GACL-BARODA - - BHILWARA.,0,GACL-BARODA,,Loading Point,
,,BHILWARA.,,Offloading Point,
GACL-BARODA - - BIKANER,0,GACL-BARODA,,Loading Point,
,,BIKANER,,Offloading Point,
"GACL-BARODA - - DEEPAK NIT, NANDESARI",0,GACL-BARODA,,Loading Point,
,,"DEEPAK NIT, NANDESARI",,Offloading Point,
GACL-BARODA - - DNL-HYDRABAD,0,GACL-BARODA,,Loading Point,
,,DNL-HYDRABAD,,Offloading Point,
GACL-BARODA - - GACL-BARODA,0,GACL-BARODA,,Loading Point,
,,GACL-BARODA,,Offloading Point,
GACL-BARODA - - GORWARA CHEM IND-UDAIPUR,0,GACL-BARODA,,Loading Point,
,,GORWARA CHEM IND-UDAIPUR,,Offloading Point,
GACL-BARODA - - GULJAG IND LTD-KOTA,0,GACL-BARODA,,Loading Point,
,,GULJAG IND LTD-KOTA,,Offloading Point,
GACL-BARODA - - GULJAG IND LTD-PALI,0,GACL-BARODA,,Loading Point,
,,GULJAG IND LTD-PALI,,Offloading Point,
GACL-BARODA - - GULJAG IND LTD-UDAIPUR,0,GACL-BARODA,,Loading Point,
,,GULJAG IND LTD-UDAIPUR,,Offloading Point,
GACL-BARODA - - HARSH CHEMICALS-BALOTRA,0,GACL-BARODA,,Loading Point,
,,HARSH CHEMICALS-BALOTRA,,Offloading Point,
GACL-BARODA - - HZL-CHITTORGARH,0,GACL-BARODA,,Loading Point,
,,HZL-CHITTORGARH,,Offloading Point,
GACL-BARODA - - JODHPUR,0,GACL-BARODA,,Loading Point,
,,JODHPUR,,Offloading Point,
GACL-BARODA - - KATPP-KOTA,0,GACL-BARODA,,Loading Point,
,,KATPP-KOTA,,Offloading Point,
GACL-BARODA - - MAHESHWARI ACID & CHEM-BHILWARA,0,GACL-BARODA,,Loading Point,
,,MAHESHWARI ACID & CHEM-BHILWARA,,Offloading Point,
GACL-BARODA - - MAULIK DYE CHEM-UDAIPUR,0,GACL-BARODA,,Loading Point,
,,MAULIK DYE CHEM-UDAIPUR,,Offloading Point,
GACL-BARODA - - MOTI COLOUR CO-BALOTRA,0,GACL-BARODA,,Loading Point,
,,MOTI COLOUR CO-BALOTRA,,Offloading Point,
"GACL-BARODA - - PANOLI INT , NANDESARI",0,GACL-BARODA,,Loading Point,
,,"PANOLI INT , NANDESARI",,Offloading Point,
GACL-BARODA - - PATEL ENTERPRISES-GUDLI-UDAIPUR,0,GACL-BARODA,,Loading Point,
,,PATEL ENTERPRISES-GUDLI-UDAIPUR,,Offloading Point,
GACL-BARODA - - PORWAL INST & CHEMICAL PVT.LTD-UDAIPUR,0,GACL-BARODA,,Loading Point,
,,PORWAL INST & CHEMICAL PVT.LTD-UDAIPUR,,Offloading Point,
GACL-BARODA - - PRAKASH CHEMICAL AGENCIES-VADODARA,0,GACL-BARODA,,Loading Point,
,,PRAKASH CHEMICAL AGENCIES-VADODARA,,Offloading Point,
GACL-BARODA - - RAVINDRA HERAEUS P. LTD-UDAIPUR,0,GACL-BARODA,,Loading Point,
,,RAVINDRA HERAEUS P. LTD-UDAIPUR,,Offloading Point,
GACL-BARODA - - RONAK PROCESSORS PVT LTD-BHILWARA,0,GACL-BARODA,,Loading Point,
,,RONAK PROCESSORS PVT LTD-BHILWARA,,Offloading Point,
GACL-BARODA - - S-C.C.I.-BHIWADI,0,GACL-BARODA,,Loading Point,
,,S-C.C.I.-BHIWADI,,Offloading Point,
GACL-BARODA - - SHREE HARI ARIHANT SOLVEX-BIKANER,0,GACL-BARODA,,Loading Point,
,,SHREE HARI ARIHANT SOLVEX-BIKANER,,Offloading Point,
GACL-BARODA - - SHREE HARI IND-BIKANER,0,GACL-BARODA,,Loading Point,
,,SHREE HARI IND-BIKANER,,Offloading Point,
GACL-BARODA - - SHREE KRISHNA PAPER MILL IND-KOTPUTLI,0,GACL-BARODA,,Loading Point,
,,SHREE KRISHNA PAPER MILL IND-KOTPUTLI,,Offloading Point,
GACL-BARODA - - SONA PROCESSORS-BHILWARA,0,GACL-BARODA,,Loading Point,
,,SONA PROCESSORS-BHILWARA,,Offloading Point,
GACL-BARODA - - SRF LTD BHIWADI,0,GACL-BARODA,,Loading Point,
,,SRF LTD BHIWADI,,Offloading Point,
GACL-BARODA - - SULUX PHOS.LTD-UDAIPUR,0,GACL-BARODA,,Loading Point,
,,SULUX PHOS.LTD-UDAIPUR,,Offloading Point,
GACL-BARODA - - SULUX PHOS/AJMERA ENT-UDIPUR,0,GACL-BARODA,,Loading Point,
,,SULUX PHOS/AJMERA ENT-UDIPUR,,Offloading Point,
GACL-BARODA - - TIME PHARMA RESEARCH-UDAIPUR,0,GACL-BARODA,,Loading Point,
,,TIME PHARMA RESEARCH-UDAIPUR,,Offloading Point,
GACL-BARODA - - UNITED BREWERIES LTD-ALWAR-(RAJ),0,GACL-BARODA,,Loading Point,
,,UNITED BREWERIES LTD-ALWAR-(RAJ),,Offloading Point,
GACL-BARODA - - UPL LTD-JHAGADIA,0,GACL-BARODA,,Loading Point,
,,UPL LTD-JHAGADIA,,Offloading Point,
GACL-BARODA - - VARDHMAN PHARMA-UDAIPUR,0,GACL-BARODA,,Loading Point,
,,VARDHMAN PHARMA-UDAIPUR,,Offloading Point,
GACL-DAHEJ - - DNL-HYDRABAD,0,GACL-DAHEJ,,Loading Point,
,,DNL-HYDRABAD,,Offloading Point,
GACL-DAHEJ - - HARSH CHEMICALS-BALOTRA,0,GACL-DAHEJ,,Loading Point,
,,HARSH CHEMICALS-BALOTRA,,Offloading Point,
GACL-DAHEJ - - JODHPUR,0,GACL-DAHEJ,,Loading Point,
,,JODHPUR,,Offloading Point,
GACL-DAHEJ - - MAHESHWARI ACID & CHEM-BHILWARA,0,GACL-DAHEJ,,Loading Point,
,,MAHESHWARI ACID & CHEM-BHILWARA,,Offloading Point,
GACL-DAHEJ - - MOTI COLOUR CO-BALOTRA,0,GACL-DAHEJ,,Loading Point,
,,MOTI COLOUR CO-BALOTRA,,Offloading Point,
GACL-NALCO-BHARUCH - - GULJAG IND LTD-PALI,0,GACL-NALCO-BHARUCH,,Loading Point,
,,GULJAG IND LTD-PALI,,Offloading Point,
GACL-NALCO-BHARUCH - - MAHESHWARI ACID & CHEM-BHILWARA,0,GACL-NALCO-BHARUCH,,Loading Point,
,,MAHESHWARI ACID & CHEM-BHILWARA,,Offloading Point,
GAYATRI CHEMICAL-BAVLA-AMD - - RMP-NARDANA,0,GAYATRI CHEMICAL-BAVLA-AMD,,Loading Point,
,,RMP-NARDANA,,Offloading Point,
"GAYTRI CHEM PANOLI-ANK - - R.M.PHOSPHATE,DHULIA",0,GAYTRI CHEM PANOLI-ANK,,Loading Point,
,,"R.M.PHOSPHATE,DHULIA",,Offloading Point,
GFL-DAHEJ - - BALOTRA,0,GFL-DAHEJ,,Loading Point,
,,BALOTRA,,Offloading Point,
GFL-DAHEJ - - BANKE BIHARI-BALOTRA,0,GFL-DAHEJ,,Loading Point,
,,BANKE BIHARI-BALOTRA,,Offloading Point,
GFL-DAHEJ - - HARSH CHEMICALS-BALOTRA,0,GFL-DAHEJ,,Loading Point,
,,HARSH CHEMICALS-BALOTRA,,Offloading Point,
GFL-DAHEJ - - HOPL-SAVLI,0,GFL-DAHEJ,,Loading Point,
,,HOPL-SAVLI,,Offloading Point,
GFL-DAHEJ - - J.K CEMNT -MANGROL,0,GFL-DAHEJ,,Loading Point,
,,J.K CEMNT -MANGROL,,Offloading Point,
GFL-DAHEJ - - KANCHAN INDIA LTD-BHILWARA,0,GFL-DAHEJ,,Loading Point,
,,KANCHAN INDIA LTD-BHILWARA,,Offloading Point,
GFL-DAHEJ - - MAHESHWARI ACID & CHEM-BHILWARA,0,GFL-DAHEJ,,Loading Point,
,,MAHESHWARI ACID & CHEM-BHILWARA,,Offloading Point,
GFL-DAHEJ - - MOHAN POLYFAB-ANK,0,GFL-DAHEJ,,Loading Point,
,,MOHAN POLYFAB-ANK,,Offloading Point,
GFL-DAHEJ - - SILVER CHEMICALS-MAKARPURA,0,GFL-DAHEJ,,Loading Point,
,,SILVER CHEMICALS-MAKARPURA,,Offloading Point,
GFL-DAHEJ - - SNIGDHA BASIC CHEM-INDORE,0,GFL-DAHEJ,,Loading Point,
,,SNIGDHA BASIC CHEM-INDORE,,Offloading Point,
GFL-DAHEJ - - SRF LTD BHIWADI,0,GFL-DAHEJ,,Loading Point,
,,SRF LTD BHIWADI,,Offloading Point,
GFL-DAHEJ - - VIKASH ACID-BHILWARA,0,GFL-DAHEJ,,Loading Point,
,,VIKASH ACID-BHILWARA,,Offloading Point,
GIL KHARACH-KOSAMBA - - JHAGADIA,0,GIL KHARACH-KOSAMBA,,Loading Point,
,,JHAGADIA,,Offloading Point,
"GIL KHARACH-KOSAMBA - - MMCPL,JHAGADIA",0,GIL KHARACH-KOSAMBA,,Loading Point,
,,"MMCPL,JHAGADIA",,Offloading Point,
GIL KHARACH-KOSAMBA - - SELF,0,GIL KHARACH-KOSAMBA,,Loading Point,
,,SELF,,Offloading Point,
"GIL, VILAYAT - - BHAVITHRA IND-METTUR-DAM",0,"GIL, VILAYAT",,Loading Point,
,,BHAVITHRA IND-METTUR-DAM,,Offloading Point,
"GIL, VILAYAT - - BHILWARA.",0,"GIL, VILAYAT",,Loading Point,
,,BHILWARA.,,Offloading Point,
"GIL, VILAYAT - - BIRLA-DAHEJ",0,"GIL, VILAYAT",,Loading Point,
,,BIRLA-DAHEJ,,Offloading Point,
"GIL, VILAYAT - - COACHIN",0,"GIL, VILAYAT",,Loading Point,
,,COACHIN,,Offloading Point,
"GIL, VILAYAT - - DEEPAK NIT, NANDESARI",0,"GIL, VILAYAT",,Loading Point,
,,"DEEPAK NIT, NANDESARI",,Offloading Point,
"GIL, VILAYAT - - H.N. ENT. NANDESARI",0,"GIL, VILAYAT",,Loading Point,
,,H.N. ENT. NANDESARI,,Offloading Point,
"GIL, VILAYAT - - ICMC COR.LTD-METTUR-DAM",0,"GIL, VILAYAT",,Loading Point,
,,ICMC COR.LTD-METTUR-DAM,,Offloading Point,
"GIL, VILAYAT - - JAYEM ENGINEERS-TIRUPUR",0,"GIL, VILAYAT",,Loading Point,
,,JAYEM ENGINEERS-TIRUPUR,,Offloading Point,
"GIL, VILAYAT - - KANPUR",0,"GIL, VILAYAT",,Loading Point,
,,KANPUR,,Offloading Point,
"GIL, VILAYAT - - M.BHARAT,MEGHANARAR",0,"GIL, VILAYAT",,Loading Point,
,,"M.BHARAT,MEGHANARAR",,Offloading Point,
"GIL, VILAYAT - - MEGHMANI DYES & INTER-DUDHWADA-PADRA",0,"GIL, VILAYAT",,Loading Point,
,,MEGHMANI DYES & INTER-DUDHWADA-PADRA,,Offloading Point,
"GIL, VILAYAT - - MEGHMANI NOVOTECH-DAHEJ",0,"GIL, VILAYAT",,Loading Point,
,,MEGHMANI NOVOTECH-DAHEJ,,Offloading Point,
"GIL, VILAYAT - - MEGHMANI, NANDESARI",0,"GIL, VILAYAT",,Loading Point,
,,"MEGHMANI, NANDESARI",,Offloading Point,
"GIL, VILAYAT - - METTOR",0,"GIL, VILAYAT",,Loading Point,
,,METTOR,,Offloading Point,
"GIL, VILAYAT - - NAGPUR",0,"GIL, VILAYAT",,Loading Point,
,,NAGPUR,,Offloading Point,
"GIL, VILAYAT - - ORGANIC IND,DAHEJ",0,"GIL, VILAYAT",,Loading Point,
,,"ORGANIC IND,DAHEJ",,Offloading Point,
"GIL, VILAYAT - - R.M.PHOSPHATE,DHULIA",0,"GIL, VILAYAT",,Loading Point,
,,"R.M.PHOSPHATE,DHULIA",,Offloading Point,
"GIL, VILAYAT - - SELF",0,"GIL, VILAYAT",,Loading Point,
,,SELF,,Offloading Point,
"GIL, VILAYAT - - SHREE BALAJEE MEGNESITE-SALEM-TAMILNADU",0,"GIL, VILAYAT",,Loading Point,
,,SHREE BALAJEE MEGNESITE-SALEM-TAMILNADU,,Offloading Point,
"GIL, VILAYAT - - SRI SUBRAMANIAM CHEMICAL-METTUR-DAM",0,"GIL, VILAYAT",,Loading Point,
,,SRI SUBRAMANIAM CHEMICAL-METTUR-DAM,,Offloading Point,
"GIL, VILAYAT - - THE SIRPUR PAPER MILLS LTD-TELENGANA",0,"GIL, VILAYAT",,Loading Point,
,,THE SIRPUR PAPER MILLS LTD-TELENGANA,,Offloading Point,
"GIL, VILAYAT - - V.V.TITANIUM PIGMENT P LTD-THOOTHUKUDI",0,"GIL, VILAYAT",,Loading Point,
,,V.V.TITANIUM PIGMENT P LTD-THOOTHUKUDI,,Offloading Point,
"GIL, VILAYAT - - WANKSONS,PANOLI",0,"GIL, VILAYAT",,Loading Point,
,,"WANKSONS,PANOLI",,Offloading Point,
GIL-NAGDA - - ADANI HAZIRA-SURAT,0,GIL-NAGDA,,Loading Point,
,,ADANI HAZIRA-SURAT,,Offloading Point,
"GIL-NAGDA - - AMC CHEM,PANOLI",0,GIL-NAGDA,,Loading Point,
,,"AMC CHEM,PANOLI",,Offloading Point,
GIL-NAGDA - - ANUPAM RASAYAN INDIA LTD-SACHIN,0,GIL-NAGDA,,Loading Point,
,,ANUPAM RASAYAN INDIA LTD-SACHIN,,Offloading Point,
GIL-NAGDA - - BARODA-GODOWN,0,GIL-NAGDA,,Loading Point,
,,BARODA-GODOWN,,Offloading Point,
GIL-NAGDA - - EXCEL IND LTD-ROHA,0,GIL-NAGDA,,Loading Point,
,,EXCEL IND LTD-ROHA,,Offloading Point,
"GIL-NAGDA - - GIL, VILAYAT",0,GIL-NAGDA,,Loading Point,
,,"GIL, VILAYAT",,Offloading Point,
GIL-NAGDA - - HINDUSTAN CHEMICALS CO-OLPAD-SURAT,0,GIL-NAGDA,,Loading Point,
,,HINDUSTAN CHEMICALS CO-OLPAD-SURAT,,Offloading Point,
"GIL-NAGDA - - NAVIN FLOURIN,SURAT",0,GIL-NAGDA,,Loading Point,
,,"NAVIN FLOURIN,SURAT",,Offloading Point,
"GIL-NAGDA - - ORGANIC IND,DAHEJ",0,GIL-NAGDA,,Loading Point,
,,"ORGANIC IND,DAHEJ",,Offloading Point,
GIL-NAGDA - - PATSIL IND-NADIAD,0,GIL-NAGDA,,Loading Point,
,,PATSIL IND-NADIAD,,Offloading Point,
GIL-NAGDA - - SST-OFFICE,0,GIL-NAGDA,,Loading Point,
,,SST-OFFICE,,Offloading Point,
GIL-NAGDA - - SURAT,0,GIL-NAGDA,,Loading Point,
,,SURAT,,Offloading Point,
GNFC LTD. - DAHEJ - - GACL-BARODA,0,GNFC LTD. - DAHEJ,,Loading Point,
,,GACL-BARODA,,Offloading Point,
"GNFC,. BHARUCH - - AANJANEY ENT-ALIGARH",0,"GNFC,. BHARUCH",,Loading Point,
,,AANJANEY ENT-ALIGARH,,Offloading Point,
"GNFC,. BHARUCH - - AAP CHEM PVT LTD-BRD",0,"GNFC,. BHARUCH",,Loading Point,
,,AAP CHEM PVT LTD-BRD,,Offloading Point,
"GNFC,. BHARUCH - - ABHIDEEP CHEMICALS-CHNDRAPUR",0,"GNFC,. BHARUCH",,Loading Point,
,,ABHIDEEP CHEMICALS-CHNDRAPUR,,Offloading Point,
"GNFC,. BHARUCH - - ABHISHEK ACID & CHEM-BHILWARA",0,"GNFC,. BHARUCH",,Loading Point,
,,ABHISHEK ACID & CHEM-BHILWARA,,Offloading Point,
"GNFC,. BHARUCH - - ALIGARH U.P.",0,"GNFC,. BHARUCH",,Loading Point,
,,ALIGARH U.P.,,Offloading Point,
"GNFC,. BHARUCH - - AMBEY CHEMTECH PVT LTD-M.NAGAR",0,"GNFC,. BHARUCH",,Loading Point,
,,AMBEY CHEMTECH PVT LTD-M.NAGAR,,Offloading Point,
"GNFC,. BHARUCH - - ANKITRAJ EXPOTRADE PVT LTD-RAIGAD",0,"GNFC,. BHARUCH",,Loading Point,
,,ANKITRAJ EXPOTRADE PVT LTD-RAIGAD,,Offloading Point,
"GNFC,. BHARUCH - - ANKLESHWAR",0,"GNFC,. BHARUCH",,Loading Point,
,,ANKLESHWAR,,Offloading Point,
"GNFC,. BHARUCH - - ARAVALI CHEMICAL-ALWAR",0,"GNFC,. BHARUCH",,Loading Point,
,,ARAVALI CHEMICAL-ALWAR,,Offloading Point,
"GNFC,. BHARUCH - - BAJAJ STEEL & IND LTD-JALAUN-ORA(U.P.)",0,"GNFC,. BHARUCH",,Loading Point,
,,BAJAJ STEEL & IND LTD-JALAUN-ORA(U.P.),,Offloading Point,
"GNFC,. BHARUCH - - BAJAJ STEELS & IND LTD-KANPUR",0,"GNFC,. BHARUCH",,Loading Point,
,,BAJAJ STEELS & IND LTD-KANPUR,,Offloading Point,
"GNFC,. BHARUCH - - BALAJEE CHEMICAL-VIJAYAWADA (A.P.)",0,"GNFC,. BHARUCH",,Loading Point,
,,BALAJEE CHEMICAL-VIJAYAWADA (A.P.),,Offloading Point,
"GNFC,. BHARUCH - - BALOTRA",0,"GNFC,. BHARUCH",,Loading Point,
,,BALOTRA,,Offloading Point,
"GNFC,. BHARUCH - - BANGLORE",0,"GNFC,. BHARUCH",,Loading Point,
,,BANGLORE,,Offloading Point,
"GNFC,. BHARUCH - - BANSAL CHEM-JALESAR-DEHAT",0,"GNFC,. BHARUCH",,Loading Point,
,,BANSAL CHEM-JALESAR-DEHAT,,Offloading Point,
"GNFC,. BHARUCH - - BHDOHI INT-(U.P)",0,"GNFC,. BHARUCH",,Loading Point,
,,BHDOHI INT-(U.P),,Offloading Point,
"GNFC,. BHARUCH - - BHILAI",0,"GNFC,. BHARUCH",,Loading Point,
,,BHILAI,,Offloading Point,
"GNFC,. BHARUCH - - BHILWARA",0,"GNFC,. BHARUCH",,Loading Point,
,,ABHISHEK ACID & CHEM-BHILWARA,,Offloading Point,
"GNFC,. BHARUCH - - BHILWARA.",0,"GNFC,. BHARUCH",,Loading Point,
,,BHILWARA.,,Offloading Point,
"GNFC,. BHARUCH - - BIRLA-DAHEJ",0,"GNFC,. BHARUCH",,Loading Point,
,,BIRLA-DAHEJ,,Offloading Point,
"GNFC,. BHARUCH - - BODAL CHEMICAL LTD-MATHURA (U.P.)",0,"GNFC,. BHARUCH",,Loading Point,
,,BODAL CHEMICAL LTD-MATHURA (U.P.),,Offloading Point,
"GNFC,. BHARUCH - - BODAL-PADRA",0,"GNFC,. BHARUCH",,Loading Point,
,,BODAL-PADRA,,Offloading Point,
"GNFC,. BHARUCH - - BRAHMANI RASAYAN-JODHPUR",0,"GNFC,. BHARUCH",,Loading Point,
,,BRAHMANI RASAYAN-JODHPUR,,Offloading Point,
"GNFC,. BHARUCH - - CHANDAN STEEL LTD-UMBERGAON",0,"GNFC,. BHARUCH",,Loading Point,
,,CHANDAN STEEL LTD-UMBERGAON,,Offloading Point,
"GNFC,. BHARUCH - - CHEMICAL ENTERPRISES-AKALTARA",0,"GNFC,. BHARUCH",,Loading Point,
,,CHEMICAL ENTERPRISES-AKALTARA,,Offloading Point,
"GNFC,. BHARUCH - - CRG IND.PVT.LTD-ROURKELA",0,"GNFC,. BHARUCH",,Loading Point,
,,CRG IND.PVT.LTD-ROURKELA,,Offloading Point,
"GNFC,. BHARUCH - - D.F.P.C.L.-DAHEJ",0,"GNFC,. BHARUCH",,Loading Point,
,,D.F.P.C.L.-DAHEJ,,Offloading Point,
"GNFC,. BHARUCH - - D.F.P.C.L.-TALOJA",0,"GNFC,. BHARUCH",,Loading Point,
,,D.F.P.C.L.-TALOJA,,Offloading Point,
"GNFC,. BHARUCH - - D.M.C.C-DAHEJ",0,"GNFC,. BHARUCH",,Loading Point,
,,D.M.C.C-DAHEJ,,Offloading Point,
"GNFC,. BHARUCH - - DEEPAK NIT, NANDESARI",0,"GNFC,. BHARUCH",,Loading Point,
,,"DEEPAK NIT, NANDESARI",,Offloading Point,
"GNFC,. BHARUCH - - DEEPTHY LAB-KARNATAKA",0,"GNFC,. BHARUCH",,Loading Point,
,,DEEPTHY LAB-KARNATAKA,,Offloading Point,
"GNFC,. BHARUCH - - DNL-HYDRABAD",0,"GNFC,. BHARUCH",,Loading Point,
,,DNL-HYDRABAD,,Offloading Point,
"GNFC,. BHARUCH - - EVEREST ORG LTD-SANGAREDDY",0,"GNFC,. BHARUCH",,Loading Point,
,,EVEREST ORG LTD-SANGAREDDY,,Offloading Point,
"GNFC,. BHARUCH - - GACL-BARODA",0,"GNFC,. BHARUCH",,Loading Point,
,,GACL-BARODA,,Offloading Point,
"GNFC,. BHARUCH - - GACL-DAHEJ",0,"GNFC,. BHARUCH",,Loading Point,
,,GACL-DAHEJ,,Offloading Point,
"GNFC,. BHARUCH - - GANDHIDHAM",0,"GNFC,. BHARUCH",,Loading Point,
,,GANDHIDHAM,,Offloading Point,
"GNFC,. BHARUCH - - GANESHKRUPA CHEM-VALSAD",0,"GNFC,. BHARUCH",,Loading Point,
,,GANESHKRUPA CHEM-VALSAD,,Offloading Point,
"GNFC,. BHARUCH - - GARG SALTPETER IND-JALESAR",0,"GNFC,. BHARUCH",,Loading Point,
,,GARG SALTPETER IND-JALESAR,,Offloading Point,
"GNFC,. BHARUCH - - GRASIM IND LTD-VILAYAT BHARUCH",0,"GNFC,. BHARUCH",,Loading Point,
,,GRASIM IND LTD-VILAYAT BHARUCH,,Offloading Point,
"GNFC,. BHARUCH - - GSP CROP SCIENCE-NANDESARI",0,"GNFC,. BHARUCH",,Loading Point,
,,GSP CROP SCIENCE-NANDESARI,,Offloading Point,
"GNFC,. BHARUCH - - GULJAG IND LTD-PALI",0,"GNFC,. BHARUCH",,Loading Point,
,,GULJAG IND LTD-PALI,,Offloading Point,
"GNFC,. BHARUCH - - HETERO LABS LTD-VISAKAPATNAM",0,"GNFC,. BHARUCH",,Loading Point,
,,HETERO LABS LTD-VISAKAPATNAM,,Offloading Point,
"GNFC,. BHARUCH - - HYDRABAD",0,"GNFC,. BHARUCH",,Loading Point,
,,HYDRABAD,,Offloading Point,
"GNFC,. BHARUCH - - IDEAL IND.EXPOLSIVE LTD-NALGONDA",0,"GNFC,. BHARUCH",,Loading Point,
,,IDEAL IND.EXPOLSIVE LTD-NALGONDA,,Offloading Point,
"GNFC,. BHARUCH - - INDIAN GLYCOLS LTD-(U.KHAND",0,"GNFC,. BHARUCH",,Loading Point,
,,INDIAN GLYCOLS LTD-(U.KHAND,,Offloading Point,
"GNFC,. BHARUCH - - INDIAN OIL CORP-PANIPAT",0,"GNFC,. BHARUCH",,Loading Point,
,,INDIAN OIL CORP-PANIPAT,,Offloading Point,
"GNFC,. BHARUCH - - JAY JEE ENTERPRISES-SILVASSA",0,"GNFC,. BHARUCH",,Loading Point,
,,JAY JEE ENTERPRISES-SILVASSA,,Offloading Point,
"GNFC,. BHARUCH - - JINDAL ST.STEEL-JAJPUR,ORISSA",0,"GNFC,. BHARUCH",,Loading Point,
,,"JINDAL ST.STEEL-JAJPUR,ORISSA",,Offloading Point,
"GNFC,. BHARUCH - - JODHPUR",0,"GNFC,. BHARUCH",,Loading Point,
,,JODHPUR,,Offloading Point,
"GNFC,. BHARUCH - - JYOTI CHEMICALS-KANPUR(U.P.)",0,"GNFC,. BHARUCH",,Loading Point,
,,JYOTI CHEMICALS-KANPUR(U.P.),,Offloading Point,
"GNFC,. BHARUCH - - KANCHAN INDIA LTD-BHILWARA",0,"GNFC,. BHARUCH",,Loading Point,
,,KANCHAN INDIA LTD-BHILWARA,,Offloading Point,
"GNFC,. BHARUCH - - KAPASI ACID AND CHEM-RAIPUR-C.G",0,"GNFC,. BHARUCH",,Loading Point,
,,KAPASI ACID AND CHEM-RAIPUR-C.G,,Offloading Point,
"GNFC,. BHARUCH - - KARNATAK AGRO-BENGALURU",0,"GNFC,. BHARUCH",,Loading Point,
,,KARNATAK AGRO-BENGALURU,,Offloading Point,
"GNFC,. BHARUCH - - KCIL-GANDHAIDHAM",0,"GNFC,. BHARUCH",,Loading Point,
,,KCIL-GANDHAIDHAM,,Offloading Point,
"GNFC,. BHARUCH - - KEKULE PHARMA LTD-SANGAREDDY",0,"GNFC,. BHARUCH",,Loading Point,
,,KEKULE PHARMA LTD-SANGAREDDY,,Offloading Point,
"GNFC,. BHARUCH - - KRISHNA CHEMICALS-WAIDHAN-M.P.",0,"GNFC,. BHARUCH",,Loading Point,
,,KRISHNA CHEMICALS-WAIDHAN-M.P.,,Offloading Point,
"GNFC,. BHARUCH - - LASONS INDIA PVT LTD-TALOJA",0,"GNFC,. BHARUCH",,Loading Point,
,,LASONS INDIA PVT LTD-TALOJA,,Offloading Point,
"GNFC,. BHARUCH - - LOHITHA LABORATORIES-BALLARI",0,"GNFC,. BHARUCH",,Loading Point,
,,LOHITHA LABORATORIES-BALLARI,,Offloading Point,
"GNFC,. BHARUCH - - M.S. & CO.LUCKNOW",0,"GNFC,. BHARUCH",,Loading Point,
,,M.S. & CO.LUCKNOW,,Offloading Point,
"GNFC,. BHARUCH - - MAA BINDWASHNI CHEMICALS-WEST BENGAL",0,"GNFC,. BHARUCH",,Loading Point,
,,MAA BINDWASHNI CHEMICALS-WEST BENGAL,,Offloading Point,
"GNFC,. BHARUCH - - MAHAVEER DYEING-PALI",0,"GNFC,. BHARUCH",,Loading Point,
,,MAHAVEER DYEING-PALI,,Offloading Point,
"GNFC,. BHARUCH - - MAHAVIR TRADIND CO-KANPUR",0,"GNFC,. BHARUCH",,Loading Point,
,,MAHAVIR TRADIND CO-KANPUR,,Offloading Point,
"GNFC,. BHARUCH - - MAHESHWARI ACID & CHEM-BHILWARA",0,"GNFC,. BHARUCH",,Loading Point,
,,MAHESHWARI ACID & CHEM-BHILWARA,,Offloading Point,
"GNFC,. BHARUCH - - MAHESHWARI ENTERPRISE-ALIGARH",0,"GNFC,. BHARUCH",,Loading Point,
,,MAHESHWARI ENTERPRISE-ALIGARH,,Offloading Point,
"GNFC,. BHARUCH - - MANYA TRADERS-KORBA",0,"GNFC,. BHARUCH",,Loading Point,
,,MANYA TRADERS-KORBA,,Offloading Point,
"GNFC,. BHARUCH - - MATUNGI COTTON-BALOTRA",0,"GNFC,. BHARUCH",,Loading Point,
,,MATUNGI COTTON-BALOTRA,,Offloading Point,
"GNFC,. BHARUCH - - MEGHNAGAR",0,"GNFC,. BHARUCH",,Loading Point,
,,MEGHNAGAR,,Offloading Point,
"GNFC,. BHARUCH - - METMIN COMMTRADE PVT-DHANBAD",0,"GNFC,. BHARUCH",,Loading Point,
,,METMIN COMMTRADE PVT-DHANBAD,,Offloading Point,
"GNFC,. BHARUCH - - METROCHEM API PVT LTD-SANGAREDDY",0,"GNFC,. BHARUCH",,Loading Point,
,,METROCHEM API PVT LTD-SANGAREDDY,,Offloading Point,
"GNFC,. BHARUCH - - METROCHEM API-SANGAREDDY",0,"GNFC,. BHARUCH",,Loading Point,
,,METROCHEM API-SANGAREDDY,,Offloading Point,
"GNFC,. BHARUCH - - MITTAL CHEM-JALESAR",0,"GNFC,. BHARUCH",,Loading Point,
,,MITTAL CHEM-JALESAR,,Offloading Point,
"GNFC,. BHARUCH - - MOTHER DAIRY FRUTI & VEG-JUNAGADH",0,"GNFC,. BHARUCH",,Loading Point,
,,MOTHER DAIRY FRUTI & VEG-JUNAGADH,,Offloading Point,
"GNFC,. BHARUCH - - NATHDWARA CHEMICAL-AMRAVATI)",0,"GNFC,. BHARUCH",,Loading Point,
,,NATHDWARA CHEMICAL-AMRAVATI),,Offloading Point,
"GNFC,. BHARUCH - - NUCLEAR FUEL COMPLEX-RAWATBHATA",0,"GNFC,. BHARUCH",,Loading Point,
,,NUCLEAR FUEL COMPLEX-RAWATBHATA,,Offloading Point,
"GNFC,. BHARUCH - - OM ICE & CHEMICAL-ALIGARH",0,"GNFC,. BHARUCH",,Loading Point,
,,OM ICE & CHEMICAL-ALIGARH,,Offloading Point,
"GNFC,. BHARUCH - - OM NITRATE-WAIDHAN-M.P.",0,"GNFC,. BHARUCH",,Loading Point,
,,OM NITRATE-WAIDHAN-M.P.,,Offloading Point,
"GNFC,. BHARUCH - - PARVATI INTER PRIES-INDOR",0,"GNFC,. BHARUCH",,Loading Point,
,,PARVATI INTER PRIES-INDOR,,Offloading Point,
"GNFC,. BHARUCH - - PORWAL INST & CHEMICAL PVT.LTD-UDAIPUR",0,"GNFC,. BHARUCH",,Loading Point,
,,PORWAL INST & CHEMICAL PVT.LTD-UDAIPUR,,Offloading Point,
"GNFC,. BHARUCH - - PRABUDHA ENTERPRISES-ALIGARH",0,"GNFC,. BHARUCH",,Loading Point,
,,PRABUDHA ENTERPRISES-ALIGARH,,Offloading Point,
"GNFC,. BHARUCH - - PRAGATI CHEMICAL IND-BILLASPUR",0,"GNFC,. BHARUCH",,Loading Point,
,,PRAGATI CHEMICAL IND-BILLASPUR,,Offloading Point,
"GNFC,. BHARUCH - - RADHA KISAN FAQUIR-JALESAR",0,"GNFC,. BHARUCH",,Loading Point,
,,RADHA KISAN FAQUIR-JALESAR,,Offloading Point,
"GNFC,. BHARUCH - - RAIPUR",0,"GNFC,. BHARUCH",,Loading Point,
,,RAIPUR,,Offloading Point,
"GNFC,. BHARUCH - - RAVI ORG LTD ,GURGAON-HARYANA",0,"GNFC,. BHARUCH",,Loading Point,
,,"RAVI ORG LTD ,GURGAON-HARYANA",,Offloading Point,
"GNFC,. BHARUCH - - RICCO IND-BHILWARA",0,"GNFC,. BHARUCH",,Loading Point,
,,RICCO IND-BHILWARA,,Offloading Point,
"GNFC,. BHARUCH - - RIMJHIM STAINLESS LTD-UNNAO",0,"GNFC,. BHARUCH",,Loading Point,
,,RIMJHIM STAINLESS LTD-UNNAO,,Offloading Point,
"GNFC,. BHARUCH - - ROHIT FABTEX-BALOTRA",0,"GNFC,. BHARUCH",,Loading Point,
,,ROHIT FABTEX-BALOTRA,,Offloading Point,
"GNFC,. BHARUCH - - RPM INTERNATIONAL-BHILWARA",0,"GNFC,. BHARUCH",,Loading Point,
,,RPM INTERNATIONAL-BHILWARA,,Offloading Point,
"GNFC,. BHARUCH - - RUDRAKSHA ALLIED CHEM PVT LTD-NAGPUR (M.H)",0,"GNFC,. BHARUCH",,Loading Point,
,,RUDRAKSHA ALLIED CHEM PVT LTD-NAGPUR (M.H),,Offloading Point,
"GNFC,. BHARUCH - - RUPESH KUMAR & SONS-(U.P)",0,"GNFC,. BHARUCH",,Loading Point,
,,RUPESH KUMAR & SONS-(U.P),,Offloading Point,
"GNFC,. BHARUCH - - S.B.ORGANIC LTD-CHANDAPUR",0,"GNFC,. BHARUCH",,Loading Point,
,,S.B.ORGANIC LTD-CHANDAPUR,,Offloading Point,
"GNFC,. BHARUCH - - S.B.ORGANICS LTD-CHANDAPUR",0,"GNFC,. BHARUCH",,Loading Point,
,,S.B.ORGANICS LTD-CHANDAPUR,,Offloading Point,
"GNFC,. BHARUCH - - S.G.CHEMTEX-JODHPUR",0,"GNFC,. BHARUCH",,Loading Point,
,,S.G.CHEMTEX-JODHPUR,,Offloading Point,
"GNFC,. BHARUCH - - SAGAR CHEMICALS-MEHSANA",0,"GNFC,. BHARUCH",,Loading Point,
,,SAGAR CHEMICALS-MEHSANA,,Offloading Point,
"GNFC,. BHARUCH - - SAGAR SALTPETER-ETHA(U.P.)",0,"GNFC,. BHARUCH",,Loading Point,
,,SAGAR SALTPETER-ETHA(U.P.),,Offloading Point,
"GNFC,. BHARUCH - - SARVODAYA INDIA LTD-BHILWARA",0,"GNFC,. BHARUCH",,Loading Point,
,,SARVODAYA INDIA LTD-BHILWARA,,Offloading Point,
"GNFC,. BHARUCH - - SBL ENERGY LIMITED-NAGPUR",0,"GNFC,. BHARUCH",,Loading Point,
,,SBL ENERGY LIMITED-NAGPUR,,Offloading Point,
"GNFC,. BHARUCH - - SELF",0,"GNFC,. BHARUCH",,Loading Point,
,,SELF,,Offloading Point,
"GNFC,. BHARUCH - - SEUTIC LABS PVT LTD",0,"GNFC,. BHARUCH",,Loading Point,
,,SEUTIC LABS PVT LTD,,Offloading Point,
"GNFC,. BHARUCH - - SEUTIC PHARMA PVT LTD-HUMNABAD",0,"GNFC,. BHARUCH",,Loading Point,
,,SEUTIC PHARMA PVT LTD-HUMNABAD,,Offloading Point,
"GNFC,. BHARUCH - - SEUTIC PHARMA-BIDAR",0,"GNFC,. BHARUCH",,Loading Point,
,,SEUTIC PHARMA-BIDAR,,Offloading Point,
"GNFC,. BHARUCH - - SHANKAR LAL RAMPAL DYE-BHILWARA",0,"GNFC,. BHARUCH",,Loading Point,
,,SHANKAR LAL RAMPAL DYE-BHILWARA,,Offloading Point,
"GNFC,. BHARUCH - - SHREE ANANDESHWAR ENT-KANPUR",0,"GNFC,. BHARUCH",,Loading Point,
,,SHREE ANANDESHWAR ENT-KANPUR,,Offloading Point,
"GNFC,. BHARUCH - - SHREE BALAJI CHEMICALS-JALESA",0,"GNFC,. BHARUCH",,Loading Point,
,,SHREE BALAJI CHEMICALS-JALESA,,Offloading Point,
"GNFC,. BHARUCH - - SHREE JAYA LAB-MALKAPUR",0,"GNFC,. BHARUCH",,Loading Point,
,,SHREE JAYA LAB-MALKAPUR,,Offloading Point,
"GNFC,. BHARUCH - - SHREE KRISHNA ENT-ALIGARH",0,"GNFC,. BHARUCH",,Loading Point,
,,SHREE KRISHNA ENT-ALIGARH,,Offloading Point,
"GNFC,. BHARUCH - - SHREE KRISHNA EXP & ACCE-TIRUPAT",0,"GNFC,. BHARUCH",,Loading Point,
,,SHREE KRISHNA EXP & ACCE-TIRUPAT,,Offloading Point,
"GNFC,. BHARUCH - - SHREE KRISHNA EXPLOSIVE & ACCESS-KORBA",0,"GNFC,. BHARUCH",,Loading Point,
,,SHREE KRISHNA EXPLOSIVE & ACCESS-KORBA,,Offloading Point,
"GNFC,. BHARUCH - - SHRI BALAJI CHEMICALS-JALESAR",0,"GNFC,. BHARUCH",,Loading Point,
,,SHRI BALAJI CHEMICALS-JALESAR,,Offloading Point,
"GNFC,. BHARUCH - - SHRI KRISHNA ENT-JALESAR",0,"GNFC,. BHARUCH",,Loading Point,
,,SHRI KRISHNA ENT-JALESAR,,Offloading Point,
"GNFC,. BHARUCH - - SINGRUALI",0,"GNFC,. BHARUCH",,Loading Point,
,,SINGRUALI,,Offloading Point,
"GNFC,. BHARUCH - - SNEHAA FARMA CHEM-SANGAREDDY",0,"GNFC,. BHARUCH",,Loading Point,
,,SNEHAA FARMA CHEM-SANGAREDDY,,Offloading Point,
"GNFC,. BHARUCH - - SNIGDHA BASIC CHEM-INDORE",0,"GNFC,. BHARUCH",,Loading Point,
,,SNIGDHA BASIC CHEM-INDORE,,Offloading Point,
"GNFC,. BHARUCH - - SONA PROCESSORS-BHILWARA",0,"GNFC,. BHARUCH",,Loading Point,
,,SONA PROCESSORS-BHILWARA,,Offloading Point,
"GNFC,. BHARUCH - - SONA SELECTION-BHILWARA",0,"GNFC,. BHARUCH",,Loading Point,
,,SONA SELECTION-BHILWARA,,Offloading Point,
"GNFC,. BHARUCH - - SPECIAL BLASTS LTD-PIRDA",0,"GNFC,. BHARUCH",,Loading Point,
,,SPECIAL BLASTS LTD-PIRDA,,Offloading Point,
"GNFC,. BHARUCH - - SPECIAL BLASTS-RAIGARH",0,"GNFC,. BHARUCH",,Loading Point,
,,SPECIAL BLASTS-RAIGARH,,Offloading Point,
"GNFC,. BHARUCH - - SREE SHIV CHEMICAL-(U.P)",0,"GNFC,. BHARUCH",,Loading Point,
,,SREE SHIV CHEMICAL-(U.P),,Offloading Point,
"GNFC,. BHARUCH - - SREE SHIV CHEMICAL-HATHRAS (U.P.)",0,"GNFC,. BHARUCH",,Loading Point,
,,SREE SHIV CHEMICAL-HATHRAS (U.P.),,Offloading Point,
"GNFC,. BHARUCH - - SRF-DAHEJ",0,"GNFC,. BHARUCH",,Loading Point,
,,SRF-DAHEJ,,Offloading Point,
"GNFC,. BHARUCH - - SRI KRISHNA EXPLOSIVES-A.P.",0,"GNFC,. BHARUCH",,Loading Point,
,,SRI KRISHNA EXPLOSIVES-A.P.,,Offloading Point,
"GNFC,. BHARUCH - - SUKHA CHEMICALS IND UNIT-11-PANOLI",0,"GNFC,. BHARUCH",,Loading Point,
,,SUKHA CHEMICALS IND UNIT-11-PANOLI,,Offloading Point,
"GNFC,. BHARUCH - - SULZERPROCE-SSOR-BHILWARA",0,"GNFC,. BHARUCH",,Loading Point,
,,SULZERPROCE-SSOR-BHILWARA,,Offloading Point,
"GNFC,. BHARUCH - - SUMIT CHEM TEX-JODHPUR",0,"GNFC,. BHARUCH",,Loading Point,
,,SUMIT CHEM TEX-JODHPUR,,Offloading Point,
"GNFC,. BHARUCH - - SUN IND PVT LTD-LUDHIANA",0,"GNFC,. BHARUCH",,Loading Point,
,,SUN IND PVT LTD-LUDHIANA,,Offloading Point,
"GNFC,. BHARUCH - - SUNIL TRADING-BEAWAR",0,"GNFC,. BHARUCH",,Loading Point,
,,SUNIL TRADING-BEAWAR,,Offloading Point,
"GNFC,. BHARUCH - - SUPER ACID & CHEMICALS-WEST DELHI",0,"GNFC,. BHARUCH",,Loading Point,
,,SUPER ACID & CHEMICALS-WEST DELHI,,Offloading Point,
"GNFC,. BHARUCH - - SWAMI ENT-HATHRAS-U.P",0,"GNFC,. BHARUCH",,Loading Point,
,,SWAMI ENT-HATHRAS-U.P,,Offloading Point,
"GNFC,. BHARUCH - - T.J.AGRO.IND-JUNAGADH",0,"GNFC,. BHARUCH",,Loading Point,
,,T.J.AGRO.IND-JUNAGADH,,Offloading Point,
"GNFC,. BHARUCH - - TAGOOR CHEM PVT- (A.P.)",0,"GNFC,. BHARUCH",,Loading Point,
,,TAGOOR CHEM PVT- (A.P.),,Offloading Point,
"GNFC,. BHARUCH - - TANAY INORGANICS PVT. LTD-NAGPUR",0,"GNFC,. BHARUCH",,Loading Point,
,,TANAY INORGANICS PVT. LTD-NAGPUR,,Offloading Point,
"GNFC,. BHARUCH - - TATA CHEMICAL LTD-CUDDALORE",0,"GNFC,. BHARUCH",,Loading Point,
,,TATA CHEMICAL LTD-CUDDALORE,,Offloading Point,
"GNFC,. BHARUCH - - UDAIPUR POLY SACKS LTD-UDAIPUR",0,"GNFC,. BHARUCH",,Loading Point,
,,UDAIPUR POLY SACKS LTD-UDAIPUR,,Offloading Point,
"GNFC,. BHARUCH - - UMARGAON",0,"GNFC,. BHARUCH",,Loading Point,
,,UMARGAON,,Offloading Point,
"GNFC,. BHARUCH - - UMESH ENT SHIKOHABAD U.P",0,"GNFC,. BHARUCH",,Loading Point,
,,UMESH ENT SHIKOHABAD U.P,,Offloading Point,
"GNFC,. BHARUCH - - UMESH ENTERPRISES-FIROZABAD(UP)",0,"GNFC,. BHARUCH",,Loading Point,
,,UMESH ENTERPRISES-FIROZABAD(UP),,Offloading Point,
"GNFC,. BHARUCH - - UNITED ACID & CHEMICAL-BANGLORE",0,"GNFC,. BHARUCH",,Loading Point,
,,UNITED ACID & CHEMICAL-BANGLORE,,Offloading Point,
"GNFC,. BHARUCH - - VEDANT CHEMICALS-TELNAGANA",0,"GNFC,. BHARUCH",,Loading Point,
,,VEDANT CHEMICALS-TELNAGANA,,Offloading Point,
"GNFC,. BHARUCH - - VEDANT PETROCHEM-TELANGANA",0,"GNFC,. BHARUCH",,Loading Point,
,,VEDANT PETROCHEM-TELANGANA,,Offloading Point,
"GNFC,. BHARUCH - - VESTRO SOLVENTS PVT LTD",0,"GNFC,. BHARUCH",,Loading Point,
,,VESTRO SOLVENTS PVT LTD,,Offloading Point,
"GNFC,. BHARUCH - - VIKASH ACID-BHILWARA",0,"GNFC,. BHARUCH",,Loading Point,
,,VIKASH ACID-BHILWARA,,Offloading Point,
"GNFC,. BHARUCH - - VISHAKHA METALS-MUNDRA",0,"GNFC,. BHARUCH",,Loading Point,
,,VISHAKHA METALS-MUNDRA,,Offloading Point,
"GNFC,. BHARUCH - - YOGESHWAR-NAROL-A.BAD",0,"GNFC,. BHARUCH",,Loading Point,
,,YOGESHWAR-NAROL-A.BAD,,Offloading Point,
GODHREJ AMARNATH (M.H) - - YOGESHWAR-NAROL-A.BAD,0,GODHREJ AMARNATH (M.H),,Loading Point,
,,YOGESHWAR-NAROL-A.BAD,,Offloading Point,
GOKUL AGRO RESOURCES-HALDIA - - SHREE UDYOG-KANPUR,0,GOKUL AGRO RESOURCES-HALDIA,,Loading Point,
,,SHREE UDYOG-KANPUR,,Offloading Point,
GOLDEN CASHEW PRODUCT.P.LTD-PUDUCHERRY - - PINETECH CHEMICALS-HOSIARPUR,0,GOLDEN CASHEW PRODUCT.P.LTD-PUDUCHERRY,,Loading Point,
,,PINETECH CHEMICALS-HOSIARPUR,,Offloading Point,
GOWARDHAN BIOCHEM-DURG-(CHHATTISGARH) - - G.S.F.C LTD-ROZYPORT-JAMNAGAR,0,GOWARDHAN BIOCHEM-DURG-(CHHATTISGARH),,Loading Point,
,,G.S.F.C LTD-ROZYPORT-JAMNAGAR,,Offloading Point,
GOWARDHAN BIOCHEM-DURG-(CHHATTISGARH) - - KRISHAK BHARATI CO.OP LTD-SURAT,0,GOWARDHAN BIOCHEM-DURG-(CHHATTISGARH),,Loading Point,
,,KRISHAK BHARATI CO.OP LTD-SURAT,,Offloading Point,
GOWARDHAN BIOCHEM-DURG-(CHHATTISGARH) - - NARMADA BIO-CHEM-DAHEJ,0,GOWARDHAN BIOCHEM-DURG-(CHHATTISGARH),,Loading Point,
,,NARMADA BIO-CHEM-DAHEJ,,Offloading Point,
GOWARDHAN BIOCHEM-DURG-(CHHATTISGARH) - - NATIONAL FERTILIZERS LTD-GUNA (M.P),0,GOWARDHAN BIOCHEM-DURG-(CHHATTISGARH),,Loading Point,
,,NATIONAL FERTILIZERS LTD-GUNA (M.P),,Offloading Point,
GRASIM CELLUOSIC-VILAYAT - - H.N. ENT. NANDESARI,0,GRASIM CELLUOSIC-VILAYAT,,Loading Point,
,,H.N. ENT. NANDESARI,,Offloading Point,
GRASIM CELLUOSIC-VILAYAT - - RMP-NARDANA,0,GRASIM CELLUOSIC-VILAYAT,,Loading Point,
,,RMP-NARDANA,,Offloading Point,
GRASIM IND LTD-KARWAR - - AQUAPHARM CHE PVT LTD.MAHAD-M.H,0,GRASIM IND LTD-KARWAR,,Loading Point,
,,AQUAPHARM CHE PVT LTD.MAHAD-M.H,,Offloading Point,
GRASIM IND LTD-VILAYAT BHARUCH - - ADANI HAZIRA-SURAT,0,GRASIM IND LTD-VILAYAT BHARUCH,,Loading Point,
,,ADANI HAZIRA-SURAT,,Offloading Point,
GRASIM IND LTD-VILAYAT BHARUCH - - AKSHAR CHEM INDIA-MEHSANA,0,GRASIM IND LTD-VILAYAT BHARUCH,,Loading Point,
,,AKSHAR CHEM INDIA-MEHSANA,,Offloading Point,
GRASIM IND LTD-VILAYAT BHARUCH - - HCL-ANKLESHWAR,0,GRASIM IND LTD-VILAYAT BHARUCH,,Loading Point,
,,HCL-ANKLESHWAR,,Offloading Point,
GRASIM IND LTD-VILAYAT BHARUCH - - KANPUR,0,GRASIM IND LTD-VILAYAT BHARUCH,,Loading Point,
,,KANPUR,,Offloading Point,
"GRASIM IND LTD-VILAYAT BHARUCH - - R.M.PHOSPHATE,DHULIA",0,GRASIM IND LTD-VILAYAT BHARUCH,,Loading Point,
,,"R.M.PHOSPHATE,DHULIA",,Offloading Point,
GRASIM IND. LTD.-KOSAMBA - - GRASIM IND LTD-VILAYAT BHARUCH,0,GRASIM IND. LTD.-KOSAMBA,,Loading Point,
,,GRASIM IND LTD-VILAYAT BHARUCH,,Offloading Point,
GRASIM IND-LTD-NAGDA - - ADANI HAZIRA-SURAT,0,GRASIM IND-LTD-NAGDA,,Loading Point,
,,ADANI HAZIRA-SURAT,,Offloading Point,
GRASIM IND-LTD-NAGDA - - ANUPAM RASAYAN INDIA LTD-SACHIN,0,GRASIM IND-LTD-NAGDA,,Loading Point,
,,ANUPAM RASAYAN INDIA LTD-SACHIN,,Offloading Point,
"GRASIM IND-LTD-NAGDA - - GIL, VILAYAT",0,GRASIM IND-LTD-NAGDA,,Loading Point,
,,"GIL, VILAYAT",,Offloading Point,
GRASIM IND-LTD-NAGDA - - HINDUSTAN UNILEVER-KHAMGAON,0,GRASIM IND-LTD-NAGDA,,Loading Point,
,,HINDUSTAN UNILEVER-KHAMGAON,,Offloading Point,
"GRASIM IND-LTD-NAGDA - - ORGANIC IND,DAHEJ",0,GRASIM IND-LTD-NAGDA,,Loading Point,
,,"ORGANIC IND,DAHEJ",,Offloading Point,
GRASIM IND-LTD-NAGDA - - SURAT,0,GRASIM IND-LTD-NAGDA,,Loading Point,
,,SURAT,,Offloading Point,
GSFC LTD. BARODA - - ANKLESHWAR,0,GSFC LTD. BARODA,,Loading Point,
,,ANKLESHWAR,,Offloading Point,
GSFC LTD. BARODA - - BIRLA-DAHEJ,0,GSFC LTD. BARODA,,Loading Point,
,,BIRLA-DAHEJ,,Offloading Point,
GSFC LTD. BARODA - - CHEMIE ORG. JHAGADIA,0,GSFC LTD. BARODA,,Loading Point,
,,CHEMIE ORG. JHAGADIA,,Offloading Point,
GSFC LTD. BARODA - - CRYSTAL IND-RAJKOT,0,GSFC LTD. BARODA,,Loading Point,
,,CRYSTAL IND-RAJKOT,,Offloading Point,
"GSFC LTD. BARODA - - DEEPAK NIT, NANDESARI",0,GSFC LTD. BARODA,,Loading Point,
,,"DEEPAK NIT, NANDESARI",,Offloading Point,
GSFC LTD. BARODA - - EXW-FERTILIZERNAGAR-ANK,0,GSFC LTD. BARODA,,Loading Point,
,,EXW-FERTILIZERNAGAR-ANK,,Offloading Point,
GSFC LTD. BARODA - - GACL-BARODA,0,GSFC LTD. BARODA,,Loading Point,
,,GACL-BARODA,,Offloading Point,
GSFC LTD. BARODA - - GACL-DAHEJ,0,GSFC LTD. BARODA,,Loading Point,
,,GACL-DAHEJ,,Offloading Point,
"GSFC LTD. BARODA - - GEB, PANENDRO",0,GSFC LTD. BARODA,,Loading Point,
,,"GEB, PANENDRO",,Offloading Point,
GSFC LTD. BARODA - - GSFC LTD. SIKKA UNIT,0,GSFC LTD. BARODA,,Loading Point,
,,GSFC LTD. SIKKA UNIT,,Offloading Point,
GSFC LTD. BARODA - - HZL-DEBARI,0,GSFC LTD. BARODA,,Loading Point,
,,HZL-DEBARI,,Offloading Point,
GSFC LTD. BARODA - - INDORE,0,GSFC LTD. BARODA,,Loading Point,
,,INDORE,,Offloading Point,
GSFC LTD. BARODA - - JAKSH CASTOR PRODUCTS LTD-GAJERA,0,GSFC LTD. BARODA,,Loading Point,
,,JAKSH CASTOR PRODUCTS LTD-GAJERA,,Offloading Point,
GSFC LTD. BARODA - - JAYANT AGRO ORGANIC-DHANORA,0,GSFC LTD. BARODA,,Loading Point,
,,JAYANT AGRO ORGANIC-DHANORA,,Offloading Point,
GSFC LTD. BARODA - - JAYANT AGRO-RANOLI,0,GSFC LTD. BARODA,,Loading Point,
,,JAYANT AGRO-RANOLI,,Offloading Point,
GSFC LTD. BARODA - - KAKADIYA CHEM-ANK,0,GSFC LTD. BARODA,,Loading Point,
,,KAKADIYA CHEM-ANK,,Offloading Point,
GSFC LTD. BARODA - - KLJ SILVASSA,0,GSFC LTD. BARODA,,Loading Point,
,,KLJ SILVASSA,,Offloading Point,
GSFC LTD. BARODA - - LALIT BRATHER-INDOR,0,GSFC LTD. BARODA,,Loading Point,
,,LALIT BRATHER-INDOR,,Offloading Point,
"GSFC LTD. BARODA - - MMCPL,JHAGADIA",0,GSFC LTD. BARODA,,Loading Point,
,,"MMCPL,JHAGADIA",,Offloading Point,
GSFC LTD. BARODA - - NEW INDIA-NANDESARI,0,GSFC LTD. BARODA,,Loading Point,
,,NEW INDIA-NANDESARI,,Offloading Point,
GSFC LTD. BARODA - - OM SAI CHEMICAL-ANKLESHWAR,0,GSFC LTD. BARODA,,Loading Point,
,,OM SAI CHEMICAL-ANKLESHWAR,,Offloading Point,
GSFC LTD. BARODA - - PRAKASH CHEMICAL AGENCIES-VADODARA,0,GSFC LTD. BARODA,,Loading Point,
,,PRAKASH CHEMICAL AGENCIES-VADODARA,,Offloading Point,
GSFC LTD. BARODA - - RAJKOT,0,GSFC LTD. BARODA,,Loading Point,
,,RAJKOT,,Offloading Point,
"GSFC LTD. BARODA - - SABAR DAIRY,HIMMATNAGAR",0,GSFC LTD. BARODA,,Loading Point,
,,"SABAR DAIRY,HIMMATNAGAR",,Offloading Point,
GSFC LTD. BARODA - - SHREE CHLORATES-DHAR(M.P),0,GSFC LTD. BARODA,,Loading Point,
,,SHREE CHLORATES-DHAR(M.P),,Offloading Point,
GSFC LTD. BARODA - - SHREE VAM INDUS-RAJKOT,0,GSFC LTD. BARODA,,Loading Point,
,,SHREE VAM INDUS-RAJKOT,,Offloading Point,
GSFC LTD. BARODA - - STYRENIX PERFORMANCE-NANDESARI,0,GSFC LTD. BARODA,,Loading Point,
,,STYRENIX PERFORMANCE-NANDESARI,,Offloading Point,
GSFC LTD. BARODA - - UPL LTD-JHAGADIA,0,GSFC LTD. BARODA,,Loading Point,
,,UPL LTD-JHAGADIA,,Offloading Point,
GSFC LTD. BARODA - - VAKRATUNDA CHEM-UDAIPUR,0,GSFC LTD. BARODA,,Loading Point,
,,VAKRATUNDA CHEM-UDAIPUR,,Offloading Point,
GSFC LTD. BARODA - - VAPI,0,GSFC LTD. BARODA,,Loading Point,
,,VAPI,,Offloading Point,
GUJARAT DYE STUFF-KUTCH - - VIKASH ACID-BHILWARA,0,GUJARAT DYE STUFF-KUTCH,,Loading Point,
,,VIKASH ACID-BHILWARA,,Offloading Point,
GULJAG IND.LTD-JODHPUR - - AROMATICS INDIA PVT LTD-UDAIPUR,0,GULJAG IND.LTD-JODHPUR,,Loading Point,
,,AROMATICS INDIA PVT LTD-UDAIPUR,,Offloading Point,
GULJAG IND.LTD-JODHPUR - - WESTERN DRUG LTD-UDAIPUR,0,GULJAG IND.LTD-JODHPUR,,Loading Point,
,,WESTERN DRUG LTD-UDAIPUR,,Offloading Point,
GUNGUN SALES COR-ROHTAK - - K.N.RESOURCES PVT LTD-KANDLA PORT,0,GUNGUN SALES COR-ROHTAK,,Loading Point,
,,K.N.RESOURCES PVT LTD-KANDLA PORT,,Offloading Point,
HALDIA - - ADANI POWER-JHARKHAND,0,HALDIA,,Loading Point,
,,ADANI POWER-JHARKHAND,,Offloading Point,
HALDIA - - BHIWADI,0,HALDIA,,Loading Point,
,,BHIWADI,,Offloading Point,
HALDIA - - GAZIABAD,0,HALDIA,,Loading Point,
,,GAZIABAD,,Offloading Point,
HALDIA - - GODHREJ CONSUMER PRODUCTS-MALANPUR(M.P),0,HALDIA,,Loading Point,
,,GODHREJ CONSUMER PRODUCTS-MALANPUR(M.P),,Offloading Point,
HALDIA - - JHONPURA,0,HALDIA,,Loading Point,
,,JHONPURA,,Offloading Point,
"HALDIA - - JINDAL ST.STEEL-JAJPUR,ORISSA",0,HALDIA,,Loading Point,
,,"JINDAL ST.STEEL-JAJPUR,ORISSA",,Offloading Point,
HALDIA - - NTPC LTD-MOUDHA-NAGPUR,0,HALDIA,,Loading Point,
,,NTPC LTD-MOUDHA-NAGPUR,,Offloading Point,
HALDIA - - NTPC-SIPAT-BILSAPUR,0,HALDIA,,Loading Point,
,,NTPC-SIPAT-BILSAPUR,,Offloading Point,
HALDIA - - PHILLIPS CARBON BLACK LTD-PALEJ,0,HALDIA,,Loading Point,
,,PHILLIPS CARBON BLACK LTD-PALEJ,,Offloading Point,
HALDIA - - RAIPUR,0,HALDIA,,Loading Point,
,,RAIPUR,,Offloading Point,
HALDIA - - VARANASI,0,HALDIA,,Loading Point,
,,VARANASI,,Offloading Point,
HALDIA PETROCHEMICAL LTD-HALDIA - - G.K.BURMAN HERBALS-HARIDWAR,0,HALDIA PETROCHEMICAL LTD-HALDIA,,Loading Point,
,,G.K.BURMAN HERBALS-HARIDWAR,,Offloading Point,
HALDIA PETROCHEMICAL LTD-HALDIA - - KANPUR,0,HALDIA PETROCHEMICAL LTD-HALDIA,,Loading Point,
,,KANPUR,,Offloading Point,
HALDIA PETROCHEMICAL LTD-HALDIA - - MALANPUR,0,HALDIA PETROCHEMICAL LTD-HALDIA,,Loading Point,
,,MALANPUR,,Offloading Point,
HALDIA PETROCHEMICAL LTD-HALDIA - - PHILLIPS CARBON BLACK LTD-PALEJ,0,HALDIA PETROCHEMICAL LTD-HALDIA,,Loading Point,
,,PHILLIPS CARBON BLACK LTD-PALEJ,,Offloading Point,
HALDIA PETROCHEMICAL LTD-HALDIA - - SHREE UDYOG-KANPUR,0,HALDIA PETROCHEMICAL LTD-HALDIA,,Loading Point,
,,SHREE UDYOG-KANPUR,,Offloading Point,
HALDIA PETROCHEMICAL LTD-HALDIA - - UNILEVER INDIA LTD-SUMERPUR-(UP),0,HALDIA PETROCHEMICAL LTD-HALDIA,,Loading Point,
,,UNILEVER INDIA LTD-SUMERPUR-(UP),,Offloading Point,
HALDIRAM FOODS INT-NAGPUR - - INDORE,0,HALDIRAM FOODS INT-NAGPUR,,Loading Point,
,,INDORE,,Offloading Point,
HANWHA INTERNATIONAL INDIA-G.DHAM - - HVG LOGISTICS PVT-24 PARGANAS-(W.B.),0,HANWHA INTERNATIONAL INDIA-G.DHAM,,Loading Point,
,,HVG LOGISTICS PVT-24 PARGANAS-(W.B.),,Offloading Point,
HARSH ORGENO-VATVA - - ZJL ORGANIC PVT-MEGHNAGAR,0,HARSH ORGENO-VATVA,,Loading Point,
,,ZJL ORGANIC PVT-MEGHNAGAR,,Offloading Point,
HAZIRA PORT SURAT - - CAUSTIC SODALYE,0,HAZIRA PORT SURAT,,Loading Point,
,,CAUSTIC SODALYE,,Offloading Point,
HAZIRA PORT SURAT - - SNIGDHA BASIC CHEM-INDORE,0,HAZIRA PORT SURAT,,Loading Point,
,,SNIGDHA BASIC CHEM-INDORE,,Offloading Point,
HINDALCO IND.LTD-RENUKOOT - - CENTURY PULP & PAPER-LALKUA (U.KHAND),0,HINDALCO IND.LTD-RENUKOOT,,Loading Point,
,,CENTURY PULP & PAPER-LALKUA (U.KHAND),,Offloading Point,
HOPL MANJUSAR - - BHAVNAGAR,0,HOPL MANJUSAR,,Loading Point,
,,BHAVNAGAR,,Offloading Point,
HOPL MANJUSAR - - HOPL-NANDESARI,0,HOPL MANJUSAR,,Loading Point,
,,HOPL-NANDESARI,,Offloading Point,
HOPL MANJUSAR - - RENAISSANCE INDUSTRIES-BHAVNAGAR,0,HOPL MANJUSAR,,Loading Point,
,,RENAISSANCE INDUSTRIES-BHAVNAGAR,,Offloading Point,
HOPL-NANDESARI - - AMFICO LIQUID LOGISTIC-MUMBAI,0,HOPL-NANDESARI,,Loading Point,
,,AMFICO LIQUID LOGISTIC-MUMBAI,,Offloading Point,
HOPL-NANDESARI - - HOPL MANJUSAR,0,HOPL-NANDESARI,,Loading Point,
,,HOPL MANJUSAR,,Offloading Point,
HOPL-NANDESARI - - HOPL-SAVLI,0,HOPL-NANDESARI,,Loading Point,
,,HOPL-SAVLI,,Offloading Point,
HOPL-NANDESARI - - MUMBAI (M.H.),0,HOPL-NANDESARI,,Loading Point,
,,MUMBAI (M.H.),,Offloading Point,
"HOPL-NANDESARI - - NANDESARI UNIT,SELF",0,HOPL-NANDESARI,,Loading Point,
,,"NANDESARI UNIT,SELF",,Offloading Point,
HOPL-NANDESARI - - SRF LTD BHIWADI,0,HOPL-NANDESARI,,Loading Point,
,,SRF LTD BHIWADI,,Offloading Point,
HOPL-NANDESARI - - SRF-DAHEJ,0,HOPL-NANDESARI,,Loading Point,
,,SRF-DAHEJ,,Offloading Point,
HOPL-NANDESARI - - SUPREM-NANDESARI,0,HOPL-NANDESARI,,Loading Point,
,,SUPREM-NANDESARI,,Offloading Point,
HOPL-SAVLI - - HOPL-NANDESARI,0,HOPL-SAVLI,,Loading Point,
,,HOPL-NANDESARI,,Offloading Point,
HRSU INDORE PVT LTD-SHAJAPUR - - MAHARASHTRA ENT-KHOPOL,0,HRSU INDORE PVT LTD-SHAJAPUR,,Loading Point,
,,MAHARASHTRA ENT-KHOPOL,,Offloading Point,
HRSU INDORE PVT LTD-SHAJAPUR - - SUNIL CHEMICALS-MUMBAI,0,HRSU INDORE PVT LTD-SHAJAPUR,,Loading Point,
,,SUNIL CHEMICALS-MUMBAI,,Offloading Point,
HZL-CHITTORGARH - - AIM CHEMTECH PVT LTD-PITHAMPUR,0,HZL-CHITTORGARH,,Loading Point,
,,AIM CHEMTECH PVT LTD-PITHAMPUR,,Offloading Point,
HZL-CHITTORGARH - - ARIHANT DETERGENT PVT LTD-AVDHAN,0,HZL-CHITTORGARH,,Loading Point,
,,ARIHANT DETERGENT PVT LTD-AVDHAN,,Offloading Point,
HZL-CHITTORGARH - - CIL -NANDESARI,0,HZL-CHITTORGARH,,Loading Point,
,,CIL -NANDESARI,,Offloading Point,
HZL-CHITTORGARH - - CIL-MUNIRABAD RS-KARNATAKA,0,HZL-CHITTORGARH,,Loading Point,
,,CIL-MUNIRABAD RS-KARNATAKA,,Offloading Point,
HZL-CHITTORGARH - - CIL-NIMRANI KHARGONE(MP),0,HZL-CHITTORGARH,,Loading Point,
,,CIL-NIMRANI KHARGONE(MP),,Offloading Point,
HZL-CHITTORGARH - - DCCPP.PRVUNL-CHHAWANI,0,HZL-CHITTORGARH,,Loading Point,
,,DCCPP.PRVUNL-CHHAWANI,,Offloading Point,
HZL-CHITTORGARH - - DJ SURFACTANTS-HIMACHAL PRADESH,0,HZL-CHITTORGARH,,Loading Point,
,,DJ SURFACTANTS-HIMACHAL PRADESH,,Offloading Point,
"HZL-CHITTORGARH - - FENA LTD, SILVASSA",0,HZL-CHITTORGARH,,Loading Point,
,,"FENA LTD, SILVASSA",,Offloading Point,
HZL-CHITTORGARH - - GACL-BARODA,0,HZL-CHITTORGARH,,Loading Point,
,,GACL-BARODA,,Offloading Point,
HZL-CHITTORGARH - - GSFC LTD. BARODA,0,HZL-CHITTORGARH,,Loading Point,
,,GSFC LTD. BARODA,,Offloading Point,
HZL-CHITTORGARH - - GSFC LTD. SIKKA UNIT,0,HZL-CHITTORGARH,,Loading Point,
,,GSFC LTD. SIKKA UNIT,,Offloading Point,
HZL-CHITTORGARH - - HZL-DARIBA,0,HZL-CHITTORGARH,,Loading Point,
,,HZL-DARIBA,,Offloading Point,
HZL-CHITTORGARH - - HZL-SINDESAR KHURD-RAJSAMAND,0,HZL-CHITTORGARH,,Loading Point,
,,HZL-SINDESAR KHURD-RAJSAMAND,,Offloading Point,
HZL-CHITTORGARH - - KALISINDH SUPER THERMAL POWER-JHALARAPATAN,0,HZL-CHITTORGARH,,Loading Point,
,,KALISINDH SUPER THERMAL POWER-JHALARAPATAN,,Offloading Point,
HZL-CHITTORGARH - - KCFL-DAHEJ,0,HZL-CHITTORGARH,,Loading Point,
,,KCFL-DAHEJ,,Offloading Point,
HZL-CHITTORGARH - - MALCO ENERGY LTD-CUNCOLIM-GOA,0,HZL-CHITTORGARH,,Loading Point,
,,MALCO ENERGY LTD-CUNCOLIM-GOA,,Offloading Point,
HZL-CHITTORGARH - - NEW INDIA DET. PVT LTD-SARIGAM,0,HZL-CHITTORGARH,,Loading Point,
,,NEW INDIA DET. PVT LTD-SARIGAM,,Offloading Point,
HZL-CHITTORGARH - - NEW INDIA DETERGENT PVT LTD (MAHAD),0,HZL-CHITTORGARH,,Loading Point,
,,NEW INDIA DETERGENT PVT LTD (MAHAD),,Offloading Point,
HZL-CHITTORGARH - - R.M. CHEMICALS-DHULE,0,HZL-CHITTORGARH,,Loading Point,
,,R.M. CHEMICALS-DHULE,,Offloading Point,
HZL-CHITTORGARH - - RAJASTHAN RAJYA-RAMGARH,0,HZL-CHITTORGARH,,Loading Point,
,,RAJASTHAN RAJYA-RAMGARH,,Offloading Point,
HZL-CHITTORGARH - - RAMAPURA AGUCHA MINES-(RAJ),0,HZL-CHITTORGARH,,Loading Point,
,,RAMAPURA AGUCHA MINES-(RAJ),,Offloading Point,
HZL-CHITTORGARH - - RSPL-AURANGABAD,0,HZL-CHITTORGARH,,Loading Point,
,,RSPL-AURANGABAD,,Offloading Point,
HZL-CHITTORGARH - - SELF,0,HZL-CHITTORGARH,,Loading Point,
,,SELF,,Offloading Point,
HZL-CHITTORGARH - - SHIVANI DET PVT LTD-M.NAGAR,0,HZL-CHITTORGARH,,Loading Point,
,,SHIVANI DET PVT LTD-M.NAGAR,,Offloading Point,
HZL-CHITTORGARH - - SHREE CEMENT LTD-BEAWAR,0,HZL-CHITTORGARH,,Loading Point,
,,SHREE CEMENT LTD-BEAWAR,,Offloading Point,
HZL-CHITTORGARH - - SHREEJI LIQUID STORAGE TERMINAL-KANDLA,0,HZL-CHITTORGARH,,Loading Point,
,,SHREEJI LIQUID STORAGE TERMINAL-KANDLA,,Offloading Point,
HZL-CHITTORGARH - - SURATGARH THERMAL POWER-SURATHGARH,0,HZL-CHITTORGARH,,Loading Point,
,,SURATGARH THERMAL POWER-SURATHGARH,,Offloading Point,
HZL-CHITTORGARH - - UDAIPUR POLY SACKS LTD-UDAIPUR,0,HZL-CHITTORGARH,,Loading Point,
,,UDAIPUR POLY SACKS LTD-UDAIPUR,,Offloading Point,
HZL-CHITTORGARH - - ZAWAR-RAJ,0,HZL-CHITTORGARH,,Loading Point,
,,ZAWAR-RAJ,,Offloading Point,
HZL-CHITTORGARH - - ZINCO FERTILIZERS-MANDAL,0,HZL-CHITTORGARH,,Loading Point,
,,ZINCO FERTILIZERS-MANDAL,,Offloading Point,
HZL-DARIBA - - A.P.L. BHUJ,0,HZL-DARIBA,,Loading Point,
,,A.P.L. BHUJ,,Offloading Point,
HZL-DARIBA - - AHMEDABAD,0,HZL-DARIBA,,Loading Point,
,,KEMIT CHEMICALS PVT LTD-AHMEDABAD,,Offloading Point,
HZL-DARIBA - - AMBUJA INTERMEDIATES-MEHSANA,0,HZL-DARIBA,,Loading Point,
,,AMBUJA INTERMEDIATES-MEHSANA,,Offloading Point,
"HZL-DARIBA - - ARIHANT DET,DHULIA",0,HZL-DARIBA,,Loading Point,
,,"ARIHANT DET,DHULIA",,Offloading Point,
HZL-DARIBA - - AROMETIC-G DHAM-KUTCH,0,HZL-DARIBA,,Loading Point,
,,AROMETIC-G DHAM-KUTCH,,Offloading Point,
HZL-DARIBA - - BRIMSTONE AGRO-KANERA,0,HZL-DARIBA,,Loading Point,
,,BRIMSTONE AGRO-KANERA,,Offloading Point,
HZL-DARIBA - - CHANDAN STEEL LTD-UMBERGAON,0,HZL-DARIBA,,Loading Point,
,,CHANDAN STEEL LTD-UMBERGAON,,Offloading Point,
HZL-DARIBA - - CIL -NANDESARI,0,HZL-DARIBA,,Loading Point,
,,CIL -NANDESARI,,Offloading Point,
HZL-DARIBA - - CIL-ENNORE-CHENNAI,0,HZL-DARIBA,,Loading Point,
,,CIL-ENNORE-CHENNAI,,Offloading Point,
HZL-DARIBA - - CIL-MUNIRABAD RS-KARNATAKA,0,HZL-DARIBA,,Loading Point,
,,CIL-MUNIRABAD RS-KARNATAKA,,Offloading Point,
HZL-DARIBA - - CIL-NIMRANI KHARGONE(MP),0,HZL-DARIBA,,Loading Point,
,,CIL-NIMRANI KHARGONE(MP),,Offloading Point,
HZL-DARIBA - - CIL-PALI (M.H.),0,HZL-DARIBA,,Loading Point,
,,CIL-PALI (M.H.),,Offloading Point,
HZL-DARIBA - - D.J.DYE CHEM-DAMAN,0,HZL-DARIBA,,Loading Point,
,,D.J.DYE CHEM-DAMAN,,Offloading Point,
HZL-DARIBA - - DAHEJ,0,HZL-DARIBA,,Loading Point,
,,DAHEJ,,Offloading Point,
"HZL-DARIBA - - DEEPAK NIT, NANDESARI",0,HZL-DARIBA,,Loading Point,
,,"DEEPAK NIT, NANDESARI",,Offloading Point,
HZL-DARIBA - - DHANLAKSHMI BIOCHEM-AHMEDABAD,0,HZL-DARIBA,,Loading Point,
,,DHANLAKSHMI BIOCHEM-AHMEDABAD,,Offloading Point,
"HZL-DARIBA - - FENA LTD, SILVASSA",0,HZL-DARIBA,,Loading Point,
,,"FENA LTD, SILVASSA",,Offloading Point,
HZL-DARIBA - - GFL-DAHEJ,0,HZL-DARIBA,,Loading Point,
,,GFL-DAHEJ,,Offloading Point,
HZL-DARIBA - - GFL-RANJITNAGAR,0,HZL-DARIBA,,Loading Point,
,,GFL-RANJITNAGAR,,Offloading Point,
HZL-DARIBA - - GOPINATH CHHATRAL,0,HZL-DARIBA,,Loading Point,
,,GOPINATH CHHATRAL,,Offloading Point,
HZL-DARIBA - - GSFC LTD. BARODA,0,HZL-DARIBA,,Loading Point,
,,GSFC LTD. BARODA,,Offloading Point,
HZL-DARIBA - - GSFC LTD. SIKKA UNIT,0,HZL-DARIBA,,Loading Point,
,,GSFC LTD. SIKKA UNIT,,Offloading Point,
HZL-DARIBA - - H.N. ENT. NANDESARI,0,HZL-DARIBA,,Loading Point,
,,H.N. ENT. NANDESARI,,Offloading Point,
HZL-DARIBA - - HARSH ORGENO-VATVA,0,HZL-DARIBA,,Loading Point,
,,HARSH ORGENO-VATVA,,Offloading Point,
HZL-DARIBA - - HZL-ZAWAR MINES,0,HZL-DARIBA,,Loading Point,
,,HZL-ZAWAR MINES,,Offloading Point,
"HZL-DARIBA - - IFFCO,KANDLA",0,HZL-DARIBA,,Loading Point,
,,"IFFCO,KANDLA",,Offloading Point,
HZL-DARIBA - - IFFCO-KALOL UNIT,0,HZL-DARIBA,,Loading Point,
,,IFFCO-KALOL UNIT,,Offloading Point,
HZL-DARIBA - - INDIAN PHOS LTD-UDAIPUR,0,HZL-DARIBA,,Loading Point,
,,INDIAN PHOS LTD-UDAIPUR,,Offloading Point,
HZL-DARIBA - - JAY CHEMICAL VATVA,0,HZL-DARIBA,,Loading Point,
,,JAY CHEMICAL VATVA,,Offloading Point,
HZL-DARIBA - - JAY CHEMICAL-KHAMBAT,0,HZL-DARIBA,,Loading Point,
,,JAY CHEMICAL-KHAMBAT,,Offloading Point,
HZL-DARIBA - - JHAGADIA,0,HZL-DARIBA,,Loading Point,
,,JHAGADIA,,Offloading Point,
HZL-DARIBA - - JUBILANT AGRI-CHITTORGARH,0,HZL-DARIBA,,Loading Point,
,,JUBILANT AGRI-CHITTORGARH,,Offloading Point,
HZL-DARIBA - - KHAITAN CHEM & FER-DAHEJ,0,HZL-DARIBA,,Loading Point,
,,KHAITAN CHEM & FER-DAHEJ,,Offloading Point,
HZL-DARIBA - - M.N. CHEM. SHIRPUR-PUNE,0,HZL-DARIBA,,Loading Point,
,,M.N. CHEM. SHIRPUR-PUNE,,Offloading Point,
HZL-DARIBA - - M.N.SURF-PUNE,0,HZL-DARIBA,,Loading Point,
,,M.N.SURF-PUNE,,Offloading Point,
"HZL-DARIBA - - MADHU SIL,BHAVNAGAR",0,HZL-DARIBA,,Loading Point,
,,"MADHU SIL,BHAVNAGAR",,Offloading Point,
HZL-DARIBA - - MANDOLIA ORG.CHEM PVT.LTD-PANOLI,0,HZL-DARIBA,,Loading Point,
,,MANDOLIA ORG.CHEM PVT.LTD-PANOLI,,Offloading Point,
HZL-DARIBA - - MANMOHAN CHEM-JHAGADIA,0,HZL-DARIBA,,Loading Point,
,,MMCPL-JHAGADIA,,Offloading Point,
HZL-DARIBA - - MEGHMANI FINE CHEM-DAHEJ,0,HZL-DARIBA,,Loading Point,
,,MEGHMANI FINE CHEM-DAHEJ,,Offloading Point,
HZL-DARIBA - - MEGHNAGAR,0,HZL-DARIBA,,Loading Point,
,,MEGHNAGAR,,Offloading Point,
HZL-DARIBA - - MEHSANA,0,HZL-DARIBA,,Loading Point,
,,MEHSANA,,Offloading Point,
HZL-DARIBA - - NEW INDIA DET. PVT LTD-SARIGAM,0,HZL-DARIBA,,Loading Point,
,,NEW INDIA DET. PVT LTD-SARIGAM,,Offloading Point,
HZL-DARIBA - - NEW INDIA DETERGENT PVT LTD (MAHAD),0,HZL-DARIBA,,Loading Point,
,,NEW INDIA DETERGENT PVT LTD (MAHAD),,Offloading Point,
HZL-DARIBA - - NEW INDIA DETERGENT-KUTCH,0,HZL-DARIBA,,Loading Point,
,,NEW INDIA DETERGENT-KUTCH,,Offloading Point,
HZL-DARIBA - - NEW INDIA-NANDESARI,0,HZL-DARIBA,,Loading Point,
,,NEW INDIA-NANDESARI,,Offloading Point,
HZL-DARIBA - - PATEL PHOSCHEM-UDAIPUR,0,HZL-DARIBA,,Loading Point,
,,PATEL PHOSCHEM-UDAIPUR,,Offloading Point,
HZL-DARIBA - - RADHIKA NANDESARI,0,HZL-DARIBA,,Loading Point,
,,RADHIKA NANDESARI,,Offloading Point,
HZL-DARIBA - - REVA MINE CHEM-PATAN,0,HZL-DARIBA,,Loading Point,
,,REVA MINE CHEM-PATAN,,Offloading Point,
HZL-DARIBA - - S.V.I.-RAJKOT,0,HZL-DARIBA,,Loading Point,
,,S.V.I.-RAJKOT,,Offloading Point,
HZL-DARIBA - - SHREE CEMENT LTD-BEAWAR,0,HZL-DARIBA,,Loading Point,
,,SHREE CEMENT LTD-BEAWAR,,Offloading Point,
HZL-DARIBA - - SHREEJI LIQUID STORAGE TERMINAL-KANDLA,0,HZL-DARIBA,,Loading Point,
,,SHREEJI LIQUID STORAGE TERMINAL-KANDLA,,Offloading Point,
HZL-DARIBA - - SRF-DAHEJ,0,HZL-DARIBA,,Loading Point,
,,SRF-DAHEJ,,Offloading Point,
HZL-DARIBA - - TRANSWORLD F.P. PVT LTD-G.DHAM,0,HZL-DARIBA,,Loading Point,
,,TRANSWORLD F.P. PVT LTD-G.DHAM,,Offloading Point,
HZL-DARIBA - - WANKSONS CHEMICAL-PANOL,0,HZL-DARIBA,,Loading Point,
,,WANKSONS CHEMICAL-PANOL,,Offloading Point,
HZL-DARIBA - - YOGESHWAR-NAROL-A.BAD,0,HZL-DARIBA,,Loading Point,
,,YOGESHWAR-NAROL-A.BAD,,Offloading Point,
HZL-DARIBA - - ZIL ORGANIC PVT-MEGHNAGAR,0,HZL-DARIBA,,Loading Point,
,,ZIL ORGANIC PVT-MEGHNAGAR,,Offloading Point,
HZL-DARIBA - - ZJL ORGANIC PVT-MEGHNAGAR,0,HZL-DARIBA,,Loading Point,
,,ZJL ORGANIC PVT-MEGHNAGAR,,Offloading Point,
HZL-DEBARI - - A.P.L. BHUJ,0,HZL-DEBARI,,Loading Point,
,,A.P.L. BHUJ,,Offloading Point,
HZL-DEBARI - - AARTI IND.-JHAGADIA,0,HZL-DEBARI,,Loading Point,
,,AARTI IND.-JHAGADIA,,Offloading Point,
HZL-DEBARI - - AHMEDABAD,0,HZL-DEBARI,,Loading Point,
,,KEMIT CHEMICALS PVT LTD-AHMEDABAD,,Offloading Point,
HZL-DEBARI - - AHMEDABAD.,0,HZL-DEBARI,,Loading Point,
,,AHMEDABAD.,,Offloading Point,
HZL-DEBARI - - ANKLESHWAR,0,HZL-DEBARI,,Loading Point,
,,ANKLESHWAR,,Offloading Point,
"HZL-DEBARI - - ARIHANT DET,DHULIA",0,HZL-DEBARI,,Loading Point,
,,"ARIHANT DET,DHULIA",,Offloading Point,
HZL-DEBARI - - AROMETIC-G DHAM-KUTCH,0,HZL-DEBARI,,Loading Point,
,,AROMETIC-G DHAM-KUTCH,,Offloading Point,
HZL-DEBARI - - BECL-BHAVNAGAR,0,HZL-DEBARI,,Loading Point,
,,BECL-BHAVNAGAR,,Offloading Point,
HZL-DEBARI - - BRIMSTONE AGRO-KANERA,0,HZL-DEBARI,,Loading Point,
,,BRIMSTONE AGRO-KANERA,,Offloading Point,
HZL-DEBARI - - CIL -NANDESARI,0,HZL-DEBARI,,Loading Point,
,,CIL -NANDESARI,,Offloading Point,
HZL-DEBARI - - CIL-NIMRANI KHARGONE(MP),0,HZL-DEBARI,,Loading Point,
,,CIL-NIMRANI KHARGONE(MP),,Offloading Point,
HZL-DEBARI - - CIL-PALI (M.H.),0,HZL-DEBARI,,Loading Point,
,,CIL-PALI (M.H.),,Offloading Point,
HZL-DEBARI - - CIL-UDAIPUR,0,HZL-DEBARI,,Loading Point,
,,CIL-UDAIPUR,,Offloading Point,
HZL-DEBARI - - DAHEJ,0,HZL-DEBARI,,Loading Point,
,,DAHEJ,,Offloading Point,
"HZL-DEBARI - - DEEPAK NIT, NANDESARI",0,HZL-DEBARI,,Loading Point,
,,"DEEPAK NIT, NANDESARI",,Offloading Point,
HZL-DEBARI - - DHANLAXMI IND -A.BAD,0,HZL-DEBARI,,Loading Point,
,,DHANLAXMI IND -A.BAD,,Offloading Point,
"HZL-DEBARI - - FENA LTD, SILVASSA",0,HZL-DEBARI,,Loading Point,
,,"FENA LTD, SILVASSA",,Offloading Point,
HZL-DEBARI - - GFL-DAHEJ,0,HZL-DEBARI,,Loading Point,
,,GFL-DAHEJ,,Offloading Point,
HZL-DEBARI - - GFL-RANJITNAGAR,0,HZL-DEBARI,,Loading Point,
,,GFL-RANJITNAGAR,,Offloading Point,
HZL-DEBARI - - GSFC LTD. BARODA,0,HZL-DEBARI,,Loading Point,
,,GSFC LTD. BARODA,,Offloading Point,
HZL-DEBARI - - GSFC LTD. SIKKA UNIT,0,HZL-DEBARI,,Loading Point,
,,GSFC LTD. SIKKA UNIT,,Offloading Point,
HZL-DEBARI - - HARSH ORGENO-VATVA,0,HZL-DEBARI,,Loading Point,
,,HARSH ORGENO-VATVA,,Offloading Point,
HZL-DEBARI - - HZL-DEBARI,0,HZL-DEBARI,,Loading Point,
,,HZL-DEBARI,,Offloading Point,
HZL-DEBARI - - HZL-ZAWAR MINES,0,HZL-DEBARI,,Loading Point,
,,HZL-ZAWAR MINES,,Offloading Point,
"HZL-DEBARI - - IFFCO,KANDLA",0,HZL-DEBARI,,Loading Point,
,,"IFFCO,KANDLA",,Offloading Point,
HZL-DEBARI - - IFFCO-KALOL UNIT,0,HZL-DEBARI,,Loading Point,
,,IFFCO-KALOL UNIT,,Offloading Point,
HZL-DEBARI - - IPF VIKRAM INDAI LTD-KURALI,0,HZL-DEBARI,,Loading Point,
,,IPF VIKRAM INDAI LTD-KURALI,,Offloading Point,
HZL-DEBARI - - JAY CHEMICAL-KHAMBAT,0,HZL-DEBARI,,Loading Point,
,,JAY CHEMICAL-KHAMBAT,,Offloading Point,
HZL-DEBARI - - KADI,0,HZL-DEBARI,,Loading Point,
,,KADI,,Offloading Point,
HZL-DEBARI - - KALISINDH SUPER THERMAL POWER-JHALARAPATAN,0,HZL-DEBARI,,Loading Point,
,,KALISINDH SUPER THERMAL POWER-JHALARAPATAN,,Offloading Point,
HZL-DEBARI - - KALOL,0,HZL-DEBARI,,Loading Point,
,,KALOL,,Offloading Point,
HZL-DEBARI - - KCFL-DAHEJ,0,HZL-DEBARI,,Loading Point,
,,KCFL-DAHEJ,,Offloading Point,
HZL-DEBARI - - KCIL-GANDHAIDHAM,0,HZL-DEBARI,,Loading Point,
,,KCIL-GANDHAIDHAM,,Offloading Point,
"HZL-DEBARI - - KINJAL ORG,A'BAD.",0,HZL-DEBARI,,Loading Point,
,,"KINJAL ORG,A'BAD.",,Offloading Point,
HZL-DEBARI - - M.N.SURF-PUNE,0,HZL-DEBARI,,Loading Point,
,,M.N.SURF-PUNE,,Offloading Point,
"HZL-DEBARI - - MADHU SIL,BHAVNAGAR",0,HZL-DEBARI,,Loading Point,
,,"MADHU SIL,BHAVNAGAR",,Offloading Point,
HZL-DEBARI - - MAHADHAN AGRITECH LTD-TALOJA,0,HZL-DEBARI,,Loading Point,
,,MAHADHAN AGRITECH LTD-TALOJA,,Offloading Point,
HZL-DEBARI - - MEGHMANI IND LTD-DAHEJ,0,HZL-DEBARI,,Loading Point,
,,MEGHMANI IND LTD-DAHEJ,,Offloading Point,
"HZL-DEBARI - - MMCPL,JHAGADIA",0,HZL-DEBARI,,Loading Point,
,,"MMCPL,JHAGADIA",,Offloading Point,
HZL-DEBARI - - NAVDEEP ENT-SANAND,0,HZL-DEBARI,,Loading Point,
,,NAVDEEP ENT-SANAND,,Offloading Point,
HZL-DEBARI - - NEW INDIA DETERGENT PVT LTD (MAHAD),0,HZL-DEBARI,,Loading Point,
,,NEW INDIA DETERGENT PVT LTD (MAHAD),,Offloading Point,
"HZL-DEBARI - - ORGANIC IND,DAHEJ",0,HZL-DEBARI,,Loading Point,
,,"ORGANIC IND,DAHEJ",,Offloading Point,
"HZL-DEBARI - - PANOLI INT , NANDESARI",0,HZL-DEBARI,,Loading Point,
,,"PANOLI INT , NANDESARI",,Offloading Point,
HZL-DEBARI - - PUNE-(M.H.),0,HZL-DEBARI,,Loading Point,
,,PUNE-(M.H.),,Offloading Point,
"HZL-DEBARI - - R.M.PHOSPHATE,DHULIA",0,HZL-DEBARI,,Loading Point,
,,"R.M.PHOSPHATE,DHULIA",,Offloading Point,
HZL-DEBARI - - RADHIKA NANDESARI,0,HZL-DEBARI,,Loading Point,
,,RADHIKA NANDESARI,,Offloading Point,
HZL-DEBARI - - RAJASTHAN,0,HZL-DEBARI,,Loading Point,
,,RAJASTHAN,,Offloading Point,
HZL-DEBARI - - RAMAPURA AGUCHA MINES-(RAJ),0,HZL-DEBARI,,Loading Point,
,,RAMAPURA AGUCHA MINES-(RAJ),,Offloading Point,
HZL-DEBARI - - RELIANCE SYNGAS LTD.-JAMNAGAR,0,HZL-DEBARI,,Loading Point,
,,RELIANCE SYNGAS LTD.-JAMNAGAR,,Offloading Point,
HZL-DEBARI - - RESHMIKA MINERAL-PANOLI,0,HZL-DEBARI,,Loading Point,
,,RESHMIKA MINERAL-PANOLI,,Offloading Point,
HZL-DEBARI - - REVA MINE CHEM-PATAN,0,HZL-DEBARI,,Loading Point,
,,REVA MINE CHEM-PATAN,,Offloading Point,
HZL-DEBARI - - RIL-HAZIRA-SURAT,0,HZL-DEBARI,,Loading Point,
,,RIL-HAZIRA-SURAT,,Offloading Point,
HZL-DEBARI - - RIL-MOTIKHAVDI-JAMNAGAR,0,HZL-DEBARI,,Loading Point,
,,RIL-MOTIKHAVDI-JAMNAGAR,,Offloading Point,
HZL-DEBARI - - ROYAL CASTOR PROD.LTD-MEHASANA,0,HZL-DEBARI,,Loading Point,
,,ROYAL CASTOR PROD.LTD-MEHASANA,,Offloading Point,
HZL-DEBARI - - S.KRISHNA.SILVASSA,0,HZL-DEBARI,,Loading Point,
,,S.KRISHNA.SILVASSA,,Offloading Point,
HZL-DEBARI - - S.V.I.-RAJKOT,0,HZL-DEBARI,,Loading Point,
,,S.V.I.-RAJKOT,,Offloading Point,
HZL-DEBARI - - SAP FINE CHEM-M.NAGAR,0,HZL-DEBARI,,Loading Point,
,,SAP FINE CHEM-M.NAGAR,,Offloading Point,
HZL-DEBARI - - SHAKTI CHEMICAL-RAJKOT,0,HZL-DEBARI,,Loading Point,
,,SHAKTI CHEMICAL-RAJKOT,,Offloading Point,
"HZL-DEBARI - - SHANTI AGRO,NAVSARI",0,HZL-DEBARI,,Loading Point,
,,"SHANTI AGRO,NAVSARI",,Offloading Point,
HZL-DEBARI - - SHREE AMBICA-BHAVNAGAR,0,HZL-DEBARI,,Loading Point,
,,SHREE AMBICA-BHAVNAGAR,,Offloading Point,
HZL-DEBARI - - SHREE CEMENT LTD-BEAWAR,0,HZL-DEBARI,,Loading Point,
,,SHREE CEMENT LTD-BEAWAR,,Offloading Point,
HZL-DEBARI - - SHREEJI LIQUID STORAGE TERMINAL-KANDLA,0,HZL-DEBARI,,Loading Point,
,,SHREEJI LIQUID STORAGE TERMINAL-KANDLA,,Offloading Point,
HZL-DEBARI - - UDAIPUR UNIT,0,HZL-DEBARI,,Loading Point,
,,UDAIPUR UNIT,,Offloading Point,
HZL-DEBARI - - UMIYA ACID & CHEMICALS-HIMATNAGAR,0,HZL-DEBARI,,Loading Point,
,,UMIYA ACID & CHEMICALS-HIMATNAGAR,,Offloading Point,
HZL-DEBARI - - VAPI,0,HZL-DEBARI,,Loading Point,
,,VAPI,,Offloading Point,
HZL-DEBARI - - ZAWAR-RAJ,0,HZL-DEBARI,,Loading Point,
,,ZAWAR-RAJ,,Offloading Point,
HZL-DEBARI - - ZJL ORGANIC PVT-MEGHNAGAR,0,HZL-DEBARI,,Loading Point,
,,ZJL ORGANIC PVT-MEGHNAGAR,,Offloading Point,
HZL-KANDLA - - GSFC LTD. BARODA,0,HZL-KANDLA,,Loading Point,
,,GSFC LTD. BARODA,,Offloading Point,
HZL-KANDLA - - GSFC LTD. SIKKA UNIT,0,HZL-KANDLA,,Loading Point,
,,GSFC LTD. SIKKA UNIT,,Offloading Point,
INDIAN OIL CORP LTD-PARADEEP - - VACMET INDIA LTD-DHAR,0,INDIAN OIL CORP LTD-PARADEEP,,Loading Point,
,,VACMET INDIA LTD-DHAR,,Offloading Point,
INDORAMA INDIA PVT LTD-HALDIA - - PRAYAGRAJ POWER GEN.COMPANY LTD-ALLAHABAD,0,INDORAMA INDIA PVT LTD-HALDIA,,Loading Point,
,,PRAYAGRAJ POWER GEN.COMPANY LTD-ALLAHABAD,,Offloading Point,
INDORAMA INDIA PVT LTD-HALDIA - - RAIPUR RASAYAN UDYOG (C.G.),0,INDORAMA INDIA PVT LTD-HALDIA,,Loading Point,
,,RAIPUR RASAYAN UDYOG (C.G.),,Offloading Point,
INDORE - - ADANI HAZIRA-SURAT,0,INDORE,,Loading Point,
,,ADANI HAZIRA-SURAT,,Offloading Point,
INDUSTRIAL SOLVENT-ANK - - KATHMANDU-NEPAL.,0,INDUSTRIAL SOLVENT-ANK,,Loading Point,
,,KATHMANDU-NEPAL.,,Offloading Point,
INDUSTRIAL SOLVENT-ANK - - NEPAL,0,INDUSTRIAL SOLVENT-ANK,,Loading Point,
,,NEPAL,,Offloading Point,
IOL CHEMICALS & PHARMA-FATEGARH (PUNJAB) - - MOON LIGHT ENT-JAIPUR,0,IOL CHEMICALS & PHARMA-FATEGARH (PUNJAB),,Loading Point,
,,MOON LIGHT ENT-JAIPUR,,Offloading Point,
ISHAN DYES & CHEMICAL-AMD - - MIRASH IND PVT LTD-DAHEJ,0,ISHAN DYES & CHEMICAL-AMD,,Loading Point,
,,MIRASH IND PVT LTD-DAHEJ,,Offloading Point,
"ISHAN DYES & CHEMICAL-AMD - - RADHA MADHAV,SURAT",0,ISHAN DYES & CHEMICAL-AMD,,Loading Point,
,,"RADHA MADHAV,SURAT",,Offloading Point,
J.N.P.T-MUMBAI - - AGPL-PIPAVAV,0,J.N.P.T-MUMBAI,,Loading Point,
,,AGPL-PIPAVAV,,Offloading Point,
J.N.P.T-MUMBAI - - CHEMICAL ENTERPRISES-AKALTARA,0,J.N.P.T-MUMBAI,,Loading Point,
,,CHEMICAL ENTERPRISES-AKALTARA,,Offloading Point,
J.N.P.T-MUMBAI - - CRG INDUSTRIES PVT. LTD-ROURKELA,0,J.N.P.T-MUMBAI,,Loading Point,
,,CRG INDUSTRIES PVT. LTD-ROURKELA,,Offloading Point,
J.N.P.T-MUMBAI - - D.F.P.C.L.-DAHEJ,0,J.N.P.T-MUMBAI,,Loading Point,
,,D.F.P.C.L.-DAHEJ,,Offloading Point,
J.N.P.T-MUMBAI - - DEEPAK NITRITE LTD-PIPAVAV,0,J.N.P.T-MUMBAI,,Loading Point,
,,DEEPAK NITRITE LTD-PIPAVAV,,Offloading Point,
J.N.P.T-MUMBAI - - DEV CHEMICAL-BUTIBORI-NAGPUR,0,J.N.P.T-MUMBAI,,Loading Point,
,,DEV CHEMICAL-BUTIBORI-NAGPUR,,Offloading Point,
J.N.P.T-MUMBAI - - DNL/IMC-LTD-PIPAVAV,0,J.N.P.T-MUMBAI,,Loading Point,
,,DNL/IMC-LTD-PIPAVAV,,Offloading Point,
J.N.P.T-MUMBAI - - KREDENCE PERFORMANCE MATERIALS(I)P. LTD-VADODARA,0,J.N.P.T-MUMBAI,,Loading Point,
,,KREDENCE PERFORMANCE MATERIALS(I)P. LTD-VADODARA,,Offloading Point,
J.N.P.T-MUMBAI - - RASAYAN UDYOG-DHANBAD,0,J.N.P.T-MUMBAI,,Loading Point,
,,RASAYAN UDYOG-DHANBAD,,Offloading Point,
J.N.P.T-MUMBAI - - RASAYAN UDYOG-SINGRAULI,0,J.N.P.T-MUMBAI,,Loading Point,
,,RASAYAN UDYOG-SINGRAULI,,Offloading Point,
J.N.P.T-MUMBAI - - SHRI KRISHNA ENT-JALESAR,0,J.N.P.T-MUMBAI,,Loading Point,
,,SHRI KRISHNA ENT-JALESAR,,Offloading Point,
J.N.P.T-MUMBAI - - TANAY INORGANICS PVT. LTD-NAGPUR,0,J.N.P.T-MUMBAI,,Loading Point,
,,TANAY INORGANICS PVT. LTD-NAGPUR,,Offloading Point,
JAI BAJARANGBALI CHEM IND-HOWRAH - - AGARWAL CHEMICALS-RAIPUR,0,JAI BAJARANGBALI CHEM IND-HOWRAH,,Loading Point,
,,AGARWAL CHEMICALS-RAIPUR,,Offloading Point,
JAI BAJARANGBALI CHEM IND-HOWRAH - - ALLIED CHEMICAL IND-PRAYAGRAJ,0,JAI BAJARANGBALI CHEM IND-HOWRAH,,Loading Point,
,,ALLIED CHEMICAL IND-PRAYAGRAJ,,Offloading Point,
JAI BAJARANGBALI CHEM IND-HOWRAH - - B.ROSHANLAL CHEMICALS(M.P.),0,JAI BAJARANGBALI CHEM IND-HOWRAH,,Loading Point,
,,B.ROSHANLAL CHEMICALS(M.P.),,Offloading Point,
JAI BAJARANGBALI CHEM IND-HOWRAH - - COLOUR CHROMES PVT LTD-JAUNPUR,0,JAI BAJARANGBALI CHEM IND-HOWRAH,,Loading Point,
,,COLOUR CHROMES PVT LTD-JAUNPUR,,Offloading Point,
JAI BAJARANGBALI CHEM IND-HOWRAH - - MAYUR DYE CHEM-PADRA,0,JAI BAJARANGBALI CHEM IND-HOWRAH,,Loading Point,
,,MAYUR DYE CHEM-PADRA,,Offloading Point,
JAI BAJARANGBALI CHEM IND-HOWRAH - - RAIPUR RASAYAN UDYOG (C.G.),0,JAI BAJARANGBALI CHEM IND-HOWRAH,,Loading Point,
,,RAIPUR RASAYAN UDYOG (C.G.),,Offloading Point,
JAI BAJARANGBALI CHEM IND-HOWRAH - - ROURKELA STEEL PLANT-(W.B.),0,JAI BAJARANGBALI CHEM IND-HOWRAH,,Loading Point,
,,ROURKELA STEEL PLANT-(W.B.),,Offloading Point,
JAI BAJARANGBALI CHEM IND-HOWRAH - - RSPL LIMITED-RAIPUR UNIT,0,JAI BAJARANGBALI CHEM IND-HOWRAH,,Loading Point,
,,RSPL LIMITED-RAIPUR UNIT,,Offloading Point,
JAI BAJARANGBALI CHEM IND-HOWRAH - - SULUX PHOS/AJMERA ENT-UDIPUR,0,JAI BAJARANGBALI CHEM IND-HOWRAH,,Loading Point,
,,SULUX PHOS/AJMERA ENT-UDIPUR,,Offloading Point,
JAI BAJARANGBALI CHEM IND-HOWRAH - - VISHNU CHEMICAL-BHILAI,0,JAI BAJARANGBALI CHEM IND-HOWRAH,,Loading Point,
,,VISHNU CHEMICAL-BHILAI,,Offloading Point,
JAI DURGA ENTERPRISES-PANI PAT - - JAI KISAN AGRO PRODUCT-INDORE,0,JAI DURGA ENTERPRISES-PANI PAT,,Loading Point,
,,JAI KISAN AGRO PRODUCT-INDORE,,Offloading Point,
JAJPUR - - RASAYAN UDYOG-DHANBAD,0,JAJPUR,,Loading Point,
,,RASAYAN UDYOG-DHANBAD,,Offloading Point,
JAKSH CASTOR PRODUCTS LTD-GAJERA - - SANJAY SOLVEX PVT LTD-LUDHIYANA,0,JAKSH CASTOR PRODUCTS LTD-GAJERA,,Loading Point,
,,SANJAY SOLVEX PVT LTD-LUDHIYANA,,Offloading Point,
JATAN GREENTECH PVT LTD-PARADEEP-ODISHA - - GODHREJ CONSUMER PRODUCTS-MALANPUR(M.P),0,JATAN GREENTECH PVT LTD-PARADEEP-ODISHA,,Loading Point,
,,GODHREJ CONSUMER PRODUCTS-MALANPUR(M.P),,Offloading Point,
JAY CHEMICAL-KHAMBAT - - AHMEDABAD,0,JAY CHEMICAL-KHAMBAT,,Loading Point,
,,KEMIT CHEMICALS PVT LTD-AHMEDABAD,,Offloading Point,
JAY CHEMICAL-KHAMBAT - - J.S.M.N.CHEM-UDAIPUR,0,JAY CHEMICAL-KHAMBAT,,Loading Point,
,,J.S.M.N.CHEM-UDAIPUR,,Offloading Point,
JAY CHEMICAL-KHAMBAT - - UDAIPUR UNIT,0,JAY CHEMICAL-KHAMBAT,,Loading Point,
,,UDAIPUR UNIT,,Offloading Point,
"JAYA SPECIALITY CHEMICALS (C.G) - - COLOUR TEX,SURAT",0,JAYA SPECIALITY CHEMICALS (C.G),,Loading Point,
,,"COLOUR TEX,SURAT",,Offloading Point,
JAYANT AGRO ORGANIC-DHANORA - - PAYAL POYPLAST P.LTD-DAMAN,0,JAYANT AGRO ORGANIC-DHANORA,,Loading Point,
,,PAYAL POYPLAST P.LTD-DAMAN,,Offloading Point,
JAYSHREE SOLVEX (I) PVT LTD-DURG - - FAIRCHEM ORGANICS LTD-SANAND,0,JAYSHREE SOLVEX (I) PVT LTD-DURG,,Loading Point,
,,FAIRCHEM ORGANICS LTD-SANAND,,Offloading Point,
JAYSHREE SOLVEX (I) PVT LTD-DURG - - RASAYAN UDYOG-DHANBAD,0,JAYSHREE SOLVEX (I) PVT LTD-DURG,,Loading Point,
,,RASAYAN UDYOG-DHANBAD,,Offloading Point,
"JINDAL ST.STEEL-JAJPUR,ORISSA - - JAIPUR",0,"JINDAL ST.STEEL-JAJPUR,ORISSA",,Loading Point,
,,JAIPUR,,Offloading Point,
K.C.F.L.-NIMABHAHRA - - MEGHMANI FINE CHEM-DAHEJ,0,K.C.F.L.-NIMABHAHRA,,Loading Point,
,,MEGHMANI FINE CHEM-DAHEJ,,Offloading Point,
KALKI CHEMICAL-NANDESARI - - DALMIA CEMENT BHARAT LTD-YADWAD,0,KALKI CHEMICAL-NANDESARI,,Loading Point,
,,DALMIA CEMENT BHARAT LTD-YADWAD,,Offloading Point,
KALURAM FOOD PRODUCT-WASHIM (M.S.) - - SAP OLEO CHEM PVT LTD-KURKUMBH-M.H,0,KALURAM FOOD PRODUCT-WASHIM (M.S.),,Loading Point,
,,SAP OLEO CHEM PVT LTD-KURKUMBH-M.H,,Offloading Point,
KALYANI SOLVEX PVT LTD-WEST BENGAL - - JAY KEY CHEMICALS-INDOR,0,KALYANI SOLVEX PVT LTD-WEST BENGAL,,Loading Point,
,,JAY KEY CHEMICALS-INDOR,,Offloading Point,
KAMAL SOLVENT EXT-(C.G) - - FAIRCHEM ORG LTD-AMD,0,KAMAL SOLVENT EXT-(C.G),,Loading Point,
,,FAIRCHEM ORG LTD-AMD,,Offloading Point,
KANDLA - - GODHREJ CONSUMER PRODUCTS-MALANPUR(M.P),0,KANDLA,,Loading Point,
,,GODHREJ CONSUMER PRODUCTS-MALANPUR(M.P),,Offloading Point,
KANPUR - - INDORE,0,KANPUR,,Loading Point,
,,INDORE,,Offloading Point,
KASYAP SWEETNERS LIMITED-M.P - - RASAYAN UDYOG-DHANBAD,0,KASYAP SWEETNERS LIMITED-M.P,,Loading Point,
,,RASAYAN UDYOG-DHANBAD,,Offloading Point,
KAYRPEE VANIJYA PVT LTD - BASKA - - KAYRPEE VANIJYA-HALOL,0,KAYRPEE VANIJYA PVT LTD - BASKA,,Loading Point,
,,KAYRPEE VANIJYA-HALOL,,Offloading Point,
KCFL-NIMRANI - - KCFL-DAHEJ,0,KCFL-NIMRANI,,Loading Point,
,,KCFL-DAHEJ,,Offloading Point,
"KCFL-NIMRANI - - MMCPL,JHAGADIA",0,KCFL-NIMRANI,,Loading Point,
,,"MMCPL,JHAGADIA",,Offloading Point,
KCIL-G.DHAM - - AKSHAY CHEMICALS-ANK,0,KCIL-G.DHAM,,Loading Point,
,,AKSHAY CHEMICALS-ANK,,Offloading Point,
KCIL-G.DHAM - - ATUL LIMITED-VALSAD,0,KCIL-G.DHAM,,Loading Point,
,,ATUL LIMITED-VALSAD,,Offloading Point,
KCIL-G.DHAM - - HARSH CHEMICALS-BALOTRA,0,KCIL-G.DHAM,,Loading Point,
,,HARSH CHEMICALS-BALOTRA,,Offloading Point,
KCIL-G.DHAM - - HEMANI CHEMI ORG-VAPI,0,KCIL-G.DHAM,,Loading Point,
,,HEMANI CHEMI ORG-VAPI,,Offloading Point,
KCIL-G.DHAM - - KAYRPEE VANIJYA-HALOL,0,KCIL-G.DHAM,,Loading Point,
,,KAYRPEE VANIJYA-HALOL,,Offloading Point,
"KCIL-G.DHAM - - PANOLI INT , NANDESARI",0,KCIL-G.DHAM,,Loading Point,
,,"PANOLI INT , NANDESARI",,Offloading Point,
KCIL-G.DHAM - - RUCHI PETRO PLAST-DAHEJ,0,KCIL-G.DHAM,,Loading Point,
,,RUCHI PETRO PLAST-DAHEJ,,Offloading Point,
KCIL-G.DHAM - - VAPI,0,KCIL-G.DHAM,,Loading Point,
,,VAPI,,Offloading Point,
KCIL-GANDHAIDHAM - - A.P.L. BHUJ,0,KCIL-GANDHAIDHAM,,Loading Point,
,,A.P.L. BHUJ,,Offloading Point,
KCIL-GANDHAIDHAM - - A.R.BHANDARI-INDORE,0,KCIL-GANDHAIDHAM,,Loading Point,
,,A.R.BHANDARI-INDORE,,Offloading Point,
KCIL-GANDHAIDHAM - - AARTI INDUSTRIES LTD-VAPI,0,KCIL-GANDHAIDHAM,,Loading Point,
,,AARTI INDUSTRIES LTD-VAPI,,Offloading Point,
KCIL-GANDHAIDHAM - - ABHISHEK ACID & CHEM-BHILWARA,0,KCIL-GANDHAIDHAM,,Loading Point,
,,ABHISHEK ACID & CHEM-BHILWARA,,Offloading Point,
KCIL-GANDHAIDHAM - - ADANI HAZIRA-SURAT,0,KCIL-GANDHAIDHAM,,Loading Point,
,,ADANI HAZIRA-SURAT,,Offloading Point,
KCIL-GANDHAIDHAM - - ADHEESHA PHOSPHATE-UDAIPUR,0,KCIL-GANDHAIDHAM,,Loading Point,
,,ADHEESHA PHOSPHATE-UDAIPUR,,Offloading Point,
KCIL-GANDHAIDHAM - - AEIDAN INDUSTRIES-JHAGADIA,0,KCIL-GANDHAIDHAM,,Loading Point,
,,AEIDAN INDUSTRIES-JHAGADIA,,Offloading Point,
KCIL-GANDHAIDHAM - - AKSHAR CHEM INDIA-MEHSANA,0,KCIL-GANDHAIDHAM,,Loading Point,
,,AKSHAR CHEM INDIA-MEHSANA,,Offloading Point,
KCIL-GANDHAIDHAM - - AMBUJA INTERMEDIATES-MEHSANA,0,KCIL-GANDHAIDHAM,,Loading Point,
,,AMBUJA INTERMEDIATES-MEHSANA,,Offloading Point,
KCIL-GANDHAIDHAM - - AMI PIGMENT PVT-VATVA,0,KCIL-GANDHAIDHAM,,Loading Point,
,,AMI PIGMENT PVT-VATVA,,Offloading Point,
KCIL-GANDHAIDHAM - - ARIES COLOUR CHEM-DAHEJ,0,KCIL-GANDHAIDHAM,,Loading Point,
,,ARIES COLOUR CHEM-DAHEJ,,Offloading Point,
KCIL-GANDHAIDHAM - - AROMATICS INDIA PVT LTD-UDAIPUR,0,KCIL-GANDHAIDHAM,,Loading Point,
,,AROMATICS INDIA PVT LTD-UDAIPUR,,Offloading Point,
KCIL-GANDHAIDHAM - - ASCENT FINECHEM-AMD,0,KCIL-GANDHAIDHAM,,Loading Point,
,,ASCENT FINECHEM-AMD,,Offloading Point,
KCIL-GANDHAIDHAM - - ATUL LIMITED-VALSAD,0,KCIL-GANDHAIDHAM,,Loading Point,
,,ATUL LIMITED-VALSAD,,Offloading Point,
"KCIL-GANDHAIDHAM - - ATUL LTD,ANKLESHWAR",0,KCIL-GANDHAIDHAM,,Loading Point,
,,"ATUL LTD,ANKLESHWAR",,Offloading Point,
KCIL-GANDHAIDHAM - - AVDHOOT CHEMICAL-ANK,0,KCIL-GANDHAIDHAM,,Loading Point,
,,AVDHOOT CHEMICAL-ANK,,Offloading Point,
KCIL-GANDHAIDHAM - - AVSL IND-HALOL,0,KCIL-GANDHAIDHAM,,Loading Point,
,,AVSL IND-HALOL,,Offloading Point,
KCIL-GANDHAIDHAM - - BAYER VAPI PVT LTD-VAPI,0,KCIL-GANDHAIDHAM,,Loading Point,
,,BAYER VAPI PVT LTD-VAPI,,Offloading Point,
KCIL-GANDHAIDHAM - - BHARAT RASAYAN-DAHEJ,0,KCIL-GANDHAIDHAM,,Loading Point,
,,BHARAT RASAYAN-DAHEJ,,Offloading Point,
KCIL-GANDHAIDHAM - - BHILWARA.,0,KCIL-GANDHAIDHAM,,Loading Point,
,,BHILWARA.,,Offloading Point,
KCIL-GANDHAIDHAM - - BHOOMI PHOS-UDAIPUR,0,KCIL-GANDHAIDHAM,,Loading Point,
,,BHOOMI PHOS-UDAIPUR,,Offloading Point,
KCIL-GANDHAIDHAM - - BODAL CHEMICAL LTD-SAYKHA,0,KCIL-GANDHAIDHAM,,Loading Point,
,,BODAL CHEMICAL LTD-SAYKHA,,Offloading Point,
KCIL-GANDHAIDHAM - - BODAL CHEMICALS LTD-UNIT-VII,0,KCIL-GANDHAIDHAM,,Loading Point,
,,BODAL CHEMICALS LTD-UNIT-VII,,Offloading Point,
KCIL-GANDHAIDHAM - - BODAL-PADRA,0,KCIL-GANDHAIDHAM,,Loading Point,
,,BODAL-PADRA,,Offloading Point,
KCIL-GANDHAIDHAM - - CIL -NANDESARI,0,KCIL-GANDHAIDHAM,,Loading Point,
,,CIL -NANDESARI,,Offloading Point,
KCIL-GANDHAIDHAM - - CIL-MUNIRABAD RS-KARNATAKA,0,KCIL-GANDHAIDHAM,,Loading Point,
,,CIL-MUNIRABAD RS-KARNATAKA,,Offloading Point,
KCIL-GANDHAIDHAM - - CIL-UDAIPUR,0,KCIL-GANDHAIDHAM,,Loading Point,
,,CIL-UDAIPUR,,Offloading Point,
KCIL-GANDHAIDHAM - - DAHEJ,0,KCIL-GANDHAIDHAM,,Loading Point,
,,DAHEJ,,Offloading Point,
KCIL-GANDHAIDHAM - - DHARTI ENTERPRISES-DAHEJ,0,KCIL-GANDHAIDHAM,,Loading Point,
,,DHARTI ENTERPRISES-DAHEJ,,Offloading Point,
KCIL-GANDHAIDHAM - - DHOLU EARTH IND-BHUJ,0,KCIL-GANDHAIDHAM,,Loading Point,
,,DHOLU EARTH IND-BHUJ,,Offloading Point,
KCIL-GANDHAIDHAM - - GACL-BARODA,0,KCIL-GANDHAIDHAM,,Loading Point,
,,GACL-BARODA,,Offloading Point,
KCIL-GANDHAIDHAM - - GACL-DAHEJ,0,KCIL-GANDHAIDHAM,,Loading Point,
,,GACL-DAHEJ,,Offloading Point,
KCIL-GANDHAIDHAM - - GFL-DAHEJ,0,KCIL-GANDHAIDHAM,,Loading Point,
,,GFL-DAHEJ,,Offloading Point,
KCIL-GANDHAIDHAM - - GFL-RANJITNAGAR,0,KCIL-GANDHAIDHAM,,Loading Point,
,,GFL-RANJITNAGAR,,Offloading Point,
KCIL-GANDHAIDHAM - - GHARDA CHEMICALS-PANOLI,0,KCIL-GANDHAIDHAM,,Loading Point,
,,GHARDA CHEMICALS-PANOLI,,Offloading Point,
KCIL-GANDHAIDHAM - - GRASIM IND LTD-VILAYAT BHARUCH,0,KCIL-GANDHAIDHAM,,Loading Point,
,,GRASIM IND LTD-VILAYAT BHARUCH,,Offloading Point,
KCIL-GANDHAIDHAM - - GREEN FIELD IND-ALWAR,0,KCIL-GANDHAIDHAM,,Loading Point,
,,GREEN FIELD IND-ALWAR,,Offloading Point,
KCIL-GANDHAIDHAM - - GUJRAT CREDO ALUMINE CHEMICALS.ADANI.PORT-MUNDRA,0,KCIL-GANDHAIDHAM,,Loading Point,
,,GUJRAT CREDO ALUMINE CHEMICALS.ADANI.PORT-MUNDRA,,Offloading Point,
KCIL-GANDHAIDHAM - - H.J.AROCHEM-AMD,0,KCIL-GANDHAIDHAM,,Loading Point,
,,H.J.AROCHEM-AMD,,Offloading Point,
KCIL-GANDHAIDHAM - - HARSH CHEMICALS-BALOTRA,0,KCIL-GANDHAIDHAM,,Loading Point,
,,HARSH CHEMICALS-BALOTRA,,Offloading Point,
KCIL-GANDHAIDHAM - - HEMANI CHEEM -VAPI,0,KCIL-GANDHAIDHAM,,Loading Point,
,,HEMANI CHEEM -VAPI,,Offloading Point,
KCIL-GANDHAIDHAM - - HEMANI CHEMI ORG-VAPI,0,KCIL-GANDHAIDHAM,,Loading Point,
,,HEMANI CHEMI ORG-VAPI,,Offloading Point,
"KCIL-GANDHAIDHAM - - IFFCO,KANDLA",0,KCIL-GANDHAIDHAM,,Loading Point,
,,"IFFCO,KANDLA",,Offloading Point,
KCIL-GANDHAIDHAM - - J S MINCHEM-UDAIPUR,0,KCIL-GANDHAIDHAM,,Loading Point,
,,J S MINCHEM-UDAIPUR,,Offloading Point,
KCIL-GANDHAIDHAM - - JANKI CORP.LTD-BHILWARA,0,KCIL-GANDHAIDHAM,,Loading Point,
,,JANKI CORP.LTD-BHILWARA,,Offloading Point,
KCIL-GANDHAIDHAM - - JAY CHEMICAL VATVA,0,KCIL-GANDHAIDHAM,,Loading Point,
,,JAY CHEMICAL VATVA,,Offloading Point,
KCIL-GANDHAIDHAM - - JAY CHEMICAL-KHAMBAT,0,KCIL-GANDHAIDHAM,,Loading Point,
,,JAY CHEMICAL-KHAMBAT,,Offloading Point,
KCIL-GANDHAIDHAM - - JUBILANT AGRI & CONSUMER PRODUCT-GAJRAULA,0,KCIL-GANDHAIDHAM,,Loading Point,
,,JUBILANT AGRI & CONSUMER PRODUCT-GAJRAULA,,Offloading Point,
KCIL-GANDHAIDHAM - - JUBILANT INGREVIA LTD-GAJRAULA,0,KCIL-GANDHAIDHAM,,Loading Point,
,,JUBILANT INGREVIA LTD-GAJRAULA,,Offloading Point,
KCIL-GANDHAIDHAM - - KCIL-G.DHAM,0,KCIL-GANDHAIDHAM,,Loading Point,
,,KCIL-G.DHAM,,Offloading Point,
KCIL-GANDHAIDHAM - - K-FLEX INDIA PVT LTD.-RANJANGAON (M.H.),0,KCIL-GANDHAIDHAM,,Loading Point,
,,K-FLEX INDIA PVT LTD.-RANJANGAON (M.H.),,Offloading Point,
KCIL-GANDHAIDHAM - - LONSEN KIRI CHEM (DUDHAWADA),0,KCIL-GANDHAIDHAM,,Loading Point,
,,LONSEN KIRI CHEM (DUDHAWADA),,Offloading Point,
"KCIL-GANDHAIDHAM - - LUNA CHEM IND-PVT LTD,VAGRA-BHARUCH",0,KCIL-GANDHAIDHAM,,Loading Point,
,,"LUNA CHEM IND-PVT LTD,VAGRA-BHARUCH",,Offloading Point,
KCIL-GANDHAIDHAM - - MAHALAXMI RUBTECH LTD-SANAND,0,KCIL-GANDHAIDHAM,,Loading Point,
,,MAHALAXMI RUBTECH LTD-SANAND,,Offloading Point,
KCIL-GANDHAIDHAM - - MALWA OXYGEN & INDL-M.P,0,KCIL-GANDHAIDHAM,,Loading Point,
,,MALWA OXYGEN & INDL-M.P,,Offloading Point,
KCIL-GANDHAIDHAM - - MAYUR DYE CHEM-PADRA,0,KCIL-GANDHAIDHAM,,Loading Point,
,,MAYUR DYE CHEM-PADRA,,Offloading Point,
KCIL-GANDHAIDHAM - - MAYUR DYECHEM LTD-VATVA-AMD,0,KCIL-GANDHAIDHAM,,Loading Point,
,,MAYUR DYECHEM LTD-VATVA-AMD,,Offloading Point,
KCIL-GANDHAIDHAM - - MEGHMANI PIGMENTS-VATVA,0,KCIL-GANDHAIDHAM,,Loading Point,
,,MEGHMANI PIGMENTS-VATVA,,Offloading Point,
KCIL-GANDHAIDHAM - - NANDOSAL CHEM IND-VAPI,0,KCIL-GANDHAIDHAM,,Loading Point,
,,NANDOSAL CHEM IND-VAPI,,Offloading Point,
KCIL-GANDHAIDHAM - - NAVDEEP ENT-SANAND,0,KCIL-GANDHAIDHAM,,Loading Point,
,,NAVDEEP ENT-SANAND,,Offloading Point,
KCIL-GANDHAIDHAM - - NAVPAD PIGMENT-CHATRAL,0,KCIL-GANDHAIDHAM,,Loading Point,
,,NAVPAD PIGMENT-CHATRAL,,Offloading Point,
KCIL-GANDHAIDHAM - - NAYARA ENERGY LTD-VADINAR-J.NAGAR,0,KCIL-GANDHAIDHAM,,Loading Point,
,,NAYARA ENERGY LTD-VADINAR-J.NAGAR,,Offloading Point,
KCIL-GANDHAIDHAM - - NEW INDIA DETERGENT-KUTCH,0,KCIL-GANDHAIDHAM,,Loading Point,
,,NEW INDIA DETERGENT-KUTCH,,Offloading Point,
KCIL-GANDHAIDHAM - - NIRMANK COR-BHILWARA,0,KCIL-GANDHAIDHAM,,Loading Point,
,,NIRMANK COR-BHILWARA,,Offloading Point,
KCIL-GANDHAIDHAM - - OM CHEMICAL-(BRD),0,KCIL-GANDHAIDHAM,,Loading Point,
,,OM CHEMICAL-(BRD),,Offloading Point,
KCIL-GANDHAIDHAM - - PAM ORGANICS-VAPI,0,KCIL-GANDHAIDHAM,,Loading Point,
,,PAM ORGANICS-VAPI,,Offloading Point,
"KCIL-GANDHAIDHAM - - PANOLI INT , NANDESARI",0,KCIL-GANDHAIDHAM,,Loading Point,
,,"PANOLI INT , NANDESARI",,Offloading Point,
KCIL-GANDHAIDHAM - - PANOLI INTERMEDIATES-JHAGADIA,0,KCIL-GANDHAIDHAM,,Loading Point,
,,PANOLI INTERMEDIATES-JHAGADIA,,Offloading Point,
KCIL-GANDHAIDHAM - - PANOLI-N.SARI/YASHASHVI-DAHEJ,0,KCIL-GANDHAIDHAM,,Loading Point,
,,PANOLI-N.SARI/YASHASHVI-DAHEJ,,Offloading Point,
KCIL-GANDHAIDHAM - - PI INDUSTRIES-PANOLI,0,KCIL-GANDHAIDHAM,,Loading Point,
,,PI INDUSTRIES-PANOLI,,Offloading Point,
KCIL-GANDHAIDHAM - - PIDILITE IND-VAPI,0,KCIL-GANDHAIDHAM,,Loading Point,
,,PIDILITE IND-VAPI,,Offloading Point,
KCIL-GANDHAIDHAM - - PRAGNA LIFE SCIENCE-PANOLI,0,KCIL-GANDHAIDHAM,,Loading Point,
,,PRAGNA LIFE SCIENCE-PANOLI,,Offloading Point,
"KCIL-GANDHAIDHAM - - PREM SAKHI,UDAIPUR",0,KCIL-GANDHAIDHAM,,Loading Point,
,,"PREM SAKHI,UDAIPUR",,Offloading Point,
KCIL-GANDHAIDHAM - - R.I.L.JAMNAGAR,0,KCIL-GANDHAIDHAM,,Loading Point,
,,R.I.L.JAMNAGAR,,Offloading Point,
KCIL-GANDHAIDHAM - - RADHIKA NANDESARI,0,KCIL-GANDHAIDHAM,,Loading Point,
,,RADHIKA NANDESARI,,Offloading Point,
KCIL-GANDHAIDHAM - - RANKA ORGANICS-UDAIPUR,0,KCIL-GANDHAIDHAM,,Loading Point,
,,RANKA ORGANICS-UDAIPUR,,Offloading Point,
KCIL-GANDHAIDHAM - - RESPONSIVE IND. LTD-BOISER,0,KCIL-GANDHAIDHAM,,Loading Point,
,,RESPONSIVE IND. LTD-BOISER,,Offloading Point,
KCIL-GANDHAIDHAM - - RIL-DAHEJ,0,KCIL-GANDHAIDHAM,,Loading Point,
,,RIL-DAHEJ,,Offloading Point,
KCIL-GANDHAIDHAM - - RIL-HAZIRA-SURAT,0,KCIL-GANDHAIDHAM,,Loading Point,
,,RIL-HAZIRA-SURAT,,Offloading Point,
KCIL-GANDHAIDHAM - - RIL-NAGOTHANE,0,KCIL-GANDHAIDHAM,,Loading Point,
,,RIL-NAGOTHANE,,Offloading Point,
KCIL-GANDHAIDHAM - - RIL-VADODARA,0,KCIL-GANDHAIDHAM,,Loading Point,
,,RIL-VADODARA,,Offloading Point,
KCIL-GANDHAIDHAM - - RUCHI PETRO PLAST-DAHEJ,0,KCIL-GANDHAIDHAM,,Loading Point,
,,RUCHI PETRO PLAST-DAHEJ,,Offloading Point,
KCIL-GANDHAIDHAM - - SHREE SULPHAMIC- ANK,0,KCIL-GANDHAIDHAM,,Loading Point,
,,SHREE SULPHAMIC- ANK,,Offloading Point,
KCIL-GANDHAIDHAM - - SHREEJI IND-DAHEJ,0,KCIL-GANDHAIDHAM,,Loading Point,
,,SHREEJI IND-DAHEJ,,Offloading Point,
KCIL-GANDHAIDHAM - - SHREEJI INDUSTRIES-DAHEJ,0,KCIL-GANDHAIDHAM,,Loading Point,
,,SHREEJI INDUSTRIES-DAHEJ,,Offloading Point,
KCIL-GANDHAIDHAM - - SHREEJI LIQUID STORAGE TERMINAL-KANDLA,0,KCIL-GANDHAIDHAM,,Loading Point,
,,SHREEJI LIQUID STORAGE TERMINAL-KANDLA,,Offloading Point,
KCIL-GANDHAIDHAM - - SNIGDHA BASIC CHEM-INDORE,0,KCIL-GANDHAIDHAM,,Loading Point,
,,SNIGDHA BASIC CHEM-INDORE,,Offloading Point,
KCIL-GANDHAIDHAM - - SUKHA CHEMICALS IND UNIT-11-PANOLI,0,KCIL-GANDHAIDHAM,,Loading Point,
,,SUKHA CHEMICALS IND UNIT-11-PANOLI,,Offloading Point,
KCIL-GANDHAIDHAM - - TECHNICHEM ORG-KHAMBAT,0,KCIL-GANDHAIDHAM,,Loading Point,
,,TECHNICHEM ORG-KHAMBAT,,Offloading Point,
KCIL-GANDHAIDHAM - - TRANSPEK-PADRA,0,KCIL-GANDHAIDHAM,,Loading Point,
,,TRANSPEK-PADRA,,Offloading Point,
KCIL-GANDHAIDHAM - - TRANSWORLD F.P. PVT LTD-G.DHAM,0,KCIL-GANDHAIDHAM,,Loading Point,
,,TRANSWORLD F.P. PVT LTD-G.DHAM,,Offloading Point,
KCIL-GANDHAIDHAM - - UDAIPUR POLY SACKS LTD-UDAIPUR,0,KCIL-GANDHAIDHAM,,Loading Point,
,,UDAIPUR POLY SACKS LTD-UDAIPUR,,Offloading Point,
KCIL-GANDHAIDHAM - - VAL ORGANICS PVT-VALSAD,0,KCIL-GANDHAIDHAM,,Loading Point,
,,VAL ORGANICS PVT-VALSAD,,Offloading Point,
KCIL-GANDHAIDHAM - - VASU CHE.LLP-PALGHAR (M.H),0,KCIL-GANDHAIDHAM,,Loading Point,
,,VASU CHE.LLP-PALGHAR (M.H),,Offloading Point,
KCIL-GANDHAIDHAM - - VIKRAM AROMA LTD-KADI,0,KCIL-GANDHAIDHAM,,Loading Point,
,,VIKRAM AROMA LTD-KADI,,Offloading Point,
KCIL-GANDHAIDHAM - - VIRAG ENTERPRISE-SURAT,0,KCIL-GANDHAIDHAM,,Loading Point,
,,VIRAG ENTERPRISE-SURAT,,Offloading Point,
KCIL-GANDHAIDHAM - - WESTERN DRUGS LTD-UDAIPUR,0,KCIL-GANDHAIDHAM,,Loading Point,
,,WESTERN DRUGS LTD-UDAIPUR,,Offloading Point,
KCIL-GANDHAIDHAM - - YASHASHVI RASAYAN-DAHEJ,0,KCIL-GANDHAIDHAM,,Loading Point,
,,YASHASHVI RASAYAN-DAHEJ,,Offloading Point,
KCIL-GANDHAIDHAM - - YOGESHWAR-NAROL-A.BAD,0,KCIL-GANDHAIDHAM,,Loading Point,
,,YOGESHWAR-NAROL-A.BAD,,Offloading Point,
KETALCHEM INDIA PVT LTD-DADRA - - BALOTRA,0,KETALCHEM INDIA PVT LTD-DADRA,,Loading Point,
,,BALOTRA,,Offloading Point,
KHAITAN CHEM & FER-DAHEJ - - JHAGADIA,0,KHAITAN CHEM & FER-DAHEJ,,Loading Point,
,,JHAGADIA,,Offloading Point,
KHAITAN CHEM & FER-DAHEJ - - KHAITAN CHEM & FER-NIMBAHEDA,0,KHAITAN CHEM & FER-DAHEJ,,Loading Point,
,,KHAITAN CHEM & FER-NIMBAHEDA,,Offloading Point,
KHAITAN NIMRANI M.P. - - MANMOHAN CHEM-JHAGADIA,0,KCFL-NIMRANI,,Loading Point,
,,MMCPL-JHAGADIA,,Offloading Point,
"KHANGAON,M.H - - HISAR",0,"KHANGAON,M.H",,Loading Point,
,,HISAR,,Offloading Point,
KHARAGPUR (WEST.BENGAL) - - HISAR,0,KHARAGPUR (WEST.BENGAL),,Loading Point,
,,HISAR,,Offloading Point,
KHARAGPUR (WEST.BENGAL) - - HISSAR,0,KHARAGPUR (WEST.BENGAL),,Loading Point,
,,HISSAR,,Offloading Point,
KHARAGPUR (WEST.BENGAL) - - M.BHARAT AGRO-SAGAR(M.P),0,KHARAGPUR (WEST.BENGAL),,Loading Point,
,,M.BHARAT AGRO-SAGAR(M.P),,Offloading Point,
KHARAGPUR (WEST.BENGAL) - - SELF,0,KHARAGPUR (WEST.BENGAL),,Loading Point,
,,SELF,,Offloading Point,
"KIRI-PADRA - - DEEPAK NIT, NANDESARI",0,KIRI-PADRA,,Loading Point,
,,"DEEPAK NIT, NANDESARI",,Offloading Point,
KIRI-PADRA - - GFL-DAHEJ,0,KIRI-PADRA,,Loading Point,
,,GFL-DAHEJ,,Offloading Point,
"KIRI-PADRA - - NILKANTH,DHULE",0,KIRI-PADRA,,Loading Point,
,,"NILKANTH,DHULE",,Offloading Point,
KIRI-PADRA - - R.I.L.JAMNAGAR,0,KIRI-PADRA,,Loading Point,
,,R.I.L.JAMNAGAR,,Offloading Point,
KIRI-PADRA - - SETU ENTERPRISES-AMD,0,KIRI-PADRA,,Loading Point,
,,SETU ENTERPRISES-AMD,,Offloading Point,
KIRI-PADRA - - SEUTIC LABS PVT LTD,0,KIRI-PADRA,,Loading Point,
,,SEUTIC LABS PVT LTD,,Offloading Point,
KIRI-PADRA - - SIFLON DRUG-BALLERY,0,KIRI-PADRA,,Loading Point,
,,SIFLON DRUG-BALLERY,,Offloading Point,
KLI-PLASTICZERS-SILVASSA - - RAMA NAND ENT.INDIA P .LTD-GWALIOR,0,KLJ-PLASTICZERS-SILVASSA,,Loading Point,
,,RAMA NAND ENT.INDIA P .LTD-GWALIOR,,Offloading Point,
KLJ JHAGADIA - - RAMA NAND ENT.INDIA P .LTD-GWALIOR,0,KLJ JHAGADIA,,Loading Point,
,,RAMA NAND ENT.INDIA P .LTD-GWALIOR,,Offloading Point,
KLJ ORGANIC LTD-JHAGADIA - - NEW ZEEL FASHION WEAR-DHAR (M.P.),0,KLJ ORGANIC LTD-JHAGADIA,,Loading Point,
,,NEW ZEEL FASHION WEAR-DHAR (M.P.),,Offloading Point,
KLJ PETROPLAST-JHAGADIA - - NEW ZEEL FASHION WEAR-DHAR (M.P.),0,KLJ PETROPLAST-JHAGADIA,,Loading Point,
,,NEW ZEEL FASHION WEAR-DHAR (M.P.),,Offloading Point,
KLJ PETROPLAST-JHAGADIA - - RAMA NAND ENT.INDIA P .LTD-GWALIOR,0,KLJ PETROPLAST-JHAGADIA,,Loading Point,
,,RAMA NAND ENT.INDIA P .LTD-GWALIOR,,Offloading Point,
KLJ SILVASSA - - GWALIOR,0,KLJ SILVASSA,,Loading Point,
,,GWALIOR,,Offloading Point,
KLJ SILVASSA - - JHONPURA,0,KLJ SILVASSA,,Loading Point,
,,JHONPURA,,Offloading Point,
KLJ SILVASSA - - RAMA NAND ENT.INDIA P .LTD-GWALIOR,0,KLJ SILVASSA,,Loading Point,
,,RAMA NAND ENT.INDIA P .LTD-GWALIOR,,Offloading Point,
KODARMA CHEMICAL-JHARKHAND - - APARNA CARBONS PVT LTD (C.G.),0,KODARMA CHEMICAL-JHARKHAND,,Loading Point,
,,APARNA CARBONS PVT LTD (C.G.),,Offloading Point,
KODARMA CHEMICAL-JHARKHAND - - JAYA SPECIALITY CHEMICALS (C.G),0,KODARMA CHEMICAL-JHARKHAND,,Loading Point,
,,JAYA SPECIALITY CHEMICALS (C.G),,Offloading Point,
KODARMA CHEMICAL-JHARKHAND - - SHAKAMBARI AROMATICS-(C.G.),0,KODARMA CHEMICAL-JHARKHAND,,Loading Point,
,,SHAKAMBARI AROMATICS-(C.G.),,Offloading Point,
KRISHANA PHOSCHEM LIMITED-MEGHNAGAR - - M.BHARAT AGRO-SOURAI-BANDA,0,KRISHANA PHOSCHEM LIMITED-MEGHNAGAR,,Loading Point,
,,M.BHARAT AGRO-SOURAI-BANDA,,Offloading Point,
KRISHNA CHEMICALS-WAIDHAN-M.P. - - INDIAN OIL CORP LTD-SINGRAULI,0,KRISHNA CHEMICALS-WAIDHAN-M.P.,,Loading Point,
,,INDIAN OIL CORP LTD-SINGRAULI,,Offloading Point,
KRISHNA CHEMICALS-WAIDHAN-M.P. - - KRISHNA CHEMICALS-WAIDHAN-M.P.,0,KRISHNA CHEMICALS-WAIDHAN-M.P.,,Loading Point,
,,KRISHNA CHEMICALS-WAIDHAN-M.P.,,Offloading Point,
KRISHNA CHEMICALS-WAIDHAN-M.P. - - RASAYAN UDYOG-DHANBAD,0,KRISHNA CHEMICALS-WAIDHAN-M.P.,,Loading Point,
,,RASAYAN UDYOG-DHANBAD,,Offloading Point,
KRISHNA CHEMICALS-WAIDHAN-M.P. - - SINGRUALI,0,KRISHNA CHEMICALS-WAIDHAN-M.P.,,Loading Point,
,,SINGRUALI,,Offloading Point,
KRISHNA-GANDHIDHAM - - MAHAD-M.H.,0,KRISHNA-GANDHIDHAM,,Loading Point,
,,MAHAD-M.H.,,Offloading Point,
KRISHNA-GANDHIDHAM - - TRANSWORLD F.P. PVT LTD-G.DHAM,0,KRISHNA-GANDHIDHAM,,Loading Point,
,,TRANSWORLD F.P. PVT LTD-G.DHAM,,Offloading Point,
KUSHAL CHEMICAL-DELHI - - INDIAN GLYCOLS LTD-(U.KHAND,0,KUSHAL CHEMICAL-DELHI,,Loading Point,
,,INDIAN GLYCOLS LTD-(U.KHAND,,Offloading Point,
KUTCH COPPER LTD-MUNDRA - - A.P.L. BHUJ,0,KUTCH COPPER LTD-MUNDRA,,Loading Point,
,,A.P.L. BHUJ,,Offloading Point,
KUTCH COPPER LTD-MUNDRA - - AARTI IND.-JHAGADIA,0,KUTCH COPPER LTD-MUNDRA,,Loading Point,
,,AARTI IND.-JHAGADIA,,Offloading Point,
KUTCH COPPER LTD-MUNDRA - - AMAR ALUM & ALLIED CHEM-BARELLY,0,KUTCH COPPER LTD-MUNDRA,,Loading Point,
,,AMAR ALUM & ALLIED CHEM-BARELLY,,Offloading Point,
KUTCH COPPER LTD-MUNDRA - - AROMETIC-G DHAM-KUTCH,0,KUTCH COPPER LTD-MUNDRA,,Loading Point,
,,AROMETIC-G DHAM-KUTCH,,Offloading Point,
KUTCH COPPER LTD-MUNDRA - - CIL -NANDESARI,0,KUTCH COPPER LTD-MUNDRA,,Loading Point,
,,CIL -NANDESARI,,Offloading Point,
KUTCH COPPER LTD-MUNDRA - - DHANLAKSHMI BIOCHEM-AHMEDABAD,0,KUTCH COPPER LTD-MUNDRA,,Loading Point,
,,DHANLAKSHMI BIOCHEM-AHMEDABAD,,Offloading Point,
KUTCH COPPER LTD-MUNDRA - - GOKUL OVERSEAS-G.DHAM,0,KUTCH COPPER LTD-MUNDRA,,Loading Point,
,,GOKUL OVERSEAS-G.DHAM,,Offloading Point,
KUTCH COPPER LTD-MUNDRA - - GOPINATH CHEM-KADI,0,KUTCH COPPER LTD-MUNDRA,,Loading Point,
,,GOPINATH CHEM-KADI,,Offloading Point,
KUTCH COPPER LTD-MUNDRA - - GSFC LTD. SIKKA UNIT,0,KUTCH COPPER LTD-MUNDRA,,Loading Point,
,,GSFC LTD. SIKKA UNIT,,Offloading Point,
"KUTCH COPPER LTD-MUNDRA - - IFFCO,KANDLA",0,KUTCH COPPER LTD-MUNDRA,,Loading Point,
,,"IFFCO,KANDLA",,Offloading Point,
KUTCH COPPER LTD-MUNDRA - - KCFL-NIMRANI,0,KUTCH COPPER LTD-MUNDRA,,Loading Point,
,,KCFL-NIMRANI,,Offloading Point,
KUTCH COPPER LTD-MUNDRA - - KCIL-GANDHAIDHAM,0,KUTCH COPPER LTD-MUNDRA,,Loading Point,
,,KCIL-GANDHAIDHAM,,Offloading Point,
KUTCH COPPER LTD-MUNDRA - - KRISHANA PHOSCHEM LIMITED-MEGHNAGAR,0,KUTCH COPPER LTD-MUNDRA,,Loading Point,
,,KRISHANA PHOSCHEM LIMITED-MEGHNAGAR,,Offloading Point,
KUTCH COPPER LTD-MUNDRA - - LAXMI AGRO-GANDHIDHAM,0,KUTCH COPPER LTD-MUNDRA,,Loading Point,
,,LAXMI AGRO-GANDHIDHAM,,Offloading Point,
KUTCH COPPER LTD-MUNDRA - - M.B.AGRO.PROD.LTD-SAGAR,0,KUTCH COPPER LTD-MUNDRA,,Loading Point,
,,M.B.AGRO.PROD.LTD-SAGAR,,Offloading Point,
KUTCH COPPER LTD-MUNDRA - - NIDL SURFACTANTS PVT-BADDI,0,KUTCH COPPER LTD-MUNDRA,,Loading Point,
,,NIDL SURFACTANTS PVT-BADDI,,Offloading Point,
"KUTCH COPPER LTD-MUNDRA - - R.M.PHOSPHATE,DHULIA",0,KUTCH COPPER LTD-MUNDRA,,Loading Point,
,,"R.M.PHOSPHATE,DHULIA",,Offloading Point,
"KUTCH COPPER LTD-MUNDRA - - RADHA MADHAV,SURAT",0,KUTCH COPPER LTD-MUNDRA,,Loading Point,
,,"RADHA MADHAV,SURAT",,Offloading Point,
KUTCH COPPER LTD-MUNDRA - - RAMA PHOSPHATE LTD-INDOR,0,KUTCH COPPER LTD-MUNDRA,,Loading Point,
,,RAMA PHOSPHATE LTD-INDOR,,Offloading Point,
KUTCH COPPER LTD-MUNDRA - - SHAKAMBARI ENT. INDIA-PARGANAS (W.B.),0,KUTCH COPPER LTD-MUNDRA,,Loading Point,
,,SHAKAMBARI ENT. INDIA-PARGANAS (W.B.),,Offloading Point,
KUTCH COPPER LTD-MUNDRA - - SHREE CEMENT LTD - RAS,0,KUTCH COPPER LTD-MUNDRA,,Loading Point,
,,SHREE CEMENT LTD - RAS,,Offloading Point,
KUTCH COPPER LTD-MUNDRA - - TRANSWORLD F.P. PVT LTD-G.DHAM,0,KUTCH COPPER LTD-MUNDRA,,Loading Point,
,,TRANSWORLD F.P. PVT LTD-G.DHAM,,Offloading Point,
KUTCH COPPER LTD-MUNDRA - - TRANSWORLD FURTICHEM-JHAGADIA,0,KUTCH COPPER LTD-MUNDRA,,Loading Point,
,,TRANSWORLD FURTICHEM-JHAGADIA,,Offloading Point,
KUTCH SPECIALITIES-KACHCHH - - A.R.BHANDARI-INDORE,0,KUTCH SPECIALITIES-KACHCHH,,Loading Point,
,,A.R.BHANDARI-INDORE,,Offloading Point,
KUTCH SPECIALITIES-KACHCHH - - BAJRANJG CHEMICALS-ETHA (UP),0,KUTCH SPECIALITIES-KACHCHH,,Loading Point,
,,BAJRANJG CHEMICALS-ETHA (UP),,Offloading Point,
KUTCH SPECIALITIES-KACHCHH - - BIC CHEM & PACKING-TARAPUR,0,KUTCH SPECIALITIES-KACHCHH,,Loading Point,
,,BIC CHEM & PACKING-TARAPUR,,Offloading Point,
KUTCH SPECIALITIES-KACHCHH - - BODAL CHEMICALS LTD-UNIT-VII,0,KUTCH SPECIALITIES-KACHCHH,,Loading Point,
,,BODAL CHEMICALS LTD-UNIT-VII,,Offloading Point,
KUTCH SPECIALITIES-KACHCHH - - BODAL-PADRA,0,KUTCH SPECIALITIES-KACHCHH,,Loading Point,
,,BODAL-PADRA,,Offloading Point,
KUTCH SPECIALITIES-KACHCHH - - CLAIRVOYANCE IND-DAHEJ,0,KUTCH SPECIALITIES-KACHCHH,,Loading Point,
,,CLAIRVOYANCE IND-DAHEJ,,Offloading Point,
"KUTCH SPECIALITIES-KACHCHH - - COLOUR TEX,SURAT",0,KUTCH SPECIALITIES-KACHCHH,,Loading Point,
,,"COLOUR TEX,SURAT",,Offloading Point,
KUTCH SPECIALITIES-KACHCHH - - JAY CHEMICAL IND-SAYKHA,0,KUTCH SPECIALITIES-KACHCHH,,Loading Point,
,,JAY CHEMICAL IND-SAYKHA,,Offloading Point,
KUTCH SPECIALITIES-KACHCHH - - MAYUR DYE CHEM-PADRA,0,KUTCH SPECIALITIES-KACHCHH,,Loading Point,
,,MAYUR DYE CHEM-PADRA,,Offloading Point,
KUTCH SPECIALITIES-KACHCHH - - MEWAR CHEM TECH UDAIPUR,0,KUTCH SPECIALITIES-KACHCHH,,Loading Point,
,,MEWAR CHEM TECH UDAIPUR,,Offloading Point,
KUTCH SPECIALITIES-KACHCHH - - MICAS ORG.LTD-II-VAPI,0,KUTCH SPECIALITIES-KACHCHH,,Loading Point,
,,MICAS ORG.LTD-II-VAPI,,Offloading Point,
KUTCH SPECIALITIES-KACHCHH - - MITTAL CHEM-JALESAR,0,KUTCH SPECIALITIES-KACHCHH,,Loading Point,
,,MITTAL CHEM-JALESAR,,Offloading Point,
KUTCH SPECIALITIES-KACHCHH - - OM NITRATE-WAIDHAN-M.P.,0,KUTCH SPECIALITIES-KACHCHH,,Loading Point,
,,OM NITRATE-WAIDHAN-M.P.,,Offloading Point,
"KUTCH SPECIALITIES-KACHCHH - - PANOLI INT , NANDESARI",0,KUTCH SPECIALITIES-KACHCHH,,Loading Point,
,,"PANOLI INT , NANDESARI",,Offloading Point,
KUTCH SPECIALITIES-KACHCHH - - PARVATI INTER PRIES-INDOR,0,KUTCH SPECIALITIES-KACHCHH,,Loading Point,
,,PARVATI INTER PRIES-INDOR,,Offloading Point,
KUTCH SPECIALITIES-KACHCHH - - RUCHI PETRO PLAST-DAHEJ,0,KUTCH SPECIALITIES-KACHCHH,,Loading Point,
,,RUCHI PETRO PLAST-DAHEJ,,Offloading Point,
KUTCH SPECIALITIES-KACHCHH - - SHYAM SEL & POWER LTD-PITHAMPUR,0,KUTCH SPECIALITIES-KACHCHH,,Loading Point,
,,SHYAM SEL & POWER LTD-PITHAMPUR,,Offloading Point,
KUTCH SPECIALITIES-KACHCHH - - SNIGDHA BASIC CHEM-INDORE,0,KUTCH SPECIALITIES-KACHCHH,,Loading Point,
,,SNIGDHA BASIC CHEM-INDORE,,Offloading Point,
KUTCH SPECIALITIES-KACHCHH - - SUNFRIO CHEMICALS PVT LTD-DAHEJ,0,KUTCH SPECIALITIES-KACHCHH,,Loading Point,
,,SUNFRIO CHEMICALS PVT LTD-DAHEJ,,Offloading Point,
KUTCH SPECIALITIES-KACHCHH - - TANAY INORGANIC PVT LTD-NAGPUR,0,KUTCH SPECIALITIES-KACHCHH,,Loading Point,
,,TANAY INORGANIC PVT LTD-NAGPUR,,Offloading Point,
KUTCH SPECIALITIES-KACHCHH - - YOGESHWAR-NAROL-A.BAD,0,KUTCH SPECIALITIES-KACHCHH,,Loading Point,
,,YOGESHWAR-NAROL-A.BAD,,Offloading Point,
LASONS INDIA PVT LTD-TALOJA - - AHMEDABAD,0,LASONS INDIA PVT LTD-TALOJA,,Loading Point,
,,KEMIT CHEMICALS PVT LTD-AHMEDABAD,,Offloading Point,
LASONS INDIA PVT LTD-TALOJA - - NAVDEEP ENT-SANAND,0,LASONS INDIA PVT LTD-TALOJA,,Loading Point,
,,NAVDEEP ENT-SANAND,,Offloading Point,
LASONS INDIA PVT LTD-TALOJA - - NEW CHEM ACID AHMDABAD,0,LASONS INDIA PVT LTD-TALOJA,,Loading Point,
,,NEW CHEM ACID AHMDABAD,,Offloading Point,
LASONS INDIA PVT LTD-TALOJA - - YOGESHWAR-NAROL-A.BAD,0,LASONS INDIA PVT LTD-TALOJA,,Loading Point,
,,YOGESHWAR-NAROL-A.BAD,,Offloading Point,
"LAXMI AGRO,UDAIPUR - - BASANT AGRO-JALGOAN",0,"LAXMI AGRO,UDAIPUR",,Loading Point,
,,BASANT AGRO-JALGOAN,,Offloading Point,
"LAXMI AGRO,UDAIPUR - - FARMA PHOSPHATES-UDAIPUR",0,"LAXMI AGRO,UDAIPUR",,Loading Point,
,,FARMA PHOSPHATE LTD-UDAIPUR,,Offloading Point,
"LAXMI AGRO,UDAIPUR - - RAMA PHOSPHATE LTD-UDAIPUR",0,"LAXMI AGRO,UDAIPUR",,Loading Point,
,,RAMA PHOSPHATE LTD-UDAIPUR,,Offloading Point,
LAXMI AGRO-GANDHIDHAM - - MAHAKAL ENT-NEEMUCH-MP,0,LAXMI AGRO-GANDHIDHAM,,Loading Point,
,,MAHAKAL ENT-NEEMUCH-MP,,Offloading Point,
LAXMI AGRO-GANDHIDHAM - - PATEL PHOSCHEM-UDAIPUR,0,LAXMI AGRO-GANDHIDHAM,,Loading Point,
,,PATEL PHOSCHEM-UDAIPUR,,Offloading Point,
LAXMI AGRO-GANDHIDHAM - - RAMA PHOSPHATE LTD-UDAIPUR,0,LAXMI AGRO-GANDHIDHAM,,Loading Point,
,,RAMA PHOSPHATE LTD-UDAIPUR,,Offloading Point,
LAXMI AGRO-GANDHIDHAM - - TRANSWORLD F.P. PVT LTD-G.DHAM,0,LAXMI AGRO-GANDHIDHAM,,Loading Point,
,,TRANSWORLD F.P. PVT LTD-G.DHAM,,Offloading Point,
LORDS CHLORO ALKALI LTD-ALWAR - - HARSH CHEMICALS-BALOTRA,0,LORDS CHLORO ALKALI LTD-ALWAR,,Loading Point,
,,HARSH CHEMICALS-BALOTRA,,Offloading Point,
LORDS CHLORO ALKALI LTD-ALWAR - - JANKI PROCESS-BALOTRA,0,LORDS CHLORO ALKALI LTD-ALWAR,,Loading Point,
,,JANKI PROCESS-BALOTRA,,Offloading Point,
LORDS CHLORO ALKALI LTD-ALWAR - - JODHPUR,0,LORDS CHLORO ALKALI LTD-ALWAR,,Loading Point,
,,JODHPUR,,Offloading Point,
LORDS CHLORO ALKALI LTD-ALWAR - - MANISH PARTISHTHAN-BALOTRA,0,LORDS CHLORO ALKALI LTD-ALWAR,,Loading Point,
,,MANISH PARTISHTHAN-BALOTRA,,Offloading Point,
LORDS CHLORO ALKALI LTD-ALWAR - - MOTI COLOR CO DEL.-BALOTRA,0,LORDS CHLORO ALKALI LTD-ALWAR,,Loading Point,
,,MOTI COLOR CO DEL.-BALOTRA,,Offloading Point,
LORDS CHLORO ALKALI LTD-ALWAR - - SUNRISE TRADING-BALOTRA,0,LORDS CHLORO ALKALI LTD-ALWAR,,Loading Point,
,,SUNRISE TRADING-BALOTRA,,Offloading Point,
LUNA CHEMICAL-DAHEJ - - D.F.P.C.L.-DAHEJ,0,LUNA CHEMICAL-DAHEJ,,Loading Point,
,,D.F.P.C.L.-DAHEJ,,Offloading Point,
M B COTTEX-YAVATMAL - - N.K.PROTEINS PVT LTD-KADI,0,M B COTTEX-YAVATMAL,,Loading Point,
,,N.K.PROTEINS PVT LTD-KADI,,Offloading Point,
M.A.KAPASI CHEMICAL-(C.G.) - - A.R.BHANDARI-INDORE,0,M.A.KAPASI CHEMICAL-(C.G.),,Loading Point,
,,A.R.BHANDARI-INDORE,,Offloading Point,
"M.BHARAT AGRO-SAGAR(M.P) - - HITESH CHEM,ANKLESHWAR",0,M.BHARAT AGRO-SAGAR(M.P),,Loading Point,
,,"HITESH CHEM,ANKLESHWAR",,Offloading Point,
M.N.SURF-PUNE - - ARIHANT TRADERS-DURG (C.G.),0,M.N.SURF-PUNE,,Loading Point,
,,ARIHANT TRADERS-DURG (C.G.),,Offloading Point,
M.N.SURF-PUNE - - BHIMANI CHEMICALS-AHMRDABAD,0,M.N.SURF-PUNE,,Loading Point,
,,BHIMANI CHEMICALS-AHMRDABAD,,Offloading Point,
M.N.SURF-PUNE - - BHIMANI CHEMICALS-AMD,0,M.N.SURF-PUNE,,Loading Point,
,,BHIMANI CHEMICALS-AMD,,Offloading Point,
M.N.SURF-PUNE - - NAVYUG CHEMICALS-AMD,0,M.N.SURF-PUNE,,Loading Point,
,,NAVYUG CHEMICALS-AMD,,Offloading Point,
M.N.SURF-PUNE - - POONAM INDUSTRIES.-KARNAL,0,M.N.SURF-PUNE,,Loading Point,
,,POONAM INDUSTRIES.-KARNAL,,Offloading Point,
M.N.SURF-PUNE - - R C F FERTILISERS-DINDORI-NASIK,0,M.N.SURF-PUNE,,Loading Point,
,,R C F FERTILISERS-DINDORI-NASIK,,Offloading Point,
M.N.SURF-PUNE - - SARA IND-SANAND-AMD.,0,M.N.SURF-PUNE,,Loading Point,
,,SARA IND-SANAND-AMD.,,Offloading Point,
M.N.SURF-PUNE - - SHRI MAHILA GRIHA UDYOG-PUNE,0,M.N.SURF-PUNE,,Loading Point,
,,SHRI MAHILA GRIHA UDYOG-PUNE,,Offloading Point,
M.N.SURF-PUNE - - SIDDHVINAYAK TRADELINK-RAJKOT,0,M.N.SURF-PUNE,,Loading Point,
,,SIDDHVINAYAK TRADELINK-RAJKOT,,Offloading Point,
"MADHU SIL,BHAVNAGAR - - BIRLA-DAHEJ",0,"MADHU SIL,BHAVNAGAR",,Loading Point,
,,BIRLA-DAHEJ,,Offloading Point,
"MADHU SIL,BHAVNAGAR - - DEEPAK NIT, NANDESARI",0,"MADHU SIL,BHAVNAGAR",,Loading Point,
,,"DEEPAK NIT, NANDESARI",,Offloading Point,
"MADHU SIL,BHAVNAGAR - - HOPL-NANDESARI",0,"MADHU SIL,BHAVNAGAR",,Loading Point,
,,HOPL-NANDESARI,,Offloading Point,
"MADHU SIL,BHAVNAGAR - - PANOLI INT , NANDESARI",0,"MADHU SIL,BHAVNAGAR",,Loading Point,
,,"PANOLI INT , NANDESARI",,Offloading Point,
"MADHU SIL,BHAVNAGAR - - R.M.PHOSPHATE,DHULIA",0,"MADHU SIL,BHAVNAGAR",,Loading Point,
,,"R.M.PHOSPHATE,DHULIA",,Offloading Point,
"MADHU SIL,BHAVNAGAR - - ROHAN CHEMICAL KHAMBHAT",0,"MADHU SIL,BHAVNAGAR",,Loading Point,
,,ROHAN CHEMICAL KHAMBHAT,,Offloading Point,
MADHVADI PETRO-SAYKHA - - SWASTIK CHEMICALS-KANPUR,0,MADHVADI PETRO-SAYKHA,,Loading Point,
,,SWASTIK CHEMICALS-KANPUR,,Offloading Point,
MAHADHAN AGRITECH LTD-TALOJA - - SBL ENERGY LIMITED-NAGPUR,0,MAHADHAN AGRITECH LTD-TALOJA,,Loading Point,
,,SBL ENERGY LIMITED-NAGPUR,,Offloading Point,
MAHAD-M.H. - - FOSROC CHEM INDIA-ANK,0,MAHAD-M.H.,,Loading Point,
,,FOSROC CHEM INDIA-ANK,,Offloading Point,
MAHARSHI CHEMICAL-ANJAR - - HARSH CHEMICALS-BALOTRA,0,MAHARSHI CHEMICAL-ANJAR,,Loading Point,
,,HARSH CHEMICALS-BALOTRA,,Offloading Point,
MAHESH EDIBLE OIL-KOTA (RAJ) - - SHANKAR NUTRICON PVT LTD-INDORE,0,MAHESH EDIBLE OIL-KOTA (RAJ),,Loading Point,
,,SHANKAR NUTRICON PVT LTD-INDORE,,Offloading Point,
MAHESH EDIBLE OIL-KOTA (RAJ) - - SHANKER NUTRICON-PITHAMPUR (MP),0,MAHESH EDIBLE OIL-KOTA (RAJ),,Loading Point,
,,SHANKER NUTRICON-PITHAMPUR (MP),,Offloading Point,
MAHESH EDIBLE OIL-KOTA (RAJ) - - SHIVAM OIL & PROTEINS -INDOR,0,MAHESH EDIBLE OIL-KOTA (RAJ),,Loading Point,
,,SHIVAM OIL & PROTEINS -INDOR,,Offloading Point,
MANI ZINC COMPANY-UDAIPUR - - BRIJ ENTERPRISES-ANK,0,MANI ZINC COMPANY-UDAIPUR,,Loading Point,
,,BRIJ ENTERPRISES-ANK,,Offloading Point,
MANI ZINC COMPANY-UDAIPUR - - CIL-DAHEJ,0,MANI ZINC COMPANY-UDAIPUR,,Loading Point,
,,CIL-DAHEJ,,Offloading Point,
MANI ZINC COMPANY-UDAIPUR - - CIL-SARIGAM,0,MANI ZINC COMPANY-UDAIPUR,,Loading Point,
,,CIL-SARIGAM,,Offloading Point,
MANI ZINC COMPANY-UDAIPUR - - SUPERFORM CHEMISTRIES-JHAGADIA,0,MANI ZINC COMPANY-UDAIPUR,,Loading Point,
,,SUPERFORM CHEMISTRIES-JHAGADIA,,Offloading Point,
MANI ZINC COMPANY-UDAIPUR - - TIAGO CHEM-ANK,0,MANI ZINC COMPANY-UDAIPUR,,Loading Point,
,,TIAGO CHEM-ANK,,Offloading Point,
MANI ZINC COMPANY-UDAIPUR - - VADODARA,0,MANI ZINC COMPANY-UDAIPUR,,Loading Point,
,,VADODARA,,Offloading Point,
MANORAMA IND LTD-(C.G) - - VARDHIT SOLUTIONS-KANPUR (U.P),0,MANORAMA IND LTD-(C.G),,Loading Point,
,,VARDHIT SOLUTIONS-KANPUR (U.P),,Offloading Point,
MARS GLASS PVT LTD.-DHULE - - H.U.LTD -CHIPLUN (M.H.),0,MARS GLASS PVT LTD.-DHULE,,Loading Point,
,,H.U.LTD -CHIPLUN (M.H.),,Offloading Point,
MARUTI CHEMICAL- NANDESARI - - NAGPUR,0,MARUTI CHEMICAL- NANDESARI,,Loading Point,
,,NTPC LTD-MOUDHA-NAGPUR,,Offloading Point,
MARUTI CHEMICALS IND (KOLKATA.W.BENGAL) - - NTPC LTD-MOUDHA-NAGPUR,0,MARUTI CHEMICALS IND (KOLKATA.W.BENGAL),,Loading Point,
,,NTPC LTD-MOUDHA-NAGPUR,,Offloading Point,
MEGHMANI DYES & INTER-DUDHWADA-PADRA - - ROHAN DYES & INT.- CAMBAY,0,MEGHMANI DYES & INTER-DUDHWADA-PADRA,,Loading Point,
,,ROHAN DYES & INT.- CAMBAY,,Offloading Point,
MEGHMANI FINE CHEM-DAHEJ - - AARTI IND-TARAPUR,0,MEGHMANI FINE CHEM-DAHEJ,,Loading Point,
,,AARTI IND-TARAPUR,,Offloading Point,
MEGHMANI FINE CHEM-DAHEJ - - HARSH CHEMICALS-BALOTRA,0,MEGHMANI FINE CHEM-DAHEJ,,Loading Point,
,,HARSH CHEMICALS-BALOTRA,,Offloading Point,
MEGHNAGAR - - AHMEDABAD.,0,MEGHNAGAR,,Loading Point,
,,AHMEDABAD.,,Offloading Point,
METMIN AGRO FERT-DHANBAD - - JAJPUR,0,METMIN AGRO FERT-DHANBAD,,Loading Point,
,,JAJPUR,,Offloading Point,
"METMIN AGRO FERT-DHANBAD - - JINDAL ST.STEEL-JAJPUR,ORISSA",0,METMIN AGRO FERT-DHANBAD,,Loading Point,
,,"JINDAL ST.STEEL-JAJPUR,ORISSA",,Offloading Point,
METMIN AGRO FERT-DHANBAD - - SPECIAL BLASTS LTD-PIRDA,0,METMIN AGRO FERT-DHANBAD,,Loading Point,
,,SPECIAL BLASTS LTD-PIRDA,,Offloading Point,
"MIRASH IND PVT LTD-DAHEJ - - IFFCO,KANDLA",0,MIRASH IND PVT LTD-DAHEJ,,Loading Point,
,,"IFFCO,KANDLA",,Offloading Point,
MIRASH IND PVT LTD-DAHEJ - - KCIL-GANDHAIDHAM,0,MIRASH IND PVT LTD-DAHEJ,,Loading Point,
,,KCIL-GANDHAIDHAM,,Offloading Point,
MIRASH IND PVT LTD-DAHEJ - - NUCLEAR FUEL COMPLEX-RAWATBHATA,0,MIRASH IND PVT LTD-DAHEJ,,Loading Point,
,,NUCLEAR FUEL COMPLEX-RAWATBHATA,,Offloading Point,
"MIRASH IND PVT LTD-DAHEJ - - RADHA MADHAV,SURAT",0,MIRASH IND PVT LTD-DAHEJ,,Loading Point,
,,"RADHA MADHAV,SURAT",,Offloading Point,
MIRASH IND PVT LTD-DAHEJ - - SHREEJI LIQUID STORAGE TERMINAL-KANDLA,0,MIRASH IND PVT LTD-DAHEJ,,Loading Point,
,,SHREEJI LIQUID STORAGE TERMINAL-KANDLA,,Offloading Point,
MUNDRA - - SHREE RAM SOAP & DET-HARYANA,0,MUNDRA,,Loading Point,
,,SHREE RAM SOAP & DET-HARYANA,,Offloading Point,
MYSORE AMMONIA-NANDESARI - - ACC LIMITED-LAKHERI,0,MYSORE AMMONIA-NANDESARI,,Loading Point,
,,ACC LIMITED-LAKHERI,,Offloading Point,
MYSORE AMMONIA-NANDESARI - - AMZOLE INDIA P.LTD-UDAIPUR,0,MYSORE AMMONIA-NANDESARI,,Loading Point,
,,AMZOLE INDIA P.LTD-UDAIPUR,,Offloading Point,
MYSORE AMMONIA-NANDESARI - - BHARAT HEAVY ELECTRICALS LTD-JALGAON,0,MYSORE AMMONIA-NANDESARI,,Loading Point,
,,BHARAT HEAVY ELECTRICALS LTD-JALGAON,,Offloading Point,
MYSORE AMMONIA-NANDESARI - - INTECH ORGANIC LTD.PALI,0,MYSORE AMMONIA-NANDESARI,,Loading Point,
,,INTECH ORGANIC LTD.PALI,,Offloading Point,
MYSORE AMMONIA-NANDESARI - - J K CEMENT-NIMBAHERA,0,MYSORE AMMONIA-NANDESARI,,Loading Point,
,,J K CEMENT-NIMBAHERA,,Offloading Point,
MYSORE AMMONIA-NANDESARI - - J.K.CEMENT-CHITTORGARH,0,MYSORE AMMONIA-NANDESARI,,Loading Point,
,,J.K.CEMENT-CHITTORGARH,,Offloading Point,
MYSORE AMMONIA-NANDESARI - - SNJ CHEMPACK-ANKLESHWAR,0,MYSORE AMMONIA-NANDESARI,,Loading Point,
,,SNJ CHEMPACK-ANKLESHWAR,,Offloading Point,
MYSORE AMMONIA-NANDESARI - - UDAIPUR UNIT,0,MYSORE AMMONIA-NANDESARI,,Loading Point,
,,UDAIPUR UNIT,,Offloading Point,
NAGDA - - ANKLESHWAR,0,NAGDA,,Loading Point,
,,ANKLESHWAR,,Offloading Point,
NAGDA - - DAHEJ,0,NAGDA,,Loading Point,
,,DAHEJ,,Offloading Point,
NAGDA - - HAZIRA PORT SURAT,0,NAGDA,,Loading Point,
,,HAZIRA PORT SURAT,,Offloading Point,
NAGPUR - - AKSHAR CHEM INDIA-MEHSANA,0,NAGPUR,,Loading Point,
,,AKSHAR CHEM INDIA-MEHSANA,,Offloading Point,
NAGPUR - - GANESHKRUPA CHEM-VALSAD,0,NAGPUR,,Loading Point,
,,GANESHKRUPA CHEM-VALSAD,,Offloading Point,
NAGPUR - - RAMAGUNDAM-III-TELANGANA,0,NAGPUR,,Loading Point,
,,RAMAGUNDAM-III-TELANGANA,,Offloading Point,
NAGPUR - - TINCO CHEMICAL-BADLAPUR,0,NAGPUR,,Loading Point,
,,TINCO CHEMICAL-BADLAPUR,,Offloading Point,
"NANDESARI UNIT,SELF - - SHREE CEMENT LTD-BEAWAR",0,"NANDESARI UNIT,SELF",,Loading Point,
,,SHREE CEMENT LTD-BEAWAR,,Offloading Point,
NATH IND. CHEMICAL LTD-VAPI - - ANKLESHWAR,0,NATH IND. CHEMICAL LTD-VAPI,,Loading Point,
,,ANKLESHWAR,,Offloading Point,
NATH IND. CHEMICAL LTD-VAPI - - CHEMIE ORG.JHAGADIA,0,NATH IND. CHEMICAL LTD-VAPI,,Loading Point,
,,CHEMIE ORG.JHAGADIA,,Offloading Point,
NATH IND. CHEMICAL LTD-VAPI - - GALAXY CHEMICALS-BALLARY,0,NATH IND. CHEMICAL LTD-VAPI,,Loading Point,
,,GALAXY CHEMICALS-BALLARY,,Offloading Point,
NATH IND. CHEMICAL LTD-VAPI - - H C L JHAGADIA,0,NATH IND. CHEMICAL LTD-VAPI,,Loading Point,
,,H C L JHAGADIA,,Offloading Point,
NATH IND. CHEMICAL LTD-VAPI - - NANDOLIA ORG.CHEM.PVT.LTD-PANOLI,0,NATH IND. CHEMICAL LTD-VAPI,,Loading Point,
,,NANDOLIA ORG.CHEM.PVT.LTD-PANOLI,,Offloading Point,
"NATH IND. CHEMICAL LTD-VAPI - - ORGANIC IND,DAHEJ",0,NATH IND. CHEMICAL LTD-VAPI,,Loading Point,
,,"ORGANIC IND,DAHEJ",,Offloading Point,
NATH IND. CHEMICAL LTD-VAPI - - SIFLON DRUG-BALLERY,0,NATH IND. CHEMICAL LTD-VAPI,,Loading Point,
,,SIFLON DRUG-BALLERY,,Offloading Point,
NATHDHWARA CHEM-NAGPUR - - BRAVIM CHEM-DHANBAD,0,NATHDHWARA CHEM-NAGPUR,,Loading Point,
,,BRAVIM CHEM-DHANBAD,,Offloading Point,
NATHDHWARA CHEM-NAGPUR - - SELF,0,NATHDHWARA CHEM-NAGPUR,,Loading Point,
,,SELF,,Offloading Point,
"NATIONAL FERT. LTD-NAYA NANGAL - - CHEMICAL UDYOG,ROURKELA",0,NATIONAL FERT. LTD-NAYA NANGAL,,Loading Point,
,,"CHEMICAL UDYOG,ROURKELA",,Offloading Point,
NATIONAL FERT. LTD-NAYA NANGAL - - JAIPUR,0,NATIONAL FERT. LTD-NAYA NANGAL,,Loading Point,
,,JAIPUR,,Offloading Point,
NATIONAL FERT. LTD-NAYA NANGAL - - RASAYAN UDYOG-DHANBAD,0,NATIONAL FERT. LTD-NAYA NANGAL,,Loading Point,
,,RASAYAN UDYOG-DHANBAD,,Offloading Point,
NATIONAL FERT. LTD-NAYA NANGAL - - RASAYAN UDYOG-SINGRAULI,0,NATIONAL FERT. LTD-NAYA NANGAL,,Loading Point,
,,RASAYAN UDYOG-SINGRAULI,,Offloading Point,
NATIONAL FERT. LTD-NAYA NANGAL - - SHRI KRISHNA ENT-ALIGARH,0,NATIONAL FERT. LTD-NAYA NANGAL,,Loading Point,
,,SHRI KRISHNA ENT-ALIGARH,,Offloading Point,
NATIONAL FERT. LTD-NAYA NANGAL - - SHRI KRISHNA ENT-JALESAR,0,NATIONAL FERT. LTD-NAYA NANGAL,,Loading Point,
,,SHRI KRISHNA ENT-JALESAR,,Offloading Point,
NAVABHARAT LTD-ANDRA PRADESH - - BHARAT OIL IND-AKOLA,0,NAVABHARAT LTD-ANDRA PRADESH,,Loading Point,
,,BHARAT OIL IND-AKOLA,,Offloading Point,
"NAVIN FLOURIN,SURAT - - NAVIN FLOURIN,SURAT",0,"NAVIN FLOURIN,SURAT",,Loading Point,
,,"NAVIN FLOURIN,SURAT",,Offloading Point,
NCPL-KANDLA - - GODHREJ CONSUMER PRODUCTS-MALANPUR(M.P),0,NCPL-KANDLA,,Loading Point,
,,GODHREJ CONSUMER PRODUCTS-MALANPUR(M.P),,Offloading Point,
"NEO CHEM-GOZARIYA - - SHANTI AGRO,NAVSARI",0,NEO CHEM-GOZARIYA,,Loading Point,
,,"SHANTI AGRO,NAVSARI",,Offloading Point,
NETAJI IOL DEPOT-HALDIA - - GODHREJ CONSUMER PRODUCTS-MALANPUR(M.P),0,NETAJI IOL DEPOT-HALDIA,,Loading Point,
,,GODHREJ CONSUMER PRODUCTS-MALANPUR(M.P),,Offloading Point,
NETAJI OIL DEPOT UNIT-HALDIA - - VIJAY SOLVEX LTD-ALWAR,0,NETAJI OIL DEPOT UNIT-HALDIA,,Loading Point,
,,VIJAY SOLVEX LTD-ALWAR,,Offloading Point,
NEW HORIZONS ASPHAL PVT LTD - - UDAIPUR UNIT,0,NEW HORIZONS ASPHAL PVT LTD,,Loading Point,
,,UDAIPUR UNIT,,Offloading Point,
NEW INDIA - - S.S. TANK SOLD,0,NEW INDIA,,Loading Point,
,,S.S. TANK SOLD,,Offloading Point,
NEW INDIA DET. PVT LTD-SARIGAM - - BIRLA CARBON INDIA-PATELGANGA-RAIGAD,0,NEW INDIA DET. PVT LTD-SARIGAM,,Loading Point,
,,BIRLA CARBON INDIA-PATELGANGA-RAIGAD,,Offloading Point,
NEW INDIA DET. PVT LTD-SARIGAM - - HINDUSTAN UNILEVER-SUMERPUR,0,NEW INDIA DET. PVT LTD-SARIGAM,,Loading Point,
,,HINDUSTAN UNILEVER-SUMERPUR,,Offloading Point,
NEW INDIA DET. PVT LTD-SARIGAM - - JYOTI LABS LTD-PITHAMPUR,0,NEW INDIA DET. PVT LTD-SARIGAM,,Loading Point,
,,JYOTI LABS LTD-PITHAMPUR,,Offloading Point,
"NEW INDIA DETERGENT PVT LTD (MAHAD) - - R.M.PHOSPHATE,DHULIA",0,NEW INDIA DETERGENT PVT LTD (MAHAD),,Loading Point,
,,"R.M.PHOSPHATE,DHULIA",,Offloading Point,
NEWWAY VYAPAAR PVT LTD-HOWRAH - - BHIWADI,0,NEWWAY VYAPAAR PVT LTD-HOWRAH,,Loading Point,
,,BHIWADI,,Offloading Point,
NEWWAY VYAPAAR PVT LTD-HOWRAH - - SELF,0,NEWWAY VYAPAAR PVT LTD-HOWRAH,,Loading Point,
,,SELF,,Offloading Point,
NEWWAY VYAPAAR PVT LTD-HOWRAH - - SELF-DELHI,0,NEWWAY VYAPAAR PVT LTD-HOWRAH,,Loading Point,
,,SELF-DELHI,,Offloading Point,
NIDL SURFACTANTS PVT-HALDIA - - HINDUSTAN UNILEVER-SUMERPUR,0,NIDL SURFACTANTS PVT-HALDIA,,Loading Point,
,,HINDUSTAN UNILEVER-SUMERPUR,,Offloading Point,
NIKHIL RASAYAN-HOWRAH - - BHIWADI,0,NIKHIL RASAYAN-HOWRAH,,Loading Point,
,,BHIWADI,,Offloading Point,
"NIMISHA CHEM-NANDESARI - - GIL, VILAYAT",0,NIMISHA CHEM-NANDESARI,,Loading Point,
,,"GIL, VILAYAT",,Offloading Point,
NIRMA LTD-BHAVNAGAR - - A.P.REFINERY PVT LTD-PUNJAB,0,NIRMA LTD-BHAVNAGAR,,Loading Point,
,,A.P.REFINERY PVT LTD-PUNJAB,,Offloading Point,
NIRMA LTD-BHAVNAGAR - - ADANI HAZIRA-SURAT,0,NIRMA LTD-BHAVNAGAR,,Loading Point,
,,ADANI HAZIRA-SURAT,,Offloading Point,
NIRMA LTD-BHAVNAGAR - - AHIR SALT & ALLIED PRODUCTS-KANDLA,0,NIRMA LTD-BHAVNAGAR,,Loading Point,
,,AHIR SALT & ALLIED PRODUCTS-KANDLA,,Offloading Point,
NIRMA LTD-BHAVNAGAR - - AHMEDABAD,0,NIRMA LTD-BHAVNAGAR,,Loading Point,
,,KEMIT CHEMICALS PVT LTD-AHMEDABAD,,Offloading Point,
NIRMA LTD-BHAVNAGAR - - AHMEDABAD.,0,NIRMA LTD-BHAVNAGAR,,Loading Point,
,,AHMEDABAD.,,Offloading Point,
NIRMA LTD-BHAVNAGAR - - AKSHAR CHEM INDIA-MEHSANA,0,NIRMA LTD-BHAVNAGAR,,Loading Point,
,,AKSHAR CHEM INDIA-MEHSANA,,Offloading Point,
NIRMA LTD-BHAVNAGAR - - ARCHIT ORG-BHAVNAGAR,0,NIRMA LTD-BHAVNAGAR,,Loading Point,
,,ARCHIT ORG-BHAVNAGAR,,Offloading Point,
NIRMA LTD-BHAVNAGAR - - AROMATICS INDIA PVT LTD-UDAIPUR,0,NIRMA LTD-BHAVNAGAR,,Loading Point,
,,AROMATICS INDIA PVT LTD-UDAIPUR,,Offloading Point,
NIRMA LTD-BHAVNAGAR - - CHEMETALL INDIA PVT LTD-PUNE,0,NIRMA LTD-BHAVNAGAR,,Loading Point,
,,CHEMETALL INDIA PVT LTD-PUNE,,Offloading Point,
NIRMA LTD-BHAVNAGAR - - CHIRIPAL IND LTD-AHMDABAD,0,NIRMA LTD-BHAVNAGAR,,Loading Point,
,,CHIRIPAL IND LTD-AHMDABAD,,Offloading Point,
NIRMA LTD-BHAVNAGAR - - CRYSTAL QUINONE PVT LTD-UNTI-II,0,NIRMA LTD-BHAVNAGAR,,Loading Point,
,,CRYSTAL QUINONE PVT LTD-UNTI-II,,Offloading Point,
"NIRMA LTD-BHAVNAGAR - - DEEPAK NIT, NANDESARI",0,NIRMA LTD-BHAVNAGAR,,Loading Point,
,,"DEEPAK NIT, NANDESARI",,Offloading Point,
NIRMA LTD-BHAVNAGAR - - GEMA TAX-DHOLKA,0,NIRMA LTD-BHAVNAGAR,,Loading Point,
,,GEMA TAX-DHOLKA,,Offloading Point,
NIRMA LTD-BHAVNAGAR - - GHARDA CHEMICALS-PANOLI,0,NIRMA LTD-BHAVNAGAR,,Loading Point,
,,GHARDA CHEMICALS-PANOLI,,Offloading Point,
NIRMA LTD-BHAVNAGAR - - HANUMAN COTTON MILL-AHMEDABAD,0,NIRMA LTD-BHAVNAGAR,,Loading Point,
,,HANUMAN COTTON MILL-AHMEDABAD,,Offloading Point,
NIRMA LTD-BHAVNAGAR - - HARSH CHEMICALS-BALOTRA,0,NIRMA LTD-BHAVNAGAR,,Loading Point,
,,HARSH CHEMICALS-BALOTRA,,Offloading Point,
NIRMA LTD-BHAVNAGAR - - HAZIRA PORT SURAT,0,NIRMA LTD-BHAVNAGAR,,Loading Point,
,,HAZIRA PORT SURAT,,Offloading Point,
NIRMA LTD-BHAVNAGAR - - HENKEL ADHESIVES.PUNE-M.H.,0,NIRMA LTD-BHAVNAGAR,,Loading Point,
,,HENKEL ADHESIVES.PUNE-M.H.,,Offloading Point,
NIRMA LTD-BHAVNAGAR - - HZL-CHITTORGARH,0,NIRMA LTD-BHAVNAGAR,,Loading Point,
,,HZL-CHITTORGARH,,Offloading Point,
NIRMA LTD-BHAVNAGAR - - HZL-DEBARI,0,NIRMA LTD-BHAVNAGAR,,Loading Point,
,,HZL-DEBARI,,Offloading Point,
"NIRMA LTD-BHAVNAGAR - - IFFCO,KANDLA",0,NIRMA LTD-BHAVNAGAR,,Loading Point,
,,"IFFCO,KANDLA",,Offloading Point,
NIRMA LTD-BHAVNAGAR - - INDUSTRIAL CHEMICALS-UDAIPUR,0,NIRMA LTD-BHAVNAGAR,,Loading Point,
,,INDUSTRIAL CHEMICALS-UDAIPUR,,Offloading Point,
NIRMA LTD-BHAVNAGAR - - JAL AQUA INTER-PANOLI,0,NIRMA LTD-BHAVNAGAR,,Loading Point,
,,JAL AQUA INTER-PANOLI,,Offloading Point,
NIRMA LTD-BHAVNAGAR - - JAY DINESH CHEM-AHMEDABAD,0,NIRMA LTD-BHAVNAGAR,,Loading Point,
,,JAY DINESH CHEM-AHMEDABAD,,Offloading Point,
NIRMA LTD-BHAVNAGAR - - JINDAL CREATION (P) LTD-AHMEDABAD,0,NIRMA LTD-BHAVNAGAR,,Loading Point,
,,JINDAL CREATION (P) LTD-AHMEDABAD,,Offloading Point,
NIRMA LTD-BHAVNAGAR - - JINDAL FABRIC-AHMEDABAD,0,NIRMA LTD-BHAVNAGAR,,Loading Point,
,,JINDAL FABRIC INC-AHMEDABAD,,Offloading Point,
NIRMA LTD-BHAVNAGAR - - KABIR ALKALIES-PANIPAT,0,NIRMA LTD-BHAVNAGAR,,Loading Point,
,,KABIR ALKALIES-PANIPAT,,Offloading Point,
NIRMA LTD-BHAVNAGAR - - KANAIYA DYE CHEM IND-PANDESARA,0,NIRMA LTD-BHAVNAGAR,,Loading Point,
,,KANAIYA DYE CHEM IND-PANDESARA,,Offloading Point,
NIRMA LTD-BHAVNAGAR - - KANDLA PORT-GANDHIDHAM,0,NIRMA LTD-BHAVNAGAR,,Loading Point,
,,KANDLA PORT-GANDHIDHAM,,Offloading Point,
NIRMA LTD-BHAVNAGAR - - KANHA EXIM-AHMEDABAD,0,NIRMA LTD-BHAVNAGAR,,Loading Point,
,,KANHA EXIM-AHMEDABAD,,Offloading Point,
NIRMA LTD-BHAVNAGAR - - KEMIT CHEMICALS PVT LTD-AHMEDABAD,0,NIRMA LTD-BHAVNAGAR,,Loading Point,
,,KEMIT CHEMICALS PVT LTD-AHMEDABAD,,Offloading Point,
NIRMA LTD-BHAVNAGAR - - KHYATI CHEMICALS-AHMEDABAD,0,NIRMA LTD-BHAVNAGAR,,Loading Point,
,,KHYATI CHEMICALS-AHMEDABAD,,Offloading Point,
NIRMA LTD-BHAVNAGAR - - KIRI-PADRA,0,NIRMA LTD-BHAVNAGAR,,Loading Point,
,,KIRI-PADRA,,Offloading Point,
NIRMA LTD-BHAVNAGAR - - KUCHCHH IND-GODOWN,0,NIRMA LTD-BHAVNAGAR,,Loading Point,
,,KUCHCHH IND-GODOWN,,Offloading Point,
NIRMA LTD-BHAVNAGAR - - KUMAR COTTON MILLS (P)LTD-AHMEDABAD,0,NIRMA LTD-BHAVNAGAR,,Loading Point,
,,KUMAR COTTON MILLS (P)LTD-AHMEDABAD,,Offloading Point,
NIRMA LTD-BHAVNAGAR - - LAKME LEVER PVT LTD-G.DHAM,0,NIRMA LTD-BHAVNAGAR,,Loading Point,
,,LAKME LEVER PVT LTD-G.DHAM,,Offloading Point,
NIRMA LTD-BHAVNAGAR - - MAIZE PRODUTS-AHMEDABAD,0,NIRMA LTD-BHAVNAGAR,,Loading Point,
,,MAIZE PRODUTS-AHMEDABAD,,Offloading Point,
NIRMA LTD-BHAVNAGAR - - MEGHMANI IND LTD-DAHEJ,0,NIRMA LTD-BHAVNAGAR,,Loading Point,
,,MEGHMANI IND LTD-DAHEJ,,Offloading Point,
NIRMA LTD-BHAVNAGAR - - MITSUBISHI CORP-KANDLA,0,NIRMA LTD-BHAVNAGAR,,Loading Point,
,,MITSUBISHI CORP-KANDLA,,Offloading Point,
NIRMA LTD-BHAVNAGAR - - NANDAN DENIM LTD-AHMEDABAD,0,NIRMA LTD-BHAVNAGAR,,Loading Point,
,,NANDAN DENIM LTD-AHMEDABAD,,Offloading Point,
NIRMA LTD-BHAVNAGAR - - NIRMA-MANDALI,0,NIRMA LTD-BHAVNAGAR,,Loading Point,
,,NIRMA-MANDALI,,Offloading Point,
NIRMA LTD-BHAVNAGAR - - NOVELLA CORPORATION-BARDOLI,0,NIRMA LTD-BHAVNAGAR,,Loading Point,
,,NOVELLA CORPORATION-BARDOLI,,Offloading Point,
"NIRMA LTD-BHAVNAGAR - - PANOLI INT , NANDESARI",0,NIRMA LTD-BHAVNAGAR,,Loading Point,
,,"PANOLI INT , NANDESARI",,Offloading Point,
NIRMA LTD-BHAVNAGAR - - PARSHWANATH DYE-CHEM IN-AHMEDABAD,0,NIRMA LTD-BHAVNAGAR,,Loading Point,
,,PARSHWANATH DYE-CHEM IN-AHMEDABAD,,Offloading Point,
NIRMA LTD-BHAVNAGAR - - PIL-JAMBUSAR,0,NIRMA LTD-BHAVNAGAR,,Loading Point,
,,PIL-JAMBUSAR,,Offloading Point,
NIRMA LTD-BHAVNAGAR - - PREM INDUSTRIES-AHMEDABAD,0,NIRMA LTD-BHAVNAGAR,,Loading Point,
,,PREM INDUSTRIES-AHMEDABAD,,Offloading Point,
NIRMA LTD-BHAVNAGAR - - PUNJAB CHEMICALS-PIMPRI-PUNE,0,NIRMA LTD-BHAVNAGAR,,Loading Point,
,,PUNJAB CHEMICALS-PIMPRI-PUNE,,Offloading Point,
NIRMA LTD-BHAVNAGAR - - RIL-HAZIRA-SURAT,0,NIRMA LTD-BHAVNAGAR,,Loading Point,
,,RIL-HAZIRA-SURAT,,Offloading Point,
"NIRMA LTD-BHAVNAGAR - - RUBAMIN,HALOL",0,NIRMA LTD-BHAVNAGAR,,Loading Point,
,,"RUBAMIN,HALOL",,Offloading Point,
NIRMA LTD-BHAVNAGAR - - SACHIN HEALTH CARE PVT LTD-SURAT,0,NIRMA LTD-BHAVNAGAR,,Loading Point,
,,SACHIN HEALTH CARE PVT LTD-SURAT,,Offloading Point,
NIRMA LTD-BHAVNAGAR - - SANDEEP-NANDESARI,0,NIRMA LTD-BHAVNAGAR,,Loading Point,
,,SANDEEP-NANDESARI,,Offloading Point,
NIRMA LTD-BHAVNAGAR - - SELF,0,NIRMA LTD-BHAVNAGAR,,Loading Point,
,,SELF,,Offloading Point,
NIRMA LTD-BHAVNAGAR - - SHREE BHAVYA FABRICS LTD-AHMEDABAD,0,NIRMA LTD-BHAVNAGAR,,Loading Point,
,,SHREE BHAVYA FABRICS LTD-AHMEDABAD,,Offloading Point,
NIRMA LTD-BHAVNAGAR - - SHREE KHEDUT SAHAKARI KHAND UDYOG MADLI LTD-BARDOL,0,NIRMA LTD-BHAVNAGAR,,Loading Point,
,,SHREE KHEDUT SAHAKARI KHAND UDYOG MADLI LTD-BARDOL,,Offloading Point,
NIRMA LTD-BHAVNAGAR - - SHREE SHYAM IND-AHMEDABAD,0,NIRMA LTD-BHAVNAGAR,,Loading Point,
,,SHREE SHYAM IND-AHMEDABAD,,Offloading Point,
NIRMA LTD-BHAVNAGAR - - SHREEJI LIQUID STORAGE TERMINAL-KANDLA,0,NIRMA LTD-BHAVNAGAR,,Loading Point,
,,SHREEJI LIQUID STORAGE TERMINAL-KANDLA,,Offloading Point,
NIRMA LTD-BHAVNAGAR - - SULUX PHOS.LTD-UDAIPUR,0,NIRMA LTD-BHAVNAGAR,,Loading Point,
,,SULUX PHOS.LTD-UDAIPUR,,Offloading Point,
NIRMA LTD-BHAVNAGAR - - SURAT,0,NIRMA LTD-BHAVNAGAR,,Loading Point,
,,SURAT,,Offloading Point,
NIRMA LTD-BHAVNAGAR - - SWAN ENERGY-AHMEDABAD,0,NIRMA LTD-BHAVNAGAR,,Loading Point,
,,SWAN ENERGY-AHMEDABAD,,Offloading Point,
NIRMA LTD-BHAVNAGAR - - TRANSPEK ATLADARA-BRD,0,NIRMA LTD-BHAVNAGAR,,Loading Point,
,,TRANSPEK ATLADARA-BRD,,Offloading Point,
NIRMA LTD-BHAVNAGAR - - TRANSPEK-PADRA,0,NIRMA LTD-BHAVNAGAR,,Loading Point,
,,TRANSPEK-PADRA,,Offloading Point,
NIRMA LTD-BHAVNAGAR - - U.P.CHEMICALS-LUDHIYANA,0,NIRMA LTD-BHAVNAGAR,,Loading Point,
,,U.P.CHEMICALS-LUDHIYANA,,Offloading Point,
NIRMA LTD-BHAVNAGAR - - UDAIPUR UNIT,0,NIRMA LTD-BHAVNAGAR,,Loading Point,
,,UDAIPUR UNIT,,Offloading Point,
NIRMA LTD-BHAVNAGAR - - VISHAL FABRICS LTD-AHMEDABAD,0,NIRMA LTD-BHAVNAGAR,,Loading Point,
,,VISHAL FABRICS LTD-AHMEDABAD,,Offloading Point,
NIRMA-MANDALI - - AROMATICS INDIA PVT LTD-UDAIPUR,0,NIRMA-MANDALI,,Loading Point,
,,AROMATICS INDIA PVT LTD-UDAIPUR,,Offloading Point,
NIRMA-MANDALI - - KANHA TRADERS-SONIPAT,0,NIRMA-MANDALI,,Loading Point,
,,KANHA TRADERS-SONIPAT,,Offloading Point,
NIRMA-MANDALI - - KARAMJI CHEMICAL-NOIDA,0,NIRMA-MANDALI,,Loading Point,
,,KARAMJI CHEMICAL-NOIDA,,Offloading Point,
NIRMA-MANDALI - - RIDDHAN CHEMICALS-ALWAR,0,NIRMA-MANDALI,,Loading Point,
,,RIDDHAN CHEMICALS-ALWAR,,Offloading Point,
NIRMA-MANDALI - - SHREE NIWAS CHEMICAL-NOIDA,0,NIRMA-MANDALI,,Loading Point,
,,SHREE NIWAS CHEMICAL-NOIDA,,Offloading Point,
NIRMA-MANDALI - - SHREEJI LIQUID STORAGE TERMINAL-KANDLA,0,NIRMA-MANDALI,,Loading Point,
,,SHREEJI LIQUID STORAGE TERMINAL-KANDLA,,Offloading Point,
NIRMA-MANDALI - - WESTERN DRUG LTD-UDAIPUR,0,NIRMA-MANDALI,,Loading Point,
,,WESTERN DRUG LTD-UDAIPUR,,Offloading Point,
NIRMA-MANDALI - - YOGESHWAR-NAROL-A.BAD,0,NIRMA-MANDALI,,Loading Point,
,,YOGESHWAR-NAROL-A.BAD,,Offloading Point,
OM NITRATE-WAIDHAN-M.P. - - JAYANT,0,OM NITRATE-WAIDHAN-M.P.,,Loading Point,
,,JAYANT,,Offloading Point,
ONEIRO CHEMAICAL-PADARA - - RAIPUR,0,ONEIRO CHEMAICAL-PADARA,,Loading Point,
,,RAIPUR,,Offloading Point,
ORIENT PAPER & IND LTD-AMLAI (M.P) - - KN AGRI RESOURCES LTD-ITARSI,0,ORIENT PAPER & IND LTD-AMLAI (M.P),,Loading Point,
,,KN AGRI RESOURCES LTD-ITARSI,,Offloading Point,
"P.I. IND, PANOLI - - SHREE CEMENT LTD-BEAWAR",0,"P.I. IND, PANOLI",,Loading Point,
,,SHREE CEMENT LTD-BEAWAR,,Offloading Point,
"PANOLI INT , NANDESARI - - A ONE CHEM,ANKLESHWAR",0,"PANOLI INT , NANDESARI",,Loading Point,
,,"A ONE CHEM,ANKLESHWAR",,Offloading Point,
"PANOLI INT , NANDESARI - - A.P.L. BHUJ",0,"PANOLI INT , NANDESARI",,Loading Point,
,,A.P.L. BHUJ,,Offloading Point,
"PANOLI INT , NANDESARI - - AARTI INDUSTRIES LTD-VAPI",0,"PANOLI INT , NANDESARI",,Loading Point,
,,AARTI INDUSTRIES LTD-VAPI,,Offloading Point,
"PANOLI INT , NANDESARI - - ADANI HAZIRA-SURAT",0,"PANOLI INT , NANDESARI",,Loading Point,
,,ADANI HAZIRA-SURAT,,Offloading Point,
"PANOLI INT , NANDESARI - - ADHEESHA PHOSPHATE-UDAIPUR",0,"PANOLI INT , NANDESARI",,Loading Point,
,,ADHEESHA PHOSPHATE-UDAIPUR,,Offloading Point,
"PANOLI INT , NANDESARI - - AGARWAL CHEMICALS-RAIPUR",0,"PANOLI INT , NANDESARI",,Loading Point,
,,AGARWAL CHEMICALS-RAIPUR,,Offloading Point,
"PANOLI INT , NANDESARI - - AHIR SALT & ALLIED PRODUCTS-KANDLA",0,"PANOLI INT , NANDESARI",,Loading Point,
,,AHIR SALT & ALLIED PRODUCTS-KANDLA,,Offloading Point,
"PANOLI INT , NANDESARI - - AMC CHEM,PANOLI",0,"PANOLI INT , NANDESARI",,Loading Point,
,,"AMC CHEM,PANOLI",,Offloading Point,
"PANOLI INT , NANDESARI - - ANKLESHWAR",0,"PANOLI INT , NANDESARI",,Loading Point,
,,ANKLESHWAR,,Offloading Point,
"PANOLI INT , NANDESARI - - ARIHANT DET,DHULIA",0,"PANOLI INT , NANDESARI",,Loading Point,
,,"ARIHANT DET,DHULIA",,Offloading Point,
"PANOLI INT , NANDESARI - - AROMATICS INDIA PVT LTD-UDAIPUR",0,"PANOLI INT , NANDESARI",,Loading Point,
,,AROMATICS INDIA PVT LTD-UDAIPUR,,Offloading Point,
"PANOLI INT , NANDESARI - - ASSOCIATED DYE STUFF-VAGRA",0,"PANOLI INT , NANDESARI",,Loading Point,
,,ASSOCIATED DYE STUFF-VAGRA,,Offloading Point,
"PANOLI INT , NANDESARI - - ATUL LIMITED-VALSAD",0,"PANOLI INT , NANDESARI",,Loading Point,
,,ATUL LIMITED-VALSAD,,Offloading Point,
"PANOLI INT , NANDESARI - - ATUL LTD,ANKLESHWAR",0,"PANOLI INT , NANDESARI",,Loading Point,
,,"ATUL LTD,ANKLESHWAR",,Offloading Point,
"PANOLI INT , NANDESARI - - B.M. PHARMA-ANK",0,"PANOLI INT , NANDESARI",,Loading Point,
,,B.M. PHARMA-ANK,,Offloading Point,
"PANOLI INT , NANDESARI - - BAJAJ HEALTH CARE-SAVLI",0,"PANOLI INT , NANDESARI",,Loading Point,
,,BAJAJ HEALTH CARE-SAVLI,,Offloading Point,
"PANOLI INT , NANDESARI - - BANGLORE",0,"PANOLI INT , NANDESARI",,Loading Point,
,,BANGLORE,,Offloading Point,
"PANOLI INT , NANDESARI - - BELLARY",0,"PANOLI INT , NANDESARI",,Loading Point,
,,BELLARY,,Offloading Point,
"PANOLI INT , NANDESARI - - BENZO CHEM IND-VAGARA",0,"PANOLI INT , NANDESARI",,Loading Point,
,,BENZO CHEM IND-VAGARA,,Offloading Point,
"PANOLI INT , NANDESARI - - BHARAT RASAYAN-DAHEJ",0,"PANOLI INT , NANDESARI",,Loading Point,
,,BHARAT RASAYAN-DAHEJ,,Offloading Point,
"PANOLI INT , NANDESARI - - BHILWARA.",0,"PANOLI INT , NANDESARI",,Loading Point,
,,BHILWARA.,,Offloading Point,
"PANOLI INT , NANDESARI - - BILT GRAPHIC,BALLARPUR",0,"PANOLI INT , NANDESARI",,Loading Point,
,,"BILT GRAPHIC,BALLARPUR",,Offloading Point,
"PANOLI INT , NANDESARI - - BIRLA CELLULOSIC-KOSAMBA",0,"PANOLI INT , NANDESARI",,Loading Point,
,,BIRLA CELLULOSIC-KOSAMBA,,Offloading Point,
"PANOLI INT , NANDESARI - - BRAHMANI RASAYAN-JODHPUR",0,"PANOLI INT , NANDESARI",,Loading Point,
,,BRAHMANI RASAYAN-JODHPUR,,Offloading Point,
"PANOLI INT , NANDESARI - - CHANDRAPUR",0,"PANOLI INT , NANDESARI",,Loading Point,
,,CHANDRAPUR,,Offloading Point,
"PANOLI INT , NANDESARI - - CHEMIE ORG. JHAGADIA",0,"PANOLI INT , NANDESARI",,Loading Point,
,,CHEMIE ORG. JHAGADIA,,Offloading Point,
"PANOLI INT , NANDESARI - - CIL -NANDESARI",0,"PANOLI INT , NANDESARI",,Loading Point,
,,CIL -NANDESARI,,Offloading Point,
"PANOLI INT , NANDESARI - - CIL-ENNORE-CHENNAI",0,"PANOLI INT , NANDESARI",,Loading Point,
,,CIL-ENNORE-CHENNAI,,Offloading Point,
"PANOLI INT , NANDESARI - - CLAIRVOYANCE IND-DAHEJ",0,"PANOLI INT , NANDESARI",,Loading Point,
,,CLAIRVOYANCE IND-DAHEJ,,Offloading Point,
"PANOLI INT , NANDESARI - - COACHIN",0,"PANOLI INT , NANDESARI",,Loading Point,
,,COACHIN,,Offloading Point,
"PANOLI INT , NANDESARI - - COLOUR TEX,SURAT",0,"PANOLI INT , NANDESARI",,Loading Point,
,,"COLOUR TEX,SURAT",,Offloading Point,
"PANOLI INT , NANDESARI - - D.F.P.C.L.-TALOJA",0,"PANOLI INT , NANDESARI",,Loading Point,
,,D.F.P.C.L.-TALOJA,,Offloading Point,
"PANOLI INT , NANDESARI - - DECCAN FINE CHEM (INDIA)ANK",0,"PANOLI INT , NANDESARI",,Loading Point,
,,DECCAN FINE CHEM (INDIA)ANK,,Offloading Point,
"PANOLI INT , NANDESARI - - DEEPAK NIT, NANDESARI",0,"PANOLI INT , NANDESARI",,Loading Point,
,,"DEEPAK NIT, NANDESARI",,Offloading Point,
"PANOLI INT , NANDESARI - - DEVAS",0,"PANOLI INT , NANDESARI",,Loading Point,
,,DEVAS,,Offloading Point,
"PANOLI INT , NANDESARI - - FENA LTD, SILVASSA",0,"PANOLI INT , NANDESARI",,Loading Point,
,,"FENA LTD, SILVASSA",,Offloading Point,
"PANOLI INT , NANDESARI - - GACL-BARODA",0,"PANOLI INT , NANDESARI",,Loading Point,
,,GACL-BARODA,,Offloading Point,
"PANOLI INT , NANDESARI - - GACL-DAHEJ",0,"PANOLI INT , NANDESARI",,Loading Point,
,,GACL-DAHEJ,,Offloading Point,
"PANOLI INT , NANDESARI - - GACL-NALCO-BHARUCH",0,"PANOLI INT , NANDESARI",,Loading Point,
,,GACL-NALCO-BHARUCH,,Offloading Point,
"PANOLI INT , NANDESARI - - GALAXY CHEMICALS-BALLARY",0,"PANOLI INT , NANDESARI",,Loading Point,
,,GALAXY CHEMICALS-BALLARY,,Offloading Point,
"PANOLI INT , NANDESARI - - GFL-DAHEJ",0,"PANOLI INT , NANDESARI",,Loading Point,
,,GFL-DAHEJ,,Offloading Point,
"PANOLI INT , NANDESARI - - GFL-RANJITNAGAR",0,"PANOLI INT , NANDESARI",,Loading Point,
,,GFL-RANJITNAGAR,,Offloading Point,
"PANOLI INT , NANDESARI - - GIL, VILAYAT",0,"PANOLI INT , NANDESARI",,Loading Point,
,,"GIL, VILAYAT",,Offloading Point,
"PANOLI INT , NANDESARI - - GIL-NAGDA",0,"PANOLI INT , NANDESARI",,Loading Point,
,,GIL-NAGDA,,Offloading Point,
"PANOLI INT , NANDESARI - - GLOBAL DRILLING FLUIDS-HALOL",0,"PANOLI INT , NANDESARI",,Loading Point,
,,GLOBAL DRILLING FLUIDS-HALOL,,Offloading Point,
"PANOLI INT , NANDESARI - - GNFC LTD. - DAHEJ",0,"PANOLI INT , NANDESARI",,Loading Point,
,,GNFC LTD. - DAHEJ,,Offloading Point,
"PANOLI INT , NANDESARI - - GNFC,. BHARUCH",0,"PANOLI INT , NANDESARI",,Loading Point,
,,"GNFC,. BHARUCH",,Offloading Point,
"PANOLI INT , NANDESARI - - GOPINATH CHEM-KADI",0,"PANOLI INT , NANDESARI",,Loading Point,
,,GOPINATH CHEM-KADI,,Offloading Point,
"PANOLI INT , NANDESARI - - GRASIM IND LTD-VILAYAT BHARUCH",0,"PANOLI INT , NANDESARI",,Loading Point,
,,GRASIM IND LTD-VILAYAT BHARUCH,,Offloading Point,
"PANOLI INT , NANDESARI - - GREEN STAR FER.LTD-TUTICORIN",0,"PANOLI INT , NANDESARI",,Loading Point,
,,GREEN STAR FER.LTD-TUTICORIN,,Offloading Point,
"PANOLI INT , NANDESARI - - GSFC LTD. BARODA",0,"PANOLI INT , NANDESARI",,Loading Point,
,,GSFC LTD. BARODA,,Offloading Point,
"PANOLI INT , NANDESARI - - GSFC LTD. SIKKA UNIT",0,"PANOLI INT , NANDESARI",,Loading Point,
,,GSFC LTD. SIKKA UNIT,,Offloading Point,
"PANOLI INT , NANDESARI - - GURUDEV DYE STUFF-AMD",0,"PANOLI INT , NANDESARI",,Loading Point,
,,GURUDEV DYE STUFF-AMD,,Offloading Point,
"PANOLI INT , NANDESARI - - H.N. ENT. NANDESARI",0,"PANOLI INT , NANDESARI",,Loading Point,
,,H.N. ENT. NANDESARI,,Offloading Point,
"PANOLI INT , NANDESARI - - HCL - ANKLESHWAR",0,"PANOLI INT , NANDESARI",,Loading Point,
,,HCL - ANKLESHWAR,,Offloading Point,
"PANOLI INT , NANDESARI - - HCL-DAHEJ",0,"PANOLI INT , NANDESARI",,Loading Point,
,,HCL-DAHEJ,,Offloading Point,
"PANOLI INT , NANDESARI - - HEMANI CHEEM -VAPI",0,"PANOLI INT , NANDESARI",,Loading Point,
,,HEMANI CHEEM -VAPI,,Offloading Point,
"PANOLI INT , NANDESARI - - HEMANI CHEMI ORG-VAPI",0,"PANOLI INT , NANDESARI",,Loading Point,
,,HEMANI CHEMI ORG-VAPI,,Offloading Point,
"PANOLI INT , NANDESARI - - HEMANI INT. PVT LTD-VAPI",0,"PANOLI INT , NANDESARI",,Loading Point,
,,HEMANI INT. PVT LTD-VAPI,,Offloading Point,
"PANOLI INT , NANDESARI - - HETERO LABS LTD-VISAKAPATNAM",0,"PANOLI INT , NANDESARI",,Loading Point,
,,HETERO LABS LTD-VISAKAPATNAM,,Offloading Point,
"PANOLI INT , NANDESARI - - HIND CHEMICALS-MUMBAI",0,"PANOLI INT , NANDESARI",,Loading Point,
,,HIND CHEMICALS-MUMBAI,,Offloading Point,
"PANOLI INT , NANDESARI - - INDEAL DYECHEM-VAPI",0,"PANOLI INT , NANDESARI",,Loading Point,
,,INDEAL DYECHEM-VAPI,,Offloading Point,
"PANOLI INT , NANDESARI - - INDIAN PESTICIDES LTD-SANDILA-HARDOI",0,"PANOLI INT , NANDESARI",,Loading Point,
,,INDIAN PESTICIDES LTD-SANDILA-HARDOI,,Offloading Point,
"PANOLI INT , NANDESARI - - INDIAN PHOS LTD-UDAIPUR",0,"PANOLI INT , NANDESARI",,Loading Point,
,,INDIAN PHOS LTD-UDAIPUR,,Offloading Point,
"PANOLI INT , NANDESARI - - INDORE",0,"PANOLI INT , NANDESARI",,Loading Point,
,,INDORE,,Offloading Point,
"PANOLI INT , NANDESARI - - INSECTIDES INDIA LTD-DAHEJ",0,"PANOLI INT , NANDESARI",,Loading Point,
,,INSECTIDES INDIA LTD-DAHEJ,,Offloading Point,
"PANOLI INT , NANDESARI - - IOCL,BARODA",0,"PANOLI INT , NANDESARI",,Loading Point,
,,"IOCL,BARODA",,Offloading Point,
"PANOLI INT , NANDESARI - - JAINSON ORGANIC-INDORE",0,"PANOLI INT , NANDESARI",,Loading Point,
,,JAINSON ORGANIC-INDORE,,Offloading Point,
"PANOLI INT , NANDESARI - - JALGOAN",0,"PANOLI INT , NANDESARI",,Loading Point,
,,JALGOAN,,Offloading Point,
"PANOLI INT , NANDESARI - - JAY CHEMICAL IND-SAYKHA",0,"PANOLI INT , NANDESARI",,Loading Point,
,,JAY CHEMICAL IND-SAYKHA,,Offloading Point,
"PANOLI INT , NANDESARI - - JAY CHEMICAL VATVA",0,"PANOLI INT , NANDESARI",,Loading Point,
,,JAY CHEMICAL VATVA,,Offloading Point,
"PANOLI INT , NANDESARI - - JAY CHEMICAL-KHAMBAT",0,"PANOLI INT , NANDESARI",,Loading Point,
,,JAY CHEMICAL-KHAMBAT,,Offloading Point,
"PANOLI INT , NANDESARI - - JAYJEE CHEMICALS-SILVASSA",0,"PANOLI INT , NANDESARI",,Loading Point,
,,JAYJEE CHEMICALS-SILVASSA,,Offloading Point,
"PANOLI INT , NANDESARI - - JHAGADIA",0,"PANOLI INT , NANDESARI",,Loading Point,
,,JHAGADIA,,Offloading Point,
"PANOLI INT , NANDESARI - - KASTURCHAND FER.PVT LTD-WADASA(M.H)",0,"PANOLI INT , NANDESARI",,Loading Point,
,,KASTURCHAND FER.PVT LTD-WADASA(M.H),,Offloading Point,
"PANOLI INT , NANDESARI - - KCIL-GANDHAIDHAM",0,"PANOLI INT , NANDESARI",,Loading Point,
,,KCIL-GANDHAIDHAM,,Offloading Point,
"PANOLI INT , NANDESARI - - KILBURN CHE LTD-DAHEJ",0,"PANOLI INT , NANDESARI",,Loading Point,
,,KILBURN CHE LTD-DAHEJ,,Offloading Point,
"PANOLI INT , NANDESARI - - KOSAMBA",0,"PANOLI INT , NANDESARI",,Loading Point,
,,KOSAMBA,,Offloading Point,
"PANOLI INT , NANDESARI - - LALIT BRATHER-CHANDRAPUR",0,"PANOLI INT , NANDESARI",,Loading Point,
,,LALIT BRATHER-CHANDRAPUR,,Offloading Point,
"PANOLI INT , NANDESARI - - LALIT BRATHER-INDOR",0,"PANOLI INT , NANDESARI",,Loading Point,
,,LALIT BRATHER-INDOR,,Offloading Point,
"PANOLI INT , NANDESARI - - LALIT BRATHER-MEGHNAGAR",0,"PANOLI INT , NANDESARI",,Loading Point,
,,LALIT BRATHER-MEGHNAGAR,,Offloading Point,
"PANOLI INT , NANDESARI - - LUNA CHEMICAL-DAHEJ",0,"PANOLI INT , NANDESARI",,Loading Point,
,,LUNA CHEMICAL-DAHEJ,,Offloading Point,
"PANOLI INT , NANDESARI - - M.BHARAT MEGHNAGAR",0,"PANOLI INT , NANDESARI",,Loading Point,
,,M.BHARAT MEGHNAGAR,,Offloading Point,
"PANOLI INT , NANDESARI - - MADHU SIL,BHAVNAGAR",0,"PANOLI INT , NANDESARI",,Loading Point,
,,"MADHU SIL,BHAVNAGAR",,Offloading Point,
"PANOLI INT , NANDESARI - - MAHESH OIL RIFIENRY-HAZIRZ-SURAT",0,"PANOLI INT , NANDESARI",,Loading Point,
,,MAHESH OIL RIFIENRY-HAZIRZ-SURAT,,Offloading Point,
"PANOLI INT , NANDESARI - - MALCO ENERGY LTD-CUNCOLIM-GOA",0,"PANOLI INT , NANDESARI",,Loading Point,
,,MALCO ENERGY LTD-CUNCOLIM-GOA,,Offloading Point,
"PANOLI INT , NANDESARI - - MALCO ENERGY LTD-GOA",0,"PANOLI INT , NANDESARI",,Loading Point,
,,MALCO ENERGY LTD-GOA,,Offloading Point,
"PANOLI INT , NANDESARI - - MANTRAA CHEMIE-SURAT",0,"PANOLI INT , NANDESARI",,Loading Point,
,,MANTRAA CHEMIE-SURAT,,Offloading Point,
"PANOLI INT , NANDESARI - - MARUTI CHEMICAL- NANDESARI",0,"PANOLI INT , NANDESARI",,Loading Point,
,,MARUTI CHEMICAL- NANDESARI,,Offloading Point,
"PANOLI INT , NANDESARI - - MAYUR DYE CHEM-PADRA",0,"PANOLI INT , NANDESARI",,Loading Point,
,,MAYUR DYE CHEM-PADRA,,Offloading Point,
"PANOLI INT , NANDESARI - - MEERAM ACID P.LTD-KERALA",0,"PANOLI INT , NANDESARI",,Loading Point,
,,MEERAM ACID P.LTD-KERALA,,Offloading Point,
"PANOLI INT , NANDESARI - - MEGHMANI DYES & INTER-DUDHWADA-PADRA",0,"PANOLI INT , NANDESARI",,Loading Point,
,,MEGHMANI DYES & INTER-DUDHWADA-PADRA,,Offloading Point,
"PANOLI INT , NANDESARI - - MEGHMANI IND LTD-DAHEJ",0,"PANOLI INT , NANDESARI",,Loading Point,
,,MEGHMANI IND LTD-DAHEJ,,Offloading Point,
"PANOLI INT , NANDESARI - - MICAS ORG.LTD-II-VAPI",0,"PANOLI INT , NANDESARI",,Loading Point,
,,MICAS ORG.LTD-II-VAPI,,Offloading Point,
"PANOLI INT , NANDESARI - - MINOL ACIDS,ANKLESHWAR",0,"PANOLI INT , NANDESARI",,Loading Point,
,,"MINOL ACIDS,ANKLESHWAR",,Offloading Point,
"PANOLI INT , NANDESARI - - MMCPL,JHAGADIA",0,"PANOLI INT , NANDESARI",,Loading Point,
,,"MMCPL,JHAGADIA",,Offloading Point,
"PANOLI INT , NANDESARI - - NAGPUR",0,"PANOLI INT , NANDESARI",,Loading Point,
,,NAGPUR,,Offloading Point,
"PANOLI INT , NANDESARI - - NANDOLIA ORG.CHEM.PVT.LTD-PANOLI",0,"PANOLI INT , NANDESARI",,Loading Point,
,,NANDOLIA ORG.CHEM.PVT.LTD-PANOLI,,Offloading Point,
"PANOLI INT , NANDESARI - - NARMADA BIO-CHEM LTD-SANGWADIA-NIMBAHEDRA",0,"PANOLI INT , NANDESARI",,Loading Point,
,,NARMADA BIO-CHEM LTD-SANGWADIA-NIMBAHEDRA,,Offloading Point,
"PANOLI INT , NANDESARI - - NAVDEEP ENT-SANAND",0,"PANOLI INT , NANDESARI",,Loading Point,
,,NAVDEEP ENT-SANAND,,Offloading Point,
"PANOLI INT , NANDESARI - - NIKEN CHEM,SURAT",0,"PANOLI INT , NANDESARI",,Loading Point,
,,"NIKEN CHEM,SURAT",,Offloading Point,
"PANOLI INT , NANDESARI - - NIMBAHERA",0,"PANOLI INT , NANDESARI",,Loading Point,
,,NIMBAHERA,,Offloading Point,
"PANOLI INT , NANDESARI - - NINE INTERNATIONAL-VATVA",0,"PANOLI INT , NANDESARI",,Loading Point,
,,NINE INTERNATIONAL-VATVA,,Offloading Point,
"PANOLI INT , NANDESARI - - NPCIL-KAKRAPAR",0,"PANOLI INT , NANDESARI",,Loading Point,
,,NPCIL-KAKRAPAR,,Offloading Point,
"PANOLI INT , NANDESARI - - OCCL-HARYANA",0,"PANOLI INT , NANDESARI",,Loading Point,
,,OCCL-HARYANA,,Offloading Point,
"PANOLI INT , NANDESARI - - ONGC-DAHEJ",0,"PANOLI INT , NANDESARI",,Loading Point,
,,ONGC-DAHEJ,,Offloading Point,
"PANOLI INT , NANDESARI - - ORDNANCE FACTORY-BHANDRA",0,"PANOLI INT , NANDESARI",,Loading Point,
,,ORDNANCE FACTORY-BHANDRA,,Offloading Point,
"PANOLI INT , NANDESARI - - ORGANIC IND,DAHEJ",0,"PANOLI INT , NANDESARI",,Loading Point,
,,"ORGANIC IND,DAHEJ",,Offloading Point,
"PANOLI INT , NANDESARI - - P I INDUSTREIES LTD-DAHEJ-SEZ",0,"PANOLI INT , NANDESARI",,Loading Point,
,,P I INDUSTREIES LTD-DAHEJ-SEZ,,Offloading Point,
"PANOLI INT , NANDESARI - - PANOLI INT , NANDESARI",0,"PANOLI INT , NANDESARI",,Loading Point,
,,"PANOLI INT , NANDESARI",,Offloading Point,
"PANOLI INT , NANDESARI - - PATEL PHOSCHEM-UDAIPUR",0,"PANOLI INT , NANDESARI",,Loading Point,
,,PATEL PHOSCHEM-UDAIPUR,,Offloading Point,
"PANOLI INT , NANDESARI - - PIL-JAMBUSAR",0,"PANOLI INT , NANDESARI",,Loading Point,
,,PIL-JAMBUSAR,,Offloading Point,
"PANOLI INT , NANDESARI - - PPL GOA PLANT-GOA",0,"PANOLI INT , NANDESARI",,Loading Point,
,,PPL GOA PLANT-GOA,,Offloading Point,
"PANOLI INT , NANDESARI - - PRAKASH CHEMICAL-ANKLESHWAR",0,"PANOLI INT , NANDESARI",,Loading Point,
,,PRAKASH CHEMICAL-ANKLESHWAR,,Offloading Point,
"PANOLI INT , NANDESARI - - PRAKHAR ESTATE PVT LTD-SACHIN",0,"PANOLI INT , NANDESARI",,Loading Point,
,,PRAKHAR ESTATE PVT LTD-SACHIN,,Offloading Point,
"PANOLI INT , NANDESARI - - PREM SAKHI,UDAIPUR",0,"PANOLI INT , NANDESARI",,Loading Point,
,,"PREM SAKHI,UDAIPUR",,Offloading Point,
"PANOLI INT , NANDESARI - - PUNE-(M.H.)",0,"PANOLI INT , NANDESARI",,Loading Point,
,,PUNE-(M.H.),,Offloading Point,
"PANOLI INT , NANDESARI - - R.I.L.JAMNAGAR",0,"PANOLI INT , NANDESARI",,Loading Point,
,,R.I.L.JAMNAGAR,,Offloading Point,
"PANOLI INT , NANDESARI - - R.IND-DHULE",0,"PANOLI INT , NANDESARI",,Loading Point,
,,R.IND-DHULE,,Offloading Point,
"PANOLI INT , NANDESARI - - R.M.PHOSPHATE,DHULIA",0,"PANOLI INT , NANDESARI",,Loading Point,
,,"R.M.PHOSPHATE,DHULIA",,Offloading Point,
"PANOLI INT , NANDESARI - - R.M.PHOSPHATES-DEWAS(M.P)",0,"PANOLI INT , NANDESARI",,Loading Point,
,,R.M.PHOSPHATES-DEWAS(M.P),,Offloading Point,
"PANOLI INT , NANDESARI - - RADHA MADHAV,SURAT",0,"PANOLI INT , NANDESARI",,Loading Point,
,,"RADHA MADHAV,SURAT",,Offloading Point,
"PANOLI INT , NANDESARI - - RADHIKA NANDESARI",0,"PANOLI INT , NANDESARI",,Loading Point,
,,RADHIKA NANDESARI,,Offloading Point,
"PANOLI INT , NANDESARI - - RATHOD PHARMA-M.NAGAR",0,"PANOLI INT , NANDESARI",,Loading Point,
,,RATHOD PHARMA-M.NAGAR,,Offloading Point,
"PANOLI INT , NANDESARI - - RATTANINDIA POWER LTD-NANDGAON PETH-AMRAVAT",0,"PANOLI INT , NANDESARI",,Loading Point,
,,RATTANINDIA POWER LTD-NANDGAON PETH-AMRAVATI,,Offloading Point,
"PANOLI INT , NANDESARI - - RATTANINDIA POWER LTD-NANDGAON PETH-AMRAVATI",0,"PANOLI INT , NANDESARI",,Loading Point,
,,RATTANINDIA POWER LTD-NANDGAON PETH-AMRAVATI,,Offloading Point,
"PANOLI INT , NANDESARI - - RAVI RAJ CHEM-ANKLESHWAR",0,"PANOLI INT , NANDESARI",,Loading Point,
,,RAVI RAJ CHEM-ANKLESHWAR,,Offloading Point,
"PANOLI INT , NANDESARI - - RELIANCE SYNGAS LTD.-JAMNAGAR",0,"PANOLI INT , NANDESARI",,Loading Point,
,,RELIANCE SYNGAS LTD.-JAMNAGAR,,Offloading Point,
"PANOLI INT , NANDESARI - - RIL ROHA",0,"PANOLI INT , NANDESARI",,Loading Point,
,,RIL ROHA,,Offloading Point,
"PANOLI INT , NANDESARI - - RIL-DAHEJ",0,"PANOLI INT , NANDESARI",,Loading Point,
,,RIL-DAHEJ,,Offloading Point,
"PANOLI INT , NANDESARI - - RIL-HAZIRA-SURAT",0,"PANOLI INT , NANDESARI",,Loading Point,
,,RIL-HAZIRA-SURAT,,Offloading Point,
"PANOLI INT , NANDESARI - - RIL-JAMNAGAR (SEZ)",0,"PANOLI INT , NANDESARI",,Loading Point,
,,RIL-JAMNAGAR (SEZ),,Offloading Point,
"PANOLI INT , NANDESARI - - RIL-MOTIKHAVDI-JAMNAGAR",0,"PANOLI INT , NANDESARI",,Loading Point,
,,RIL-MOTIKHAVDI-JAMNAGAR,,Offloading Point,
"PANOLI INT , NANDESARI - - RIL-NAGOTHANE",0,"PANOLI INT , NANDESARI",,Loading Point,
,,RIL-NAGOTHANE,,Offloading Point,
"PANOLI INT , NANDESARI - - RIL-VADODARA",0,"PANOLI INT , NANDESARI",,Loading Point,
,,RIL-VADODARA,,Offloading Point,
"PANOLI INT , NANDESARI - - ROHAN CHEMICAL KHAMBHAT",0,"PANOLI INT , NANDESARI",,Loading Point,
,,ROHAN CHEMICAL KHAMBHAT,,Offloading Point,
"PANOLI INT , NANDESARI - - RUCHI-DAHEJ",0,"PANOLI INT , NANDESARI",,Loading Point,
,,RUCHI-DAHEJ,,Offloading Point,
"PANOLI INT , NANDESARI - - SANJAY CHEMICALS-TELANGANA",0,"PANOLI INT , NANDESARI",,Loading Point,
,,SANJAY CHEMICALS-TELANGANA,,Offloading Point,
"PANOLI INT , NANDESARI - - SANJOPIN IND PVT LTD-SAYKHA",0,"PANOLI INT , NANDESARI",,Loading Point,
,,SANJOPIN IND PVT LTD-SAYKHA,,Offloading Point,
"PANOLI INT , NANDESARI - - SELF",0,"PANOLI INT , NANDESARI",,Loading Point,
,,SELF,,Offloading Point,
"PANOLI INT , NANDESARI - - SESHASAYEE PAPER PALLIPALAYAM(T.N)",0,"PANOLI INT , NANDESARI",,Loading Point,
,,SESHASAYEE PAPER PALLIPALAYAM(T.N),,Offloading Point,
"PANOLI INT , NANDESARI - - SHIVA PHARMACHEM-DAHEJ",0,"PANOLI INT , NANDESARI",,Loading Point,
,,SHIVA PHARMACHEM-DAHEJ,,Offloading Point,
"PANOLI INT , NANDESARI - - SHIVAM PRODUCTS-ANK",0,"PANOLI INT , NANDESARI",,Loading Point,
,,SHIVAM PRODUCTS-ANK,,Offloading Point,
"PANOLI INT , NANDESARI - - SHREE BALAJEE MEGNESITE-SALEM-TAMILNADU",0,"PANOLI INT , NANDESARI",,Loading Point,
,,SHREE BALAJEE MEGNESITE-SALEM-TAMILNADU,,Offloading Point,
"PANOLI INT , NANDESARI - - SHREE GANESH IND-SACHIN",0,"PANOLI INT , NANDESARI",,Loading Point,
,,SHREE GANESH IND-SACHIN,,Offloading Point,
"PANOLI INT , NANDESARI - - SHREE MAHESH OIL REFINERY-DEWAS",0,"PANOLI INT , NANDESARI",,Loading Point,
,,SHREE MAHESH OIL REFINERY-DEWAS,,Offloading Point,
"PANOLI INT , NANDESARI - - SHREE PUSHKAR PHOS CHEM-UDAIPUR",0,"PANOLI INT , NANDESARI",,Loading Point,
,,SHREE PUSHKAR PHOS CHEM-UDAIPUR,,Offloading Point,
"PANOLI INT , NANDESARI - - SHREE SHIV AGRO-BARODA",0,"PANOLI INT , NANDESARI",,Loading Point,
,,SHREE SHIV AGRO-BARODA,,Offloading Point,
"PANOLI INT , NANDESARI - - SHREEJI LIQUID STORAGE TERMINAL-KANDLA",0,"PANOLI INT , NANDESARI",,Loading Point,
,,SHREEJI LIQUID STORAGE TERMINAL-KANDLA,,Offloading Point,
"PANOLI INT , NANDESARI - - SHRI KRISHNA-SILVASSA",0,"PANOLI INT , NANDESARI",,Loading Point,
,,SHRI KRISHNA-SILVASSA,,Offloading Point,
"PANOLI INT , NANDESARI - - SHRIRAM ALKALI & CHEM-JHAGADIA",0,"PANOLI INT , NANDESARI",,Loading Point,
,,SHRIRAM ALKALI & CHEM-JHAGADIA,,Offloading Point,
"PANOLI INT , NANDESARI - - SIDDHI VINAYAK ENT-M.NAGAR",0,"PANOLI INT , NANDESARI",,Loading Point,
,,SIDDHI VINAYAK ENT-M.NAGAR,,Offloading Point,
"PANOLI INT , NANDESARI - - SIFLON DRUG-BALLERY",0,"PANOLI INT , NANDESARI",,Loading Point,
,,SIFLON DRUG-BALLERY,,Offloading Point,
"PANOLI INT , NANDESARI - - SIFLON PHARMA PVT LTD-KARNATAKA",0,"PANOLI INT , NANDESARI",,Loading Point,
,,SIFLON PHARMA PVT LTD-KARNATAKA,,Offloading Point,
"PANOLI INT , NANDESARI - - SKY INTERMEDIATES-DAHEJ",0,"PANOLI INT , NANDESARI",,Loading Point,
,,SKY INTERMEDIATES-DAHEJ,,Offloading Point,
"PANOLI INT , NANDESARI - - SMARTCHEM TECH-TALOJA",0,"PANOLI INT , NANDESARI",,Loading Point,
,,SMARTCHEM TECH-TALOJA,,Offloading Point,
"PANOLI INT , NANDESARI - - SONGWON SPECUALTYCHEM-PANOLI",0,"PANOLI INT , NANDESARI",,Loading Point,
,,SONGWON SPECUALTYCHEM-PANOLI,,Offloading Point,
"PANOLI INT , NANDESARI - - SRF-DAHEJ",0,"PANOLI INT , NANDESARI",,Loading Point,
,,SRF-DAHEJ,,Offloading Point,
"PANOLI INT , NANDESARI - - SUKHA CHEMICALS IND UNIT-11-PANOLI",0,"PANOLI INT , NANDESARI",,Loading Point,
,,SUKHA CHEMICALS IND UNIT-11-PANOLI,,Offloading Point,
"PANOLI INT , NANDESARI - - SUNNY CHEMICAL WORKS-PANIPAT",0,"PANOLI INT , NANDESARI",,Loading Point,
,,SUNNY CHEMICAL WORKS-PANIPAT,,Offloading Point,
"PANOLI INT , NANDESARI - - SUVIDHI IND PVT LTD-VALSAD",0,"PANOLI INT , NANDESARI",,Loading Point,
,,SUVIDHI IND PVT LTD-VALSAD,,Offloading Point,
"PANOLI INT , NANDESARI - - TAG00R LAB. PVT. LTD-MANDAL (A.P.)",0,"PANOLI INT , NANDESARI",,Loading Point,
,,TAG00R LAB. PVT. LTD-MANDAL (A.P.),,Offloading Point,
"PANOLI INT , NANDESARI - - TAGROS CHEMICALS-PANOLI-ANK",0,"PANOLI INT , NANDESARI",,Loading Point,
,,TAGROS CHEMICALS-PANOLI-ANK,,Offloading Point,
"PANOLI INT , NANDESARI - - TATA CHEMICAL LTD-CUDDALORE",0,"PANOLI INT , NANDESARI",,Loading Point,
,,TATA CHEMICAL LTD-CUDDALORE,,Offloading Point,
"PANOLI INT , NANDESARI - - TRANSPEK-PADRA",0,"PANOLI INT , NANDESARI",,Loading Point,
,,TRANSPEK-PADRA,,Offloading Point,
"PANOLI INT , NANDESARI - - TRANSWORLD FURTICHEM-JHAGADIA",0,"PANOLI INT , NANDESARI",,Loading Point,
,,TRANSWORLD FURTICHEM-JHAGADIA,,Offloading Point,
"PANOLI INT , NANDESARI - - TRISHA SPECIALITY CHEM-DHOLKA",0,"PANOLI INT , NANDESARI",,Loading Point,
,,TRISHA SPECIALITY CHEM-DHOLKA,,Offloading Point,
"PANOLI INT , NANDESARI - - U.P.CHEMICALS-LUDHIYANA",0,"PANOLI INT , NANDESARI",,Loading Point,
,,U.P.CHEMICALS-LUDHIYANA,,Offloading Point,
"PANOLI INT , NANDESARI - - UC COLOUR & INT-SAYKHA",0,"PANOLI INT , NANDESARI",,Loading Point,
,,UC COLOUR & INT-SAYKHA,,Offloading Point,
"PANOLI INT , NANDESARI - - UDAIPUR POLY SACKS LTD-UDAIPUR",0,"PANOLI INT , NANDESARI",,Loading Point,
,,UDAIPUR POLY SACKS LTD-UDAIPUR,,Offloading Point,
"PANOLI INT , NANDESARI - - UDAIPUR UNIT",0,"PANOLI INT , NANDESARI",,Loading Point,
,,UDAIPUR UNIT,,Offloading Point,
"PANOLI INT , NANDESARI - - UMARE CHEMICAL-CHANDRAPUR",0,"PANOLI INT , NANDESARI",,Loading Point,
,,UMARE CHEMICAL-CHANDRAPUR,,Offloading Point,
"PANOLI INT , NANDESARI - - UNICHEM COR-NAGPUR",0,"PANOLI INT , NANDESARI",,Loading Point,
,,UNICHEM COR-NAGPUR,,Offloading Point,
"PANOLI INT , NANDESARI - - UNICHEM-AKOLA",0,"PANOLI INT , NANDESARI",,Loading Point,
,,UNICHEM-AKOLA,,Offloading Point,
"PANOLI INT , NANDESARI - - UPL LIMITED-DAHEJ",0,"PANOLI INT , NANDESARI",,Loading Point,
,,UPL LIMITED-DAHEJ,,Offloading Point,
"PANOLI INT , NANDESARI - - USHANTI COLOUR-VATVA",0,"PANOLI INT , NANDESARI",,Loading Point,
,,USHANTI COLOUR-VATVA,,Offloading Point,
"PANOLI INT , NANDESARI - - V.V.TITANIUM PIGMENT P LTD-THOOTHUKUDI",0,"PANOLI INT , NANDESARI",,Loading Point,
,,V.V.TITANIUM PIGMENT P LTD-THOOTHUKUDI,,Offloading Point,
"PANOLI INT , NANDESARI - - VINI INDUSTRIES-M.NAGAR",0,"PANOLI INT , NANDESARI",,Loading Point,
,,VINI INDUSTRIES-M.NAGAR,,Offloading Point,
PARADEEP PHOSP-ORISSA - - CLARION ORGANIC LTD-BHANDARA(M.H.),0,PARADEEP PHOSP-ORISSA,,Loading Point,
,,CLARION ORGANIC LTD-BHANDARA(M.H.),,Offloading Point,
PARADEEP PHOSP-ORISSA - - DB POWER LTD-CHAMPA (C.G),0,PARADEEP PHOSP-ORISSA,,Loading Point,
,,DB POWER LTD-CHAMPA (C.G),,Offloading Point,
PARADEEP PHOSP-ORISSA - - INDIAN MART-BHILAI-DURG (C.G.),0,PARADEEP PHOSP-ORISSA,,Loading Point,
,,INDIAN MART-BHILAI-DURG (C.G.),,Offloading Point,
PARADEEP PHOSP-ORISSA - - JAGDAMBA UDYOG-RAIPUR (C.G.),0,PARADEEP PHOSP-ORISSA,,Loading Point,
,,JAGDAMBA UDYOG-RAIPUR (C.G.),,Offloading Point,
PARADEEP PHOSP-ORISSA - - JINDAL POWER LTD-RAIGARH (C.G),0,PARADEEP PHOSP-ORISSA,,Loading Point,
,,JINDAL POWER LTD-RAIGARH (C.G),,Offloading Point,
"PARADEEP PHOSP-ORISSA - - JINDAL ST.STEEL-JAJPUR,ORISSA",0,PARADEEP PHOSP-ORISSA,,Loading Point,
,,"JINDAL ST.STEEL-JAJPUR,ORISSA",,Offloading Point,
PARADEEP PHOSP-ORISSA - - NTPC GE POWER-KORBA (C.G.),0,PARADEEP PHOSP-ORISSA,,Loading Point,
,,NTPC GE POWER-KORBA (C.G.),,Offloading Point,
PARADEEP PHOSP-ORISSA - - RAIPUR,0,PARADEEP PHOSP-ORISSA,,Loading Point,
,,RAIPUR,,Offloading Point,
PARADEEP PHOSP-ORISSA - - SHREE MAHALAKSHMI CHEMICAL (WEST BENGAL),0,PARADEEP PHOSP-ORISSA,,Loading Point,
,,SHREE MAHALAKSHMI CHEMICAL (WEST BENGAL),,Offloading Point,
PARADEEP PHOSP-ORISSA - - SIPAT SUPER THERMAL POWER-BILASPUR,0,PARADEEP PHOSP-ORISSA,,Loading Point,
,,SIPAT SUPER THERMAL POWER-BILASPUR,,Offloading Point,
PARADEEP PHOSP-ORISSA - - SPECIAL BLASTS LTD-PIRDA,0,PARADEEP PHOSP-ORISSA,,Loading Point,
,,SPECIAL BLASTS LTD-PIRDA,,Offloading Point,
PARADEEP PHOSP-ORISSA - - SPECIAL BLASTS-RAIGARH,0,PARADEEP PHOSP-ORISSA,,Loading Point,
,,SPECIAL BLASTS-RAIGARH,,Offloading Point,
PARADEEP PHOSP-ORISSA - - SUDHA CORE CHEMICAL-GWALIOR,0,PARADEEP PHOSP-ORISSA,,Loading Point,
,,SUDHA CORE CHEMICAL-GWALIOR,,Offloading Point,
PARADEEP PHOSP-ORISSA - - VISHNU CHEMICAL-BHILAI,0,PARADEEP PHOSP-ORISSA,,Loading Point,
,,VISHNU CHEMICAL-BHILAI,,Offloading Point,
PATANJALI FOODSLTD-HALDIA - - GODHREJ CONSUMER PRODUCTS-MALANPUR(M.P),0,PATANJALI FOODSLTD-HALDIA,,Loading Point,
,,GODHREJ CONSUMER PRODUCTS-MALANPUR(M.P),,Offloading Point,
PATANJALI FOODSLTD-HALDIA - - VAJRAKAYA GREEN POWER U.P,0,PATANJALI FOODSLTD-HALDIA,,Loading Point,
,,VAJRAKAYA GREEN POWER U.P,,Offloading Point,
PATEL PHOSCHEM-UDAIPUR - - PHARMA INTER CHEMIE-NANDESARI,0,PATEL PHOSCHEM-UDAIPUR,,Loading Point,
,,PHARMA INTER CHEMIE-NANDESARI,,Offloading Point,
PATSIL IND-NADIAD - - GIL-NAGDA,0,PATSIL IND-NADIAD,,Loading Point,
,,GIL-NAGDA,,Offloading Point,
PATSIL IND-NADIAD - - GRASIM IND-LTD-NAGDA,0,PATSIL IND-NADIAD,,Loading Point,
,,GRASIM IND-LTD-NAGDA,,Offloading Point,
PAYAL DAHEJ - - GWALIOR,0,PAYAL POLYPLAST PVT LTD-DAHEJ,,Loading Point,
,,GWALIOR,,Offloading Point,
PAYAL POLYPLAST PVT LTD-DAHEJ - - A C POLYCOATERS PVT LTD-JHAJJAR,0,PAYAL POLYPLAST PVT LTD-DAHEJ,,Loading Point,
,,A C POLYCOATERS PVT LTD-JHAJJAR,,Offloading Point,
PAYAL POLYPLAST PVT LTD-DAHEJ - - ALOK PACKAGING PVT LTD-BAWANA,0,PAYAL POLYPLAST PVT LTD-DAHEJ,,Loading Point,
,,ALOK PACKAGING PVT LTD-BAWANA,,Offloading Point,
PAYAL POLYPLAST PVT LTD-DAHEJ - - ARORA POLYFAB INDIA-BAHADURGARH,0,PAYAL POLYPLAST PVT LTD-DAHEJ,,Loading Point,
,,ARORA POLYFAB INDIA-BAHADURGARH,,Offloading Point,
PAYAL POLYPLAST PVT LTD-DAHEJ - - ARORA VINYL PVT.LTD-BAHADURGARH,0,PAYAL POLYPLAST PVT LTD-DAHEJ,,Loading Point,
,,ARORA VINYL PVT.LTD-BAHADURGARH,,Offloading Point,
PAYAL POLYPLAST PVT LTD-DAHEJ - - BEETA POLYCOATS-BAHADURGARH,0,PAYAL POLYPLAST PVT LTD-DAHEJ,,Loading Point,
,,BEETA POLYCOATS-BAHADURGARH,,Offloading Point,
PAYAL POLYPLAST PVT LTD-DAHEJ - - BIHANI MFG.CO.PVT LTD-BHIWADI,0,PAYAL POLYPLAST PVT LTD-DAHEJ,,Loading Point,
,,BIHANI MFG.CO.PVT LTD-BHIWADI,,Offloading Point,
PAYAL POLYPLAST PVT LTD-DAHEJ - - BRIJBIHARI PULP & PAPER-FATEHPUR,0,PAYAL POLYPLAST PVT LTD-DAHEJ,,Loading Point,
,,BRIJBIHARI PULP & PAPER-FATEHPUR,,Offloading Point,
PAYAL POLYPLAST PVT LTD-DAHEJ - - CHEMIE PRODUCTS PVT-BHIWADI,0,PAYAL POLYPLAST PVT LTD-DAHEJ,,Loading Point,
,,CHEMIE PRODUCTS PVT-BHIWADI,,Offloading Point,
PAYAL POLYPLAST PVT LTD-DAHEJ - - COSMIC CONSUMER GOODS-HARYANA,0,PAYAL POLYPLAST PVT LTD-DAHEJ,,Loading Point,
,,COSMIC CONSUMER GOODS-HARYANA,,Offloading Point,
PAYAL POLYPLAST PVT LTD-DAHEJ - - DAWER SONS PVT LTD-BAHADURGARH,0,PAYAL POLYPLAST PVT LTD-DAHEJ,,Loading Point,
,,DAWER SONS PVT LTD-BAHADURGARH,,Offloading Point,
PAYAL POLYPLAST PVT LTD-DAHEJ - - FINOLEX CABLES LTD-ROORKEE (UTTARAKHAND),0,PAYAL POLYPLAST PVT LTD-DAHEJ,,Loading Point,
,,FINOLEX CABLES LTD-ROORKEE (UTTARAKHAND),,Offloading Point,
PAYAL POLYPLAST PVT LTD-DAHEJ - - GAYATRI POLYCOATS-HARYANA,0,PAYAL POLYPLAST PVT LTD-DAHEJ,,Loading Point,
,,GAYATRI POLYCOATS-HARYANA,,Offloading Point,
PAYAL POLYPLAST PVT LTD-DAHEJ - - GIRIRAJ COATEDFAB-BAHADURGARH,0,PAYAL POLYPLAST PVT LTD-DAHEJ,,Loading Point,
,,GIRIRAJ COATEDFAB-BAHADURGARH,,Offloading Point,
PAYAL POLYPLAST PVT LTD-DAHEJ - - GREEN LINE LAMINATES-BAHADURGARH,0,PAYAL POLYPLAST PVT LTD-DAHEJ,,Loading Point,
,,GREEN LINE LAMINATES-BAHADURGARH,,Offloading Point,
PAYAL POLYPLAST PVT LTD-DAHEJ - - H.R.POLYCOATS PVT LTD- BAHADURGARH,0,PAYAL POLYPLAST PVT LTD-DAHEJ,,Loading Point,
,,H.R.POLYCOATS PVT LTD- BAHADURGARH,,Offloading Point,
PAYAL POLYPLAST PVT LTD-DAHEJ - - HAVELLS INDIA LTD-ALWAR,0,PAYAL POLYPLAST PVT LTD-DAHEJ,,Loading Point,
,,HAVELLS INDIA LTD-ALWAR,,Offloading Point,
PAYAL POLYPLAST PVT LTD-DAHEJ - - HB PLOYCOAT TEXTILE-BAHADURGARH,0,PAYAL POLYPLAST PVT LTD-DAHEJ,,Loading Point,
,,HB PLOYCOAT TEXTILE-BAHADURGARH,,Offloading Point,
PAYAL POLYPLAST PVT LTD-DAHEJ - - JAIPUR,0,PAYAL POLYPLAST PVT LTD-DAHEJ,,Loading Point,
,,JAIPUR,,Offloading Point,
PAYAL POLYPLAST PVT LTD-DAHEJ - - KAMLESH VINYLS-ROHTAK-HARYANA,0,PAYAL POLYPLAST PVT LTD-DAHEJ,,Loading Point,
,,KAMLESH VINYLS-ROHTAK-HARYANA,,Offloading Point,
PAYAL POLYPLAST PVT LTD-DAHEJ - - KLASSIK LAMITEX-REWARI,0,PAYAL POLYPLAST PVT LTD-DAHEJ,,Loading Point,
,,KLASSIK LAMITEX-REWARI,,Offloading Point,
PAYAL POLYPLAST PVT LTD-DAHEJ - - LAXMI POLYCOAT-BAHADURGARH,0,PAYAL POLYPLAST PVT LTD-DAHEJ,,Loading Point,
,,LAXMI POLYCOAT-BAHADURGARH,,Offloading Point,
PAYAL POLYPLAST PVT LTD-DAHEJ - - MANISH VINYLS PVT-HARYANA,0,PAYAL POLYPLAST PVT LTD-DAHEJ,,Loading Point,
,,MANISH VINYLS PVT-HARYANA,,Offloading Point,
PAYAL POLYPLAST PVT LTD-DAHEJ - - MARVEL GDC PVT LTD-GWALIOR,0,PAYAL POLYPLAST PVT LTD-DAHEJ,,Loading Point,
,,MARVEL GDC PVT LTD-GWALIOR,,Offloading Point,
PAYAL POLYPLAST PVT LTD-DAHEJ - - MAYUR UNIQUOTERS-JAIPUR,0,PAYAL POLYPLAST PVT LTD-DAHEJ,,Loading Point,
,,MAYUR UNIQUOTERS-JAIPUR,,Offloading Point,
PAYAL POLYPLAST PVT LTD-DAHEJ - - NARENDRA POLY CHEM-FARIDABAD,0,PAYAL POLYPLAST PVT LTD-DAHEJ,,Loading Point,
,,NARENDRA POLY CHEM-FARIDABAD,,Offloading Point,
PAYAL POLYPLAST PVT LTD-DAHEJ - - NORTHERN INDIA LEATHER-HARYANA,0,PAYAL POLYPLAST PVT LTD-DAHEJ,,Loading Point,
,,NORTHERN INDIA LEATHER-HARYANA,,Offloading Point,
PAYAL POLYPLAST PVT LTD-DAHEJ - - PAYAL POLYPLAST-BAHADURGARH,0,PAYAL POLYPLAST PVT LTD-DAHEJ,,Loading Point,
,,PAYAL POLYPLAST-BAHADURGARH,,Offloading Point,
PAYAL POLYPLAST PVT LTD-DAHEJ - - PAYAL POLYPLAST-JHAJJAR,0,PAYAL POLYPLAST PVT LTD-DAHEJ,,Loading Point,
,,PAYAL POLYPLAST-JHAJJAR,,Offloading Point,
PAYAL POLYPLAST PVT LTD-DAHEJ - - POLYCAB INDIA LTD-BASKA,0,PAYAL POLYPLAST PVT LTD-DAHEJ,,Loading Point,
,,POLYCAB INDIA LTD-BASKA,,Offloading Point,
PAYAL POLYPLAST PVT LTD-DAHEJ - - RAINBOW PACKAGING-HARIDWAR(U.K.),0,PAYAL POLYPLAST PVT LTD-DAHEJ,,Loading Point,
,,RAINBOW PACKAGING-HARIDWAR(U.K.),,Offloading Point,
PAYAL POLYPLAST PVT LTD-DAHEJ - - RAMA NAND ENT.INDIA P .LTD-GWALIOR,0,PAYAL POLYPLAST PVT LTD-DAHEJ,,Loading Point,
,,RAMA NAND ENT.INDIA P .LTD-GWALIOR,,Offloading Point,
PAYAL POLYPLAST PVT LTD-DAHEJ - - RELAXO FOOTWEAR LTD-BAHADURGARH,0,PAYAL POLYPLAST PVT LTD-DAHEJ,,Loading Point,
,,RELAXO FOOTWEAR LTD-BAHADURGARH,,Offloading Point,
PAYAL POLYPLAST PVT LTD-DAHEJ - - RMG POLY VINYLS-SKINANDRABAD,0,PAYAL POLYPLAST PVT LTD-DAHEJ,,Loading Point,
,,RMG POLY VINYLS-SKINANDRABAD,,Offloading Point,
PAYAL POLYPLAST PVT LTD-DAHEJ - - RUBBER CENTRE-BAHADURGARH,0,PAYAL POLYPLAST PVT LTD-DAHEJ,,Loading Point,
,,RUBBER CENTRE-BAHADURGARH,,Offloading Point,
PAYAL POLYPLAST PVT LTD-DAHEJ - - SAMARTH REXINES PVT-HARYANA,0,PAYAL POLYPLAST PVT LTD-DAHEJ,,Loading Point,
,,SAMARTH REXINES PVT-HARYANA,,Offloading Point,
PAYAL POLYPLAST PVT LTD-DAHEJ - - SHRUTI POLYMERS-SONEPAT,0,PAYAL POLYPLAST PVT LTD-DAHEJ,,Loading Point,
,,SHRUTI POLYMERS-SONEPAT,,Offloading Point,
PAYAL POLYPLAST PVT LTD-DAHEJ - - SURAJ INDIA VENTURE-GHAZIABAD,0,PAYAL POLYPLAST PVT LTD-DAHEJ,,Loading Point,
,,SURAJ INDIA VENTURE-GHAZIABAD,,Offloading Point,
PAYAL POLYPLAST PVT LTD-DAHEJ - - SWASTIK POLYVINYLS-SONIPAT,0,PAYAL POLYPLAST PVT LTD-DAHEJ,,Loading Point,
,,SWASTIK POLYVINYLS-SONIPAT,,Offloading Point,
PAYAL POLYPLAST PVT LTD-DAHEJ - - TEAMASIA TECHNICAL TEXTILE-JHAJJAR,0,PAYAL POLYPLAST PVT LTD-DAHEJ,,Loading Point,
,,TEAMASIA TECHNICAL TEXTILE-JHAJJAR,,Offloading Point,
PAYAL POLYPLAST PVT LTD-DAHEJ - - TOTAL FOOTCARE OVERSEAS-DELHI,0,PAYAL POLYPLAST PVT LTD-DAHEJ,,Loading Point,
,,TOTAL FOOTCARE OVERSEAS-DELHI,,Offloading Point,
PAYAL POLYPLAST PVT LTD-DAHEJ - - UNIVERSALCABLES LTD-SATNA (M.P.),0,PAYAL POLYPLAST PVT LTD-DAHEJ,,Loading Point,
,,UNIVERSALCABLES LTD-SATNA (M.P.),,Offloading Point,
PAYAL POLYPLAST PVT LTD-DAHEJ - - ZAIBUNCO IND PVT LTD-UNNAO (U.P.),0,PAYAL POLYPLAST PVT LTD-DAHEJ,,Loading Point,
,,ZAIBUNCO IND PVT LTD-UNNAO (U.P.),,Offloading Point,
PAYAL POYPLAST P.LTD-DAMAN - - BRIJBIHARI PULP & PAPER-FATEHPUR,0,PAYAL POYPLAST P.LTD-DAMAN,,Loading Point,
,,BRIJBIHARI PULP & PAPER-FATEHPUR,,Offloading Point,
PAYAL POYPLAST P.LTD-DAMAN - - RAMA NAND ENT.INDIA P .LTD-GWALIOR,0,PAYAL POYPLAST P.LTD-DAMAN,,Loading Point,
,,RAMA NAND ENT.INDIA P .LTD-GWALIOR,,Offloading Point,
PAYAL POYPLAST P.LTD-DAMAN - - SWASTIK POLYVINYLS-SONIPAT,0,PAYAL POYPLAST P.LTD-DAMAN,,Loading Point,
,,SWASTIK POLYVINYLS-SONIPAT,,Offloading Point,
PAYAL POYPLAST P.LTD-DAMAN - - TOTAL FOOTCARE OVERSEAS-DELHI,0,PAYAL POYPLAST P.LTD-DAMAN,,Loading Point,
,,TOTAL FOOTCARE OVERSEAS-DELHI,,Offloading Point,
PAYAL-DAMAN - - RAMA NAND ENT.INDIA P .LTD-GWALIOR,0,PAYAL-DAMAN,,Loading Point,
,,RAMA NAND ENT.INDIA P .LTD-GWALIOR,,Offloading Point,
PBS OILIND.LTD-DHAMTARI(C.G.) - - FAIRCHEM ORGANICS LTD-SANAND,0,PBS OILIND.LTD-DHAMTARI(C.G.),,Loading Point,
,,FAIRCHEM ORGANICS LTD-SANAND,,Offloading Point,
PCBL MUNDRA PLANT-(GUJ) - - APARNA CARBONS PVT LTD-RAIPUR,0,PCBL MUNDRA PLANT-(GUJ),,Loading Point,
,,APARNA CARBONS PVT LTD-RAIPUR,,Offloading Point,
PHARMA INTER CHEMIE-NANDESARI - - PATEL PHOSCHEM-UDAIPUR,0,PHARMA INTER CHEMIE-NANDESARI,,Loading Point,
,,PATEL PHOSCHEM-UDAIPUR,,Offloading Point,
PHARMA INTER CHEMIE-NANDESARI - - PHARMA INTER CHEMIE-NANDESARI,0,PHARMA INTER CHEMIE-NANDESARI,,Loading Point,
,,PHARMA INTER CHEMIE-NANDESARI,,Offloading Point,
PHILLIPS CARBON BLACK LTD-PALEJ - - G.S.V PRODUCTS-JHAJJAR-HARYANA,0,PHILLIPS CARBON BLACK LTD-PALEJ,,Loading Point,
,,G.S.V PRODUCTS-JHAJJAR-HARYANA,,Offloading Point,
PINETECH CHEMICALS-HOSIARPUR - - GRP LTD-SOLARPUR-(M.H.),0,PINETECH CHEMICALS-HOSIARPUR,,Loading Point,
,,GRP LTD-SOLARPUR-(M.H.),,Offloading Point,
PINETECH CHEMICALS-HOSIARPUR - - SOLAPUR,0,PINETECH CHEMICALS-HOSIARPUR,,Loading Point,
,,SOLAPUR,,Offloading Point,
POONAM INDUSTRIES.-KARNAL - - INDORE SAH DUGDH SANGH- INDORE,0,POONAM INDUSTRIES.-KARNAL,,Loading Point,
,,INDORE SAH DUGDH SANGH- INDORE,,Offloading Point,
PRADEEP PHOSPHATES LTD-ORISSA - - INDIAN OIL-BHILAI (C.G.),0,PRADEEP PHOSPHATES LTD-ORISSA,,Loading Point,
,,INDIAN OIL-BHILAI (C.G.),,Offloading Point,
PRADEEP PHOSPHATES LTD-ORISSA - - NTPC LTD-MOUDHA-NAGPUR,0,PRADEEP PHOSPHATES LTD-ORISSA,,Loading Point,
,,NTPC LTD-MOUDHA-NAGPUR,,Offloading Point,
PRADEEP PHOSPHATES LTD-ORISSA - - RAIPUR,0,PRADEEP PHOSPHATES LTD-ORISSA,,Loading Point,
,,RAIPUR,,Offloading Point,
PRASAD SUGAR&ALLIED-AHMEDNAGAR - - J.N.P.T-MUMBAI,0,PRASAD SUGAR&ALLIED-AHMEDNAGAR,,Loading Point,
,,J.N.P.T-MUMBAI,,Offloading Point,
PRISM IND-KHAMBHAT - - AMBICA IND-AHMEDABAD,0,PRISM IND-KHAMBHAT,,Loading Point,
,,AMBICA IND-AHMEDABAD,,Offloading Point,
PULLING & LIFTINGMACHINE-NAGPUR - - RRD OILS & FATS-HIMACHAL PRADESH,0,PULLING & LIFTINGMACHINE-NAGPUR,,Loading Point,
,,RRD OILS & FATS-HIMACHAL PRADESH,,Offloading Point,
R.S.P.L.-RAIPUR - - BASANT AGRO-AKOLA,0,R.S.P.L.-RAIPUR,,Loading Point,
,,BASANT AGRO-AKOLA,,Offloading Point,
R.S.P.L.-RAIPUR - - BASANT AGRO-JALGOAN,0,R.S.P.L.-RAIPUR,,Loading Point,
,,BASANT AGRO-JALGOAN,,Offloading Point,
R.S.P.L.-RAIPUR - - JALGOAN,0,R.S.P.L.-RAIPUR,,Loading Point,
,,JALGOAN,,Offloading Point,
R.S.P.L.-RAIPUR - - KASTURCHAND FER.PVT LTD-WADASA(M.H),0,R.S.P.L.-RAIPUR,,Loading Point,
,,KASTURCHAND FER.PVT LTD-WADASA(M.H),,Offloading Point,
R.S.P.L.-RAIPUR - - R.S.P.L.-RAIPUR,0,R.S.P.L.-RAIPUR,,Loading Point,
,,R.S.P.L.-RAIPUR,,Offloading Point,
RACHNA PLASTICIZERS-SILVASSA - - NEW ZEEL FASHION WEAR-DHAR (M.P.),0,RACHNA PLASTICIZERS-SILVASSA,,Loading Point,
,,NEW ZEEL FASHION WEAR-DHAR (M.P.),,Offloading Point,
RAIGARH SOLVENT EXTRACTION-(C.G.) - - FAIRCHEM ORG LTD-AMD,0,RAIGARH SOLVENT EXTRACTION-(C.G.),,Loading Point,
,,FAIRCHEM ORG LTD-AMD,,Offloading Point,
RAIPUR - - JALGOAN,0,RAIPUR,,Loading Point,
,,JALGOAN,,Offloading Point,
RAIPUR - - RAIPUR,0,RAIPUR,,Loading Point,
,,RAIPUR,,Offloading Point,
RAIPUR - - SANAND,0,RAIPUR,,Loading Point,
,,SANAND,,Offloading Point,
RAJARAM MAIZE-RAJNANDGAON - - RASAYAN UDYOG-DHANBAD,0,RAJARAM MAIZE-RAJNANDGAON,,Loading Point,
,,RASAYAN UDYOG-DHANBAD,,Offloading Point,
RAJASTAN STATE MINES-UDAIPUR - - GSFC LTD. BARODA,0,RAJASTAN STATE MINES-UDAIPUR,,Loading Point,
,,GSFC LTD. BARODA,,Offloading Point,
RAJNANDGAON-CG - - FAIRCHEM ORGANICS LTD-SANAND,0,RAJNANDGAON-CG,,Loading Point,
,,FAIRCHEM ORGANICS LTD-SANAND,,Offloading Point,
RAJNANDGAON-CG - - KANPUR,0,RAJNANDGAON-CG,,Loading Point,
,,KANPUR,,Offloading Point,
RAJNANDGAON-CG - - NAMAN SALES COR.HISAR-HARAYANA,0,RAJNANDGAON-CG,,Loading Point,
,,NAMAN SALES COR.HISAR-HARAYANA,,Offloading Point,
RAJNANDGAON-CG - - RASAYAN UDYOG-DHANBAD,0,RAJNANDGAON-CG,,Loading Point,
,,RASAYAN UDYOG-DHANBAD,,Offloading Point,
RAKA ORGANIC-UDAIPUR - - YOGESHWAR-NAROL-A.BAD,0,RAKA ORGANIC-UDAIPUR,,Loading Point,
,,YOGESHWAR-NAROL-A.BAD,,Offloading Point,
RAMA PHOSPHATE LTD-INDOR - - AARTI IND.-JHAGADIA,0,RAMA PHOSPHATE LTD-INDOR,,Loading Point,
,,AARTI IND.-JHAGADIA,,Offloading Point,
RAMA PHOSPHATE LTD-INDOR - - ANKLESHWAR,0,RAMA PHOSPHATE LTD-INDOR,,Loading Point,
,,ANKLESHWAR,,Offloading Point,
"RAMA PHOSPHATE LTD-INDOR - - ATUL LTD,ANKLESHWAR",0,RAMA PHOSPHATE LTD-INDOR,,Loading Point,
,,"ATUL LTD,ANKLESHWAR",,Offloading Point,
"RAMA PHOSPHATE LTD-INDOR - - BILT GRAPHIC,BALLARPUR",0,RAMA PHOSPHATE LTD-INDOR,,Loading Point,
,,"BILT GRAPHIC,BALLARPUR",,Offloading Point,
"RAMA PHOSPHATE LTD-INDOR - - DEEPAK NIT, NANDESARI",0,RAMA PHOSPHATE LTD-INDOR,,Loading Point,
,,"DEEPAK NIT, NANDESARI",,Offloading Point,
RAMA PHOSPHATE LTD-INDOR - - GFL-DAHEJ,0,RAMA PHOSPHATE LTD-INDOR,,Loading Point,
,,GFL-DAHEJ,,Offloading Point,
RAMA PHOSPHATE LTD-INDOR - - GFL-RANJITNAGAR,0,RAMA PHOSPHATE LTD-INDOR,,Loading Point,
,,GFL-RANJITNAGAR,,Offloading Point,
RAMA PHOSPHATE LTD-INDOR - - GRASIM CELLUOSIC-VILAYAT,0,RAMA PHOSPHATE LTD-INDOR,,Loading Point,
,,GRASIM CELLUOSIC-VILAYAT,,Offloading Point,
RAMA PHOSPHATE LTD-INDOR - - RAIPUR,0,RAMA PHOSPHATE LTD-INDOR,,Loading Point,
,,RAIPUR,,Offloading Point,
RAMA PHOSPHATE LTD-INDOR - - SOLAR IND.INDIA LTD-NAGPUR,0,RAMA PHOSPHATE LTD-INDOR,,Loading Point,
,,SOLAR IND.INDIA LTD-NAGPUR,,Offloading Point,
RAMA PHOSPHATE LTD-INDOR - - SRF-DAHEJ,0,RAMA PHOSPHATE LTD-INDOR,,Loading Point,
,,SRF-DAHEJ,,Offloading Point,
"RAMA,DHARAMPURI - - AGARWAL CHEMICALS-RAIPUR",0,"RAMA,DHARAMPURI",,Loading Point,
,,AGARWAL CHEMICALS-RAIPUR,,Offloading Point,
"RAMA,DHARAMPURI - - GRASIM IND LTD-VILAYAT BHARUCH",0,"RAMA,DHARAMPURI",,Loading Point,
,,GRASIM IND LTD-VILAYAT BHARUCH,,Offloading Point,
"RAMA,DHARAMPURI - - VISHNU CHEMICAL-RAIPUR",0,"RAMA,DHARAMPURI",,Loading Point,
,,VISHNU CHEMICAL-RAIPUR,,Offloading Point,
RAMAGUNDAM-III-TELANGANA - - D.F.P.C.L.-DAHEJ,0,RAMAGUNDAM-III-TELANGANA,,Loading Point,
,,D.F.P.C.L.-DAHEJ,,Offloading Point,
RASAYAN UDYOG-DHANBAD - - ACV EXPLOSIVES LLP-RAJASTHAN,0,RASAYAN UDYOG-DHANBAD,,Loading Point,
,,ACV EXPLOSIVES LLP-RAJASTHAN,,Offloading Point,
RASAYAN UDYOG-DHANBAD - - AKS-EXPO CHEM-DEJURI(W.B),0,RASAYAN UDYOG-DHANBAD,,Loading Point,
,,AKS-EXPO CHEM-DEJURI(W.B),,Offloading Point,
RASAYAN UDYOG-DHANBAD - - BADINA,0,RASAYAN UDYOG-DHANBAD,,Loading Point,
,,BADINA,,Offloading Point,
RASAYAN UDYOG-DHANBAD - - BLACK DIAMOND EXP-BARABANI(W/B),0,RASAYAN UDYOG-DHANBAD,,Loading Point,
,,BLACK DIAMOND EXP-BARABANI(W/B),,Offloading Point,
RASAYAN UDYOG-DHANBAD - - HZL-DARIBA,0,RASAYAN UDYOG-DHANBAD,,Loading Point,
,,HZL-DARIBA,,Offloading Point,
RASAYAN UDYOG-DHANBAD - - IDEAL IND-TELANGANA,0,RASAYAN UDYOG-DHANBAD,,Loading Point,
,,IDEAL IND-TELANGANA,,Offloading Point,
RASAYAN UDYOG-DHANBAD - - INDIAN OIL CORP LTD-SINGRAULI,0,RASAYAN UDYOG-DHANBAD,,Loading Point,
,,INDIAN OIL CORP LTD-SINGRAULI,,Offloading Point,
RASAYAN UDYOG-DHANBAD - - INDO GULF IND LTD-BABINA-JHANSI(UP),0,RASAYAN UDYOG-DHANBAD,,Loading Point,
,,INDO GULF IND LTD-BABINA-JHANSI(UP),,Offloading Point,
RASAYAN UDYOG-DHANBAD - - NAVBHARAT EXPLOSIVE-RAIGARH,0,RASAYAN UDYOG-DHANBAD,,Loading Point,
,,NAVBHARAT EXPLOSIVE-RAIGARH,,Offloading Point,
RASAYAN UDYOG-DHANBAD - - NAVBHARAT EXPLOSIVES-RAIPUR,0,RASAYAN UDYOG-DHANBAD,,Loading Point,
,,NAVBHARAT EXPLOSIVES-RAIPUR,,Offloading Point,
RASAYAN UDYOG-DHANBAD - - PRAGATI CHEM IND-KORBA(C.G),0,RASAYAN UDYOG-DHANBAD,,Loading Point,
,,PRAGATI CHEM IND-KORBA(C.G),,Offloading Point,
RASAYAN UDYOG-DHANBAD - - RAMAGUNDAM-III-TELANGANA,0,RASAYAN UDYOG-DHANBAD,,Loading Point,
,,RAMAGUNDAM-III-TELANGANA,,Offloading Point,
RASAYAN UDYOG-DHANBAD - - RASAYAN UDYOG-SINGRAULI,0,RASAYAN UDYOG-DHANBAD,,Loading Point,
,,RASAYAN UDYOG-SINGRAULI,,Offloading Point,
RASAYAN UDYOG-DHANBAD - - SALVO IND. PVT. LTD-MALKAJGIRI,0,RASAYAN UDYOG-DHANBAD,,Loading Point,
,,SALVO IND. PVT. LTD-MALKAJGIRI,,Offloading Point,
RASAYAN UDYOG-DHANBAD - - SASAN POWER-SINGRAULI,0,RASAYAN UDYOG-DHANBAD,,Loading Point,
,,SASAN POWER-SINGRAULI,,Offloading Point,
RASAYAN UDYOG-DHANBAD - - SMS SUPPORT PLANT MANAGURU-TELANGANA,0,RASAYAN UDYOG-DHANBAD,,Loading Point,
,,SMS SUPPORT PLANT MANAGURU-TELANGANA,,Offloading Point,
RASAYAN UDYOG-DHANBAD - - SOLAR IND INDIA LTD-ODISHA,0,RASAYAN UDYOG-DHANBAD,,Loading Point,
,,SOLAR IND INDIA LTD-ODISHA,,Offloading Point,
RASAYAN UDYOG-DHANBAD - - SOLAR IND INDIA.LTD-KORBA,0,RASAYAN UDYOG-DHANBAD,,Loading Point,
,,SOLAR IND INDIA.LTD-KORBA,,Offloading Point,
RASAYAN UDYOG-SINGRAULI - - ACV EXPLOSIVES LLP-RAJASTHAN,0,RASAYAN UDYOG-SINGRAULI,,Loading Point,
,,ACV EXPLOSIVES LLP-RAJASTHAN,,Offloading Point,
RASAYAN UDYOG-SINGRAULI - - CIL-PALI (M.H.),0,RASAYAN UDYOG-SINGRAULI,,Loading Point,
,,CIL-PALI (M.H.),,Offloading Point,
RASAYAN UDYOG-SINGRAULI - - CIL-UDAIPUR,0,RASAYAN UDYOG-SINGRAULI,,Loading Point,
,,CIL-UDAIPUR,,Offloading Point,
RASAYAN UDYOG-SINGRAULI - - I O C L-SINGROULI,0,RASAYAN UDYOG-SINGRAULI,,Loading Point,
,,I O C L-SINGROULI,,Offloading Point,
RASAYAN UDYOG-SINGRAULI - - INDO GULF IND LTD-BABINA-JHANSI(UP),0,RASAYAN UDYOG-SINGRAULI,,Loading Point,
,,INDO GULF IND LTD-BABINA-JHANSI(UP),,Offloading Point,
RASAYAN UDYOG-SINGRAULI - - RAJASTAN EXPOLSIVES & CHEMICAL LTD-DHOLPUR,0,RASAYAN UDYOG-SINGRAULI,,Loading Point,
,,RAJASTAN EXPOLSIVES & CHEMICAL LTD-DHOLPUR,,Offloading Point,
RASAYAN UDYOG-SINGRAULI - - RASAYAN UDYOG-DHANBAD,0,RASAYAN UDYOG-SINGRAULI,,Loading Point,
,,RASAYAN UDYOG-DHANBAD,,Offloading Point,
RATANLAL-KOLKATA (W.B) - - BALAJI OIL PRODUCT-KANPUR,0,RATANLAL-KOLKATA (W.B),,Loading Point,
,,BALAJI OIL PRODUCT-KANPUR,,Offloading Point,
"RCF LTD. CHEMBUR - - AAP CHEM, NANDESARI",0,RCF LTD. CHEMBUR,,Loading Point,
,,"AAP CHEM, NANDESARI",,Offloading Point,
RCF LTD. CHEMBUR - - ACID SLES CORP-NANDESARI,0,RCF LTD. CHEMBUR,,Loading Point,
,,ACID SLES CORP-NANDESARI,,Offloading Point,
RCF LTD. CHEMBUR - - ADHEESHA PHOSPHATE-UDAIPUR,0,RCF LTD. CHEMBUR,,Loading Point,
,,ADHEESHA PHOSPHATE-UDAIPUR,,Offloading Point,
RCF LTD. CHEMBUR - - AGRAWAL ACID & CHEMICALS-JAIPUR,0,RCF LTD. CHEMBUR,,Loading Point,
,,AGRAWAL ACID & CHEMICALS-JAIPUR,,Offloading Point,
RCF LTD. CHEMBUR - - AHMEDABAD,0,RCF LTD. CHEMBUR,,Loading Point,
,,KEMIT CHEMICALS PVT LTD-AHMEDABAD,,Offloading Point,
RCF LTD. CHEMBUR - - ANKLESHWAR,0,RCF LTD. CHEMBUR,,Loading Point,
,,ANKLESHWAR,,Offloading Point,
RCF LTD. CHEMBUR - - ANUPAM RASAYAN INDIA LTD-SACHIN,0,RCF LTD. CHEMBUR,,Loading Point,
,,ANUPAM RASAYAN INDIA LTD-SACHIN,,Offloading Point,
RCF LTD. CHEMBUR - - BEC FERTILIZERS LIMITED,0,RCF LTD. CHEMBUR,,Loading Point,
,,BEC FERTILIZERS LIMITED,,Offloading Point,
"RCF LTD. CHEMBUR - - BHARAT ACID,VAPI",0,RCF LTD. CHEMBUR,,Loading Point,
,,"BHARAT ACID,VAPI",,Offloading Point,
RCF LTD. CHEMBUR - - BODAL CHEMICAL LTD-SAYKHA,0,RCF LTD. CHEMBUR,,Loading Point,
,,BODAL CHEMICAL LTD-SAYKHA,,Offloading Point,
RCF LTD. CHEMBUR - - BODAL CHEMICALS LTD-UNIT-VII,0,RCF LTD. CHEMBUR,,Loading Point,
,,BODAL CHEMICALS LTD-UNIT-VII,,Offloading Point,
RCF LTD. CHEMBUR - - CALIBRE CHEMICAL-SARIGAM,0,RCF LTD. CHEMBUR,,Loading Point,
,,CALIBRE CHEMICAL-SARIGAM,,Offloading Point,
RCF LTD. CHEMBUR - - CHEMICAL ENTERPRISES-AKALTARA,0,RCF LTD. CHEMBUR,,Loading Point,
,,CHEMICAL ENTERPRISES-AKALTARA,,Offloading Point,
"RCF LTD. CHEMBUR - - CHEMICAL UDYOG,ROURKELA",0,RCF LTD. CHEMBUR,,Loading Point,
,,"CHEMICAL UDYOG,ROURKELA",,Offloading Point,
"RCF LTD. CHEMBUR - - COLOUR TEX,SURAT",0,RCF LTD. CHEMBUR,,Loading Point,
,,"COLOUR TEX,SURAT",,Offloading Point,
RCF LTD. CHEMBUR - - DAHEJ,0,RCF LTD. CHEMBUR,,Loading Point,
,,DAHEJ,,Offloading Point,
"RCF LTD. CHEMBUR - - DEEPAK NIT, NANDESARI",0,RCF LTD. CHEMBUR,,Loading Point,
,,"DEEPAK NIT, NANDESARI",,Offloading Point,
RCF LTD. CHEMBUR - - DYNEMIC PRODUCT LTD-DAHEJ,0,RCF LTD. CHEMBUR,,Loading Point,
,,DYNEMIC PRODUCT LTD-DAHEJ,,Offloading Point,
RCF LTD. CHEMBUR - - GOYAL ENTERPRISE-ALIGARH,0,RCF LTD. CHEMBUR,,Loading Point,
,,GOYAL ENTERPRISE-ALIGARH,,Offloading Point,
RCF LTD. CHEMBUR - - HIREN CORPORATION-AMD,0,RCF LTD. CHEMBUR,,Loading Point,
,,HIREN CORPORATION-AMD,,Offloading Point,
RCF LTD. CHEMBUR - - JAY CHEMICAL-KHAMBAT,0,RCF LTD. CHEMBUR,,Loading Point,
,,JAY CHEMICAL-KHAMBAT,,Offloading Point,
RCF LTD. CHEMBUR - - JHAGADIA,0,RCF LTD. CHEMBUR,,Loading Point,
,,JHAGADIA,,Offloading Point,
"RCF LTD. CHEMBUR - - JINDAL ST.STEEL-JAJPUR,ORISSA",0,RCF LTD. CHEMBUR,,Loading Point,
,,"JINDAL ST.STEEL-JAJPUR,ORISSA",,Offloading Point,
RCF LTD. CHEMBUR - - JINDAL STAILESS-HISAR,0,RCF LTD. CHEMBUR,,Loading Point,
,,JINDAL STAILESS-HISAR,,Offloading Point,
RCF LTD. CHEMBUR - - KAYRPEE VANIJYA PVT LTD - BASKA,0,RCF LTD. CHEMBUR,,Loading Point,
,,KAYRPEE VANIJYA PVT LTD - BASKA,,Offloading Point,
RCF LTD. CHEMBUR - - KCIL-GANDHAIDHAM,0,RCF LTD. CHEMBUR,,Loading Point,
,,KCIL-GANDHAIDHAM,,Offloading Point,
RCF LTD. CHEMBUR - - KHAMBHAT,0,RCF LTD. CHEMBUR,,Loading Point,
,,KHAMBHAT,,Offloading Point,
RCF LTD. CHEMBUR - - KIRI-PADRA,0,RCF LTD. CHEMBUR,,Loading Point,
,,KIRI-PADRA,,Offloading Point,
RCF LTD. CHEMBUR - - MAHADEV TRADARS-JHAGADIA,0,RCF LTD. CHEMBUR,,Loading Point,
,,MAHADEV TRADARS-JHAGADIA,,Offloading Point,
RCF LTD. CHEMBUR - - MAHESHWARI ENTERPRISE-ALIGARH,0,RCF LTD. CHEMBUR,,Loading Point,
,,MAHESHWARI ENTERPRISE-ALIGARH,,Offloading Point,
RCF LTD. CHEMBUR - - MAYUR DYE CHEM-PADRA,0,RCF LTD. CHEMBUR,,Loading Point,
,,MAYUR DYE CHEM-PADRA,,Offloading Point,
RCF LTD. CHEMBUR - - NAVDEEP ENT-SANAND,0,RCF LTD. CHEMBUR,,Loading Point,
,,NAVDEEP ENT-SANAND,,Offloading Point,
RCF LTD. CHEMBUR - - NEW CHEM ACID AHMDABAD,0,RCF LTD. CHEMBUR,,Loading Point,
,,NEW CHEM ACID AHMDABAD,,Offloading Point,
RCF LTD. CHEMBUR - - NEW INDIA,0,RCF LTD. CHEMBUR,,Loading Point,
,,NEW INDIA,,Offloading Point,
"RCF LTD. CHEMBUR - - NIKEN CHEM,SURAT",0,RCF LTD. CHEMBUR,,Loading Point,
,,"NIKEN CHEM,SURAT",,Offloading Point,
RCF LTD. CHEMBUR - - OM NITRATE-WAIDHAN-M.P.,0,RCF LTD. CHEMBUR,,Loading Point,
,,OM NITRATE-WAIDHAN-M.P.,,Offloading Point,
"RCF LTD. CHEMBUR - - PANOLI INT , NANDESARI",0,RCF LTD. CHEMBUR,,Loading Point,
,,"PANOLI INT , NANDESARI",,Offloading Point,
RCF LTD. CHEMBUR - - PHTHALO COLOURS & CHEM-VAPI,0,RCF LTD. CHEMBUR,,Loading Point,
,,PHTHALO COLOURS & CHEM-VAPI,,Offloading Point,
RCF LTD. CHEMBUR - - PORWAL INST & CHEMICAL PVT.LTD-UDAIPUR,0,RCF LTD. CHEMBUR,,Loading Point,
,,PORWAL INST & CHEMICAL PVT.LTD-UDAIPUR,,Offloading Point,
RCF LTD. CHEMBUR - - PPL GOA PLANT-GOA,0,RCF LTD. CHEMBUR,,Loading Point,
,,PPL GOA PLANT-GOA,,Offloading Point,
"RCF LTD. CHEMBUR - - R.M.PHOSPHATE,DHULIA",0,RCF LTD. CHEMBUR,,Loading Point,
,,"R.M.PHOSPHATE,DHULIA",,Offloading Point,
RCF LTD. CHEMBUR - - RAAJRATNA VENTURES/RAJRAATAN METAL-MEHSANA,0,RCF LTD. CHEMBUR,,Loading Point,
,,RAAJRATNA VENTURES/RAJRAATAN METAL-MEHSANA,,Offloading Point,
RCF LTD. CHEMBUR - - RASAYAN UDYOG-DHANBAD,0,RCF LTD. CHEMBUR,,Loading Point,
,,RASAYAN UDYOG-DHANBAD,,Offloading Point,
RCF LTD. CHEMBUR - - RASAYAN UDYOG-SINGRAULI,0,RCF LTD. CHEMBUR,,Loading Point,
,,RASAYAN UDYOG-SINGRAULI,,Offloading Point,
RCF LTD. CHEMBUR - - RAVESHIA COLOUR -VAPI,0,RCF LTD. CHEMBUR,,Loading Point,
,,RAVESHIA COLOUR -VAPI,,Offloading Point,
RCF LTD. CHEMBUR - - RMP-NARDANA,0,RCF LTD. CHEMBUR,,Loading Point,
,,RMP-NARDANA,,Offloading Point,
RCF LTD. CHEMBUR - - SHAH ALLOYS LTD-SANTEJ-KALOL,0,RCF LTD. CHEMBUR,,Loading Point,
,,SHAH ALLOYS LTD-SANTEJ-KALOL,,Offloading Point,
RCF LTD. CHEMBUR - - SHIVAM PRODUCTS-ANK,0,RCF LTD. CHEMBUR,,Loading Point,
,,SHIVAM PRODUCTS-ANK,,Offloading Point,
RCF LTD. CHEMBUR - - SHREE KRISHNA ENT-ALIGARH,0,RCF LTD. CHEMBUR,,Loading Point,
,,SHREE KRISHNA ENT-ALIGARH,,Offloading Point,
RCF LTD. CHEMBUR - - SHREE SHIV AGRO,0,RCF LTD. CHEMBUR,,Loading Point,
,,SHREE SHIV AGRO,,Offloading Point,
RCF LTD. CHEMBUR - - SHRI BALAJI CHEMICALS-HISSAR,0,RCF LTD. CHEMBUR,,Loading Point,
,,SHRI BALAJI CHEMICALS-HISSAR,,Offloading Point,
RCF LTD. CHEMBUR - - SINGRUALI,0,RCF LTD. CHEMBUR,,Loading Point,
,,SINGRUALI,,Offloading Point,
RCF LTD. CHEMBUR - - SUN IND PVT LTD-LUDHIANA,0,RCF LTD. CHEMBUR,,Loading Point,
,,SUN IND PVT LTD-LUDHIANA,,Offloading Point,
RCF LTD. CHEMBUR - - SUNNY CHEMICAL WORKS-PANIPAT,0,RCF LTD. CHEMBUR,,Loading Point,
,,SUNNY CHEMICAL WORKS-PANIPAT,,Offloading Point,
RCF LTD. CHEMBUR - - TANAY INORGANICS PVT. LTD-NAGPUR,0,RCF LTD. CHEMBUR,,Loading Point,
,,TANAY INORGANICS PVT. LTD-NAGPUR,,Offloading Point,
RCF LTD. CHEMBUR - - TRADEX-KHAMBAT,0,RCF LTD. CHEMBUR,,Loading Point,
,,TRADEX-KHAMBAT,,Offloading Point,
RCF LTD. CHEMBUR - - UDAIPUR POLY SACKS LTD-UDAIPUR,0,RCF LTD. CHEMBUR,,Loading Point,
,,UDAIPUR POLY SACKS LTD-UDAIPUR,,Offloading Point,
RCF LTD. CHEMBUR - - VISHNU CHEMICAL-BHILAI,0,RCF LTD. CHEMBUR,,Loading Point,
,,VISHNU CHEMICAL-BHILAI,,Offloading Point,
RCF LTD. CHEMBUR - - YOGESHWAR-NAROL-A.BAD,0,RCF LTD. CHEMBUR,,Loading Point,
,,YOGESHWAR-NAROL-A.BAD,,Offloading Point,
RCF LTD. CHEMBUR - - ZJL ORGANIC PVT-MEGHNAGAR,0,RCF LTD. CHEMBUR,,Loading Point,
,,ZJL ORGANIC PVT-MEGHNAGAR,,Offloading Point,
RIL BIO ENERGY LTD-PANIPAT - - RIL- BHOPAL (M.P.),0,RIL BIO ENERGY LTD-PANIPAT,,Loading Point,
,,RIL- BHOPAL (M.P.),,Offloading Point,
RIL(SEZ)J.NAGAR - - SHREE SHIV AGRO,0,RIL(SEZ)J.NAGAR,,Loading Point,
,,SHREE SHIV AGRO,,Offloading Point,
RIL-DAHEJ - - D.F.P.C.L.-DAHEJ,0,RIL-DAHEJ,,Loading Point,
,,D.F.P.C.L.-DAHEJ,,Offloading Point,
RIL-HAZIRA-SURAT - - BIRLA-DAHEJ,0,RIL-HAZIRA-SURAT,,Loading Point,
,,BIRLA-DAHEJ,,Offloading Point,
RIL-HAZIRA-SURAT - - RIL-DAHEJ,0,RIL-HAZIRA-SURAT,,Loading Point,
,,RIL-DAHEJ,,Offloading Point,
RIL-JAMNAGAR (SEZ) - - AGRO PHOS (INDIA)-DEWAS,0,RIL-JAMNAGAR (SEZ),,Loading Point,
,,AGRO PHOS (INDIA)-DEWAS,,Offloading Point,
RIL-JAMNAGAR (SEZ) - - DELTA IRRGATION & FERT.KOLHAPUR,0,RIL-JAMNAGAR (SEZ),,Loading Point,
,,DELTA IRRGATION & FERT.KOLHAPUR,,Offloading Point,
RIL-JAMNAGAR (SEZ) - - MEGHNAGAR,0,RIL-JAMNAGAR (SEZ),,Loading Point,
,,MEGHNAGAR,,Offloading Point,
RIL-JAMNAGAR (SEZ) - - NEELKANTH TRANS CHEM-DULE,0,RIL-JAMNAGAR (SEZ),,Loading Point,
,,NEELKANTH TRANS CHEM-DULE,,Offloading Point,
"RIL-JAMNAGAR (SEZ) - - PANOLI INT , NANDESARI",0,RIL-JAMNAGAR (SEZ),,Loading Point,
,,"PANOLI INT , NANDESARI",,Offloading Point,
RIL-JAMNAGAR (SEZ) - - SHREE ANUVE SYNTHETIC-PALI,0,RIL-JAMNAGAR (SEZ),,Loading Point,
,,SHREE ANUVE SYNTHETIC-PALI,,Offloading Point,
RIL-JAMNAGAR (SEZ) - - SHREE CEMENT LTD-BEAWAR,0,RIL-JAMNAGAR (SEZ),,Loading Point,
,,SHREE CEMENT LTD-BEAWAR,,Offloading Point,
RIL-JAMNAGAR (SEZ) - - SHREE SHIV AGRO,0,RIL-JAMNAGAR (SEZ),,Loading Point,
,,SHREE SHIV AGRO,,Offloading Point,
RIL-JAMNAGAR (SEZ) - - SHREE TULSI PHOSPHATE- C.G,0,RIL-JAMNAGAR (SEZ),,Loading Point,
,,SHREE TULSI PHOSPHATE- C.G,,Offloading Point,
RIL-JAMNAGAR (SEZ) - - UNICHEM COR-NAGPUR,0,RIL-JAMNAGAR (SEZ),,Loading Point,
,,UNICHEM COR-NAGPUR,,Offloading Point,
RIL-JAMNAGAR (SEZ) - - VALIYA MINERAL & CHEM-UDAIPUR,0,RIL-JAMNAGAR (SEZ),,Loading Point,
,,VALIYA MINERAL & CHEM-UDAIPUR,,Offloading Point,
"RIL-VADODARA - - PANOLI INT , NANDESARI",0,RIL-VADODARA,,Loading Point,
,,"PANOLI INT , NANDESARI",,Offloading Point,
"RITZY CHEM,DAMAN - - RAMA NAND ENT.INDIA P .LTD-GWALIOR",0,"RITZY CHEM,DAMAN",,Loading Point,
,,RAMA NAND ENT.INDIA P .LTD-GWALIOR,,Offloading Point,
RJ RUBBERS & CHE IND-SINGRAULI - - IDEAL IND-TELANGANA,0,RJ RUBBERS & CHE IND-SINGRAULI,,Loading Point,
,,IDEAL IND-TELANGANA,,Offloading Point,
ROHAN CHEMICAL KHAMBHAT - - AARTI IND.-JHAGADIA,0,ROHAN CHEMICAL KHAMBHAT,,Loading Point,
,,AARTI IND.-JHAGADIA,,Offloading Point,
ROHAN CHEMICAL KHAMBHAT - - AHMEDABAD.,0,ROHAN CHEMICAL KHAMBHAT,,Loading Point,
,,AHMEDABAD.,,Offloading Point,
ROHAN CHEMICAL KHAMBHAT - - AKSHAR CHEM INDIA-MEHSANA,0,ROHAN CHEMICAL KHAMBHAT,,Loading Point,
,,AKSHAR CHEM INDIA-MEHSANA,,Offloading Point,
ROHAN CHEMICAL KHAMBHAT - - AKSHAR CHEM(INDIA)-DAHEJ,0,ROHAN CHEMICAL KHAMBHAT,,Loading Point,
,,AKSHAR CHEM(INDIA)-DAHEJ,,Offloading Point,
ROHAN CHEMICAL KHAMBHAT - - AMBUJA INTERMEDIATES-MEHSANA,0,ROHAN CHEMICAL KHAMBHAT,,Loading Point,
,,AMBUJA INTERMEDIATES-MEHSANA,,Offloading Point,
ROHAN CHEMICAL KHAMBHAT - - ANKLESHWAR,0,ROHAN CHEMICAL KHAMBHAT,,Loading Point,
,,ANKLESHWAR,,Offloading Point,
ROHAN CHEMICAL KHAMBHAT - - ARIES COLOUR CHEM-DAHEJ,0,ROHAN CHEMICAL KHAMBHAT,,Loading Point,
,,ARIES COLOUR CHEM-DAHEJ,,Offloading Point,
ROHAN CHEMICAL KHAMBHAT - - ASAHI SOGWON COLORS LTD-PADRA,0,ROHAN CHEMICAL KHAMBHAT,,Loading Point,
,,ASAHI SOGWON COLORS LTD-PADRA,,Offloading Point,
ROHAN CHEMICAL KHAMBHAT - - BHARAT RASAYAN-DAHEJ,0,ROHAN CHEMICAL KHAMBHAT,,Loading Point,
,,BHARAT RASAYAN-DAHEJ,,Offloading Point,
ROHAN CHEMICAL KHAMBHAT - - BHAVIN INTERMEDIATES-SAYKHA,0,ROHAN CHEMICAL KHAMBHAT,,Loading Point,
,,BHAVIN INTERMEDIATES-SAYKHA,,Offloading Point,
ROHAN CHEMICAL KHAMBHAT - - BIRLA CELLULOSIC-KOSAMBA,0,ROHAN CHEMICAL KHAMBHAT,,Loading Point,
,,BIRLA CELLULOSIC-KOSAMBA,,Offloading Point,
ROHAN CHEMICAL KHAMBHAT - - CIL-ENNORE-CHENNAI,0,ROHAN CHEMICAL KHAMBHAT,,Loading Point,
,,CIL-ENNORE-CHENNAI,,Offloading Point,
ROHAN CHEMICAL KHAMBHAT - - CLAYKING MINERALS LLP-SURENDRANAGAR,0,ROHAN CHEMICAL KHAMBHAT,,Loading Point,
,,CLAYKING MINERALS LLP-SURENDRANAGAR,,Offloading Point,
ROHAN CHEMICAL KHAMBHAT - - DAHEJ,0,ROHAN CHEMICAL KHAMBHAT,,Loading Point,
,,DAHEJ,,Offloading Point,
ROHAN CHEMICAL KHAMBHAT - - DECCAN FINE CHEM (INDIA)ANK,0,ROHAN CHEMICAL KHAMBHAT,,Loading Point,
,,DECCAN FINE CHEM (INDIA)ANK,,Offloading Point,
ROHAN CHEMICAL KHAMBHAT - - DEEP CHEM-ANK,0,ROHAN CHEMICAL KHAMBHAT,,Loading Point,
,,DEEP CHEM-ANK,,Offloading Point,
"ROHAN CHEMICAL KHAMBHAT - - DEEPAK NIT, NANDESARI",0,ROHAN CHEMICAL KHAMBHAT,,Loading Point,
,,"DEEPAK NIT, NANDESARI",,Offloading Point,
ROHAN CHEMICAL KHAMBHAT - - DEEPAK PHENOLICS LTD-DAHEJ,0,ROHAN CHEMICAL KHAMBHAT,,Loading Point,
,,DEEPAK PHENOLICS LTD-DAHEJ,,Offloading Point,
ROHAN CHEMICAL KHAMBHAT - - DNL-HYDRABAD,0,ROHAN CHEMICAL KHAMBHAT,,Loading Point,
,,DNL-HYDRABAD,,Offloading Point,
ROHAN CHEMICAL KHAMBHAT - - DTC INDUSTRIES-KHAMBAT,0,ROHAN CHEMICAL KHAMBHAT,,Loading Point,
,,DTC INDUSTRIES-KHAMBAT,,Offloading Point,
ROHAN CHEMICAL KHAMBHAT - - GACL-BARODA,0,ROHAN CHEMICAL KHAMBHAT,,Loading Point,
,,GACL-BARODA,,Offloading Point,
ROHAN CHEMICAL KHAMBHAT - - GACL-DAHEJ,0,ROHAN CHEMICAL KHAMBHAT,,Loading Point,
,,GACL-DAHEJ,,Offloading Point,
ROHAN CHEMICAL KHAMBHAT - - GACL-NALCO-BHARUCH,0,ROHAN CHEMICAL KHAMBHAT,,Loading Point,
,,GACL-NALCO-BHARUCH,,Offloading Point,
ROHAN CHEMICAL KHAMBHAT - - GFL-DAHEJ,0,ROHAN CHEMICAL KHAMBHAT,,Loading Point,
,,GFL-DAHEJ,,Offloading Point,
ROHAN CHEMICAL KHAMBHAT - - GFL-RANJITNAGAR,0,ROHAN CHEMICAL KHAMBHAT,,Loading Point,
,,GFL-RANJITNAGAR,,Offloading Point,
"ROHAN CHEMICAL KHAMBHAT - - GIL, VILAYAT",0,ROHAN CHEMICAL KHAMBHAT,,Loading Point,
,,"GIL, VILAYAT",,Offloading Point,
"ROHAN CHEMICAL KHAMBHAT - - GNFC,. BHARUCH",0,ROHAN CHEMICAL KHAMBHAT,,Loading Point,
,,"GNFC,. BHARUCH",,Offloading Point,
ROHAN CHEMICAL KHAMBHAT - - GRASIM IND LTD-VILAYAT BHARUCH,0,ROHAN CHEMICAL KHAMBHAT,,Loading Point,
,,GRASIM IND LTD-VILAYAT BHARUCH,,Offloading Point,
ROHAN CHEMICAL KHAMBHAT - - GSFC LTD. BARODA,0,ROHAN CHEMICAL KHAMBHAT,,Loading Point,
,,GSFC LTD. BARODA,,Offloading Point,
ROHAN CHEMICAL KHAMBHAT - - HARSH ORGENO-VATVA,0,ROHAN CHEMICAL KHAMBHAT,,Loading Point,
,,HARSH ORGENO-VATVA,,Offloading Point,
ROHAN CHEMICAL KHAMBHAT - - HEUBACH COLOUR PVT-ANK,0,ROHAN CHEMICAL KHAMBHAT,,Loading Point,
,,HEUBACH COLOUR PVT-ANK,,Offloading Point,
ROHAN CHEMICAL KHAMBHAT - - INDAIN PHOS LTD-UDAIPUR,0,ROHAN CHEMICAL KHAMBHAT,,Loading Point,
,,INDAIN PHOS LTD-UDAIPUR,,Offloading Point,
ROHAN CHEMICAL KHAMBHAT - - INDO COLCHEM-AMD,0,ROHAN CHEMICAL KHAMBHAT,,Loading Point,
,,INDO COLCHEM-AMD,,Offloading Point,
ROHAN CHEMICAL KHAMBHAT - - JAIPUR,0,ROHAN CHEMICAL KHAMBHAT,,Loading Point,
,,JAIPUR,,Offloading Point,
ROHAN CHEMICAL KHAMBHAT - - JAY GANESH IND-KHAMBAT,0,ROHAN CHEMICAL KHAMBHAT,,Loading Point,
,,JAY GANESH IND-KHAMBAT,,Offloading Point,
ROHAN CHEMICAL KHAMBHAT - - KILBURN CHE LTD-DAHEJ,0,ROHAN CHEMICAL KHAMBHAT,,Loading Point,
,,KILBURN CHE LTD-DAHEJ,,Offloading Point,
ROHAN CHEMICAL KHAMBHAT - - KOSAMBA,0,ROHAN CHEMICAL KHAMBHAT,,Loading Point,
,,KOSAMBA,,Offloading Point,
ROHAN CHEMICAL KHAMBHAT - - MAC ORGANICS PVT LTD-MAHAD,0,ROHAN CHEMICAL KHAMBHAT,,Loading Point,
,,MAC ORGANICS PVT LTD-MAHAD,,Offloading Point,
ROHAN CHEMICAL KHAMBHAT - - MEGHMANI DYES & INTER-DUDHWADA-PADRA,0,ROHAN CHEMICAL KHAMBHAT,,Loading Point,
,,MEGHMANI DYES & INTER-DUDHWADA-PADRA,,Offloading Point,
ROHAN CHEMICAL KHAMBHAT - - MEGHMANI FINE CHEM-DAHEJ,0,ROHAN CHEMICAL KHAMBHAT,,Loading Point,
,,MEGHMANI FINE CHEM-DAHEJ,,Offloading Point,
ROHAN CHEMICAL KHAMBHAT - - MEGHMANI NOVOTECH PVT LTD-BHARUCH,0,ROHAN CHEMICAL KHAMBHAT,,Loading Point,
,,MEGHMANI NOVOTECH PVT LTD-BHARUCH,,Offloading Point,
"ROHAN CHEMICAL KHAMBHAT - - MMCPL,JHAGADIA",0,ROHAN CHEMICAL KHAMBHAT,,Loading Point,
,,"MMCPL,JHAGADIA",,Offloading Point,
ROHAN CHEMICAL KHAMBHAT - - NAVDEEP CHEMICAL-JHAGADIA,0,ROHAN CHEMICAL KHAMBHAT,,Loading Point,
,,NAVDEEP CHEMICAL-JHAGADIA,,Offloading Point,
ROHAN CHEMICAL KHAMBHAT - - NAVIN FLUORINE ADV. SCIENCE-DAHEJ,0,ROHAN CHEMICAL KHAMBHAT,,Loading Point,
,,NAVIN FLUORINE ADV. SCIENCE-DAHEJ,,Offloading Point,
ROHAN CHEMICAL KHAMBHAT - - ONEIRO CHEMAICAL-PADARA,0,ROHAN CHEMICAL KHAMBHAT,,Loading Point,
,,ONEIRO CHEMAICAL-PADARA,,Offloading Point,
ROHAN CHEMICAL KHAMBHAT - - ONEIRO LIFE CARE-PADRA,0,ROHAN CHEMICAL KHAMBHAT,,Loading Point,
,,ONEIRO LIFE CARE-PADRA,,Offloading Point,
ROHAN CHEMICAL KHAMBHAT - - ONGC-DAHEJ,0,ROHAN CHEMICAL KHAMBHAT,,Loading Point,
,,ONGC-DAHEJ,,Offloading Point,
ROHAN CHEMICAL KHAMBHAT - - P I INDUSTREIES LTD-DAHEJ-SEZ,0,ROHAN CHEMICAL KHAMBHAT,,Loading Point,
,,P I INDUSTREIES LTD-DAHEJ-SEZ,,Offloading Point,
ROHAN CHEMICAL KHAMBHAT - - R.I.L.JAMNAGAR,0,ROHAN CHEMICAL KHAMBHAT,,Loading Point,
,,R.I.L.JAMNAGAR,,Offloading Point,
ROHAN CHEMICAL KHAMBHAT - - R.K.SYNTHESIS LTD-SAYAKHA,0,ROHAN CHEMICAL KHAMBHAT,,Loading Point,
,,R.K.SYNTHESIS LTD-SAYAKHA,,Offloading Point,
ROHAN CHEMICAL KHAMBHAT - - RALLIS INDIA LTD-DAHEJ,0,ROHAN CHEMICAL KHAMBHAT,,Loading Point,
,,RALLIS INDIA LTD-DAHEJ,,Offloading Point,
ROHAN CHEMICAL KHAMBHAT - - ROHAN CHEMICAL KHAMBHAT,0,ROHAN CHEMICAL KHAMBHAT,,Loading Point,
,,ROHAN CHEMICAL KHAMBHAT,,Offloading Point,
ROHAN CHEMICAL KHAMBHAT - - ROHAN DYES-UNIT-1-KHAMBAT,0,ROHAN CHEMICAL KHAMBHAT,,Loading Point,
,,ROHAN DYES-UNIT-1-KHAMBAT,,Offloading Point,
ROHAN CHEMICAL KHAMBHAT - - RUBAMIN-NANDESARI,0,ROHAN CHEMICAL KHAMBHAT,,Loading Point,
,,RUBAMIN-NANDESARI,,Offloading Point,
"ROHAN CHEMICAL KHAMBHAT - - SAJJAN IND,LTD-ANKLESHWAR",0,ROHAN CHEMICAL KHAMBHAT,,Loading Point,
,,"SAJJAN IND,LTD-ANKLESHWAR",,Offloading Point,
ROHAN CHEMICAL KHAMBHAT - - SANJOPIN IND PVT LTD-SAYKHA,0,ROHAN CHEMICAL KHAMBHAT,,Loading Point,
,,SANJOPIN IND PVT LTD-SAYKHA,,Offloading Point,
ROHAN CHEMICAL KHAMBHAT - - SELF,0,ROHAN CHEMICAL KHAMBHAT,,Loading Point,
,,SELF,,Offloading Point,
ROHAN CHEMICAL KHAMBHAT - - SHIV TEX CHEM,0,ROHAN CHEMICAL KHAMBHAT,,Loading Point,
,,SHIV TEX CHEM-ANK,,Offloading Point,
ROHAN CHEMICAL KHAMBHAT - - SHIV TEX CHEM-ANK,0,ROHAN CHEMICAL KHAMBHAT,,Loading Point,
,,SHIV TEX CHEM-ANK,,Offloading Point,
ROHAN CHEMICAL KHAMBHAT - - SHREENATHJI ENT-ANAND,0,ROHAN CHEMICAL KHAMBHAT,,Loading Point,
,,SHREENATHJI ENT-ANAND,,Offloading Point,
ROHAN CHEMICAL KHAMBHAT - - SHRIRAM ALKALI & CHEM-JHAGADIA,0,ROHAN CHEMICAL KHAMBHAT,,Loading Point,
,,SHRIRAM ALKALI & CHEM-JHAGADIA,,Offloading Point,
ROHAN CHEMICAL KHAMBHAT - - SILOX INDIA PVT LTD-EKALBARA,0,ROHAN CHEMICAL KHAMBHAT,,Loading Point,
,,SILOX INDIA PVT LTD-EKALBARA,,Offloading Point,
ROHAN CHEMICAL KHAMBHAT - - SRF-DAHEJ,0,ROHAN CHEMICAL KHAMBHAT,,Loading Point,
,,SRF-DAHEJ,,Offloading Point,
ROHAN CHEMICAL KHAMBHAT - - SUNFRIO CHEMICALS PVT LTD-DAHEJ,0,ROHAN CHEMICAL KHAMBHAT,,Loading Point,
,,SUNFRIO CHEMICALS PVT LTD-DAHEJ,,Offloading Point,
ROHAN CHEMICAL KHAMBHAT - - TAXE CHEM ENTERPRISE-COIMBATTORE,0,ROHAN CHEMICAL KHAMBHAT,,Loading Point,
,,TAXE CHEM ENTERPRISE-COIMBATTORE,,Offloading Point,
ROHAN CHEMICAL KHAMBHAT - - TAXE CHEM-CHENNAI,0,ROHAN CHEMICAL KHAMBHAT,,Loading Point,
,,TAXE CHEM-CHENNAI,,Offloading Point,
ROHAN CHEMICAL KHAMBHAT - - TRANSPEK ATLADARA-BRD,0,ROHAN CHEMICAL KHAMBHAT,,Loading Point,
,,TRANSPEK ATLADARA-BRD,,Offloading Point,
ROHAN CHEMICAL KHAMBHAT - - TRENT CHEM IND -MEGHNAGAR,0,ROHAN CHEMICAL KHAMBHAT,,Loading Point,
,,TRENT CHEM IND -MEGHNAGAR,,Offloading Point,
ROHAN CHEMICAL KHAMBHAT - - VARITY CHEMICALS-VAGRA,0,ROHAN CHEMICAL KHAMBHAT,,Loading Point,
,,VARITY CHEMICALS-VAGRA,,Offloading Point,
ROHAN CHEMICAL KHAMBHAT - - VINI INDUSTRIES-M.NAGAR,0,ROHAN CHEMICAL KHAMBHAT,,Loading Point,
,,VINI INDUSTRIES-M.NAGAR,,Offloading Point,
ROHAN CHEMICAL KHAMBHAT - - VISMITA IND-DAHEJ,0,ROHAN CHEMICAL KHAMBHAT,,Loading Point,
,,VISMITA IND-DAHEJ,,Offloading Point,
ROHAN CHEMICAL KHAMBHAT - - YASH CHEMEX INC-DHULE,0,ROHAN CHEMICAL KHAMBHAT,,Loading Point,
,,YASH CHEMEX INC-DHULE,,Offloading Point,
ROHAN CHEMICAL KHAMBHAT - - YASHASHVI RASAYAN-DAHEJ,0,ROHAN CHEMICAL KHAMBHAT,,Loading Point,
,,YASHASHVI RASAYAN-DAHEJ,,Offloading Point,
ROHAN DYES & INT.- CAMBAY - - A S INDUSTRIES-PANOLI-BHARUCH,0,ROHAN DYES & INT.- CAMBAY,,Loading Point,
,,A S INDUSTRIES-PANOLI-BHARUCH,,Offloading Point,
ROHAN DYES & INT.- CAMBAY - - ADANI WILMAR LTD-HALDIA(W.B),0,ROHAN DYES & INT.- CAMBAY,,Loading Point,
,,ADANI WILMAR LTD-HALDIA(W.B),,Offloading Point,
ROHAN DYES & INT.- CAMBAY - - ADANI WILMAR LTD-HAZIRA,0,ROHAN DYES & INT.- CAMBAY,,Loading Point,
,,ADANI WILMAR LTD-HAZIRA,,Offloading Point,
"ROHAN DYES & INT.- CAMBAY - - DEEPAK NIT, NANDESARI",0,ROHAN DYES & INT.- CAMBAY,,Loading Point,
,,"DEEPAK NIT, NANDESARI",,Offloading Point,
ROHAN DYES & INT.- CAMBAY - - DEEPAK NITRITE LTD (HSD)-HYDERABAD,0,ROHAN DYES & INT.- CAMBAY,,Loading Point,
,,DEEPAK NITRITE LTD (HSD)-HYDERABAD,,Offloading Point,
ROHAN DYES & INT.- CAMBAY - - DEEPAK PHENOLICS LTD-DAHEJ,0,ROHAN DYES & INT.- CAMBAY,,Loading Point,
,,DEEPAK PHENOLICS LTD-DAHEJ,,Offloading Point,
ROHAN DYES & INT.- CAMBAY - - GACL-DAHEJ,0,ROHAN DYES & INT.- CAMBAY,,Loading Point,
,,GACL-DAHEJ,,Offloading Point,
ROHAN DYES & INT.- CAMBAY - - GACL-NALCO-BHARUCH,0,ROHAN DYES & INT.- CAMBAY,,Loading Point,
,,GACL-NALCO-BHARUCH,,Offloading Point,
"ROHAN DYES & INT.- CAMBAY - - GIL, VILAYAT",0,ROHAN DYES & INT.- CAMBAY,,Loading Point,
,,"GIL, VILAYAT",,Offloading Point,
"ROHAN DYES & INT.- CAMBAY - - GNFC,. BHARUCH",0,ROHAN DYES & INT.- CAMBAY,,Loading Point,
,,"GNFC,. BHARUCH",,Offloading Point,
ROHAN DYES & INT.- CAMBAY - - INDIAN PHOS LTD-UDAIPUR,0,ROHAN DYES & INT.- CAMBAY,,Loading Point,
,,INDIAN PHOS LTD-UDAIPUR,,Offloading Point,
ROHAN DYES & INT.- CAMBAY - - MOHAN POLY FEB-ANK,0,ROHAN DYES & INT.- CAMBAY,,Loading Point,
,,MOHAN POLY FEB-ANK,,Offloading Point,
ROHAN DYES & INT.- CAMBAY - - NAVDEEP CHEM PVT LTD-ANK,0,ROHAN DYES & INT.- CAMBAY,,Loading Point,
,,NAVDEEP CHEM PVT LTD-ANK,,Offloading Point,
ROHAN DYES & INT.- CAMBAY - - R K SYNTHESIS LTD-SAYAKHA,0,ROHAN DYES & INT.- CAMBAY,,Loading Point,
,,R K SYNTHESIS LTD-SAYAKHA,,Offloading Point,
ROHAN DYES & INT.- CAMBAY - - RALLIS INDIA LTD-DAHEJ,0,ROHAN DYES & INT.- CAMBAY,,Loading Point,
,,RALLIS INDIA LTD-DAHEJ,,Offloading Point,
ROHAN DYES & INT.- CAMBAY - - RIL-HAZIRA-SURAT,0,ROHAN DYES & INT.- CAMBAY,,Loading Point,
,,RIL-HAZIRA-SURAT,,Offloading Point,
ROHAN DYES & INT.- CAMBAY - - RUBAMIN-NANDESARI,0,ROHAN DYES & INT.- CAMBAY,,Loading Point,
,,RUBAMIN-NANDESARI,,Offloading Point,
ROHAN DYES & INT.- CAMBAY - - SHRIRAM ALKALI & CHEM-JHAGADIA,0,ROHAN DYES & INT.- CAMBAY,,Loading Point,
,,SHRIRAM ALKALI & CHEM-JHAGADIA,,Offloading Point,
ROHAN DYES & INT.- CAMBAY - - SRF-DAHEJ,0,ROHAN DYES & INT.- CAMBAY,,Loading Point,
,,SRF-DAHEJ,,Offloading Point,
ROHAN DYES & INT.- CAMBAY - - TRENT CHEM IND -MEGHNAGAR,0,ROHAN DYES & INT.- CAMBAY,,Loading Point,
,,TRENT CHEM IND -MEGHNAGAR,,Offloading Point,
ROHAN DYES & INT.- CAMBAY - - UI VR PRIVATE LTD.-AHMEDABAD,0,ROHAN DYES & INT.- CAMBAY,,Loading Point,
,,UI VR PRIVATE LTD.-AHMEDABAD,,Offloading Point,
ROHAN DYES & INT.- CAMBAY - - VISMITA INDUSTRIES-DAHEJ,0,ROHAN DYES & INT.- CAMBAY,,Loading Point,
,,VISMITA INDUSTRIES-DAHEJ,,Offloading Point,
ROHAN DYES-UNIT-1-KHAMBAT - - DNL-HYDRABAD,0,ROHAN DYES-UNIT-1-KHAMBAT,,Loading Point,
,,DNL-HYDRABAD,,Offloading Point,
RSPL LIMITED-RAIPUR UNIT - - BASANT AGRO-JALGOAN,0,RSPL LIMITED-RAIPUR UNIT,,Loading Point,
,,BASANT AGRO-JALGOAN,,Offloading Point,
"RSPL LIMITED-RAIPUR UNIT - - R.M.PHOSPHATE,DHULIA",0,RSPL LIMITED-RAIPUR UNIT,,Loading Point,
,,"R.M.PHOSPHATE,DHULIA",,Offloading Point,
RSPL. LTD-ROURKEE - - BASANT AGRO-AKOLA,0,RSPL. LTD-ROURKEE,,Loading Point,
,,BASANT AGRO-AKOLA,,Offloading Point,
RSPL. LTD-ROURKEE - - JALGOAN,0,RSPL. LTD-ROURKEE,,Loading Point,
,,JALGOAN,,Offloading Point,
"RSPL-AURANGABAD - - R.M.PHOSPHATE,DHULIA",0,RSPL-AURANGABAD,,Loading Point,
,,"R.M.PHOSPHATE,DHULIA",,Offloading Point,
RUCHI PETRO PLAST-DAHEJ - - CRYSTAL COLOURCHEM-SAYKHA,0,RUCHI PETRO PLAST-DAHEJ,,Loading Point,
,,CRYSTAL COLOURCHEM-SAYKHA,,Offloading Point,
RUCHI PETRO PLAST-DAHEJ - - HEMANI CHEMI ORG-VAPI,0,RUCHI PETRO PLAST-DAHEJ,,Loading Point,
,,HEMANI CHEMI ORG-VAPI,,Offloading Point,
"RUCHI PETRO PLAST-DAHEJ - - MADHU SIL,BHAVNAGAR",0,RUCHI PETRO PLAST-DAHEJ,,Loading Point,
,,"MADHU SIL,BHAVNAGAR",,Offloading Point,
"RUCHI PETRO PLAST-DAHEJ - - PANOLI INT , NANDESARI",0,RUCHI PETRO PLAST-DAHEJ,,Loading Point,
,,"PANOLI INT , NANDESARI",,Offloading Point,
RUCHI PETRO PLAST-DAHEJ - - SHREEJI LIQUID STORAGE TERMINAL-KANDLA,0,RUCHI PETRO PLAST-DAHEJ,,Loading Point,
,,SHREEJI LIQUID STORAGE TERMINAL-KANDLA,,Offloading Point,
RUCHI PETRO PLAST-DAHEJ - - VAPI,0,RUCHI PETRO PLAST-DAHEJ,,Loading Point,
,,VAPI,,Offloading Point,
RUCHI SOYA-HALDIA - - GODHREJ CONSUMER PRODUCTS-MALANPUR(M.P),0,RUCHI SOYA-HALDIA,,Loading Point,
,,GODHREJ CONSUMER PRODUCTS-MALANPUR(M.P),,Offloading Point,
RUCHI-DAHEJ - - BHARAT RASAYAN-DAHEJ,0,RUCHI-DAHEJ,,Loading Point,
,,BHARAT RASAYAN-DAHEJ,,Offloading Point,
S . B CHEMICALS-VAPI - - HZL-DARIBA,0,S . B CHEMICALS-VAPI,,Loading Point,
,,HZL-DARIBA,,Offloading Point,
S.G.CHEMTEX-JODHPUR - - HZL-DEBARI,0,S.G.CHEMTEX-JODHPUR,,Loading Point,
,,HZL-DEBARI,,Offloading Point,
SADHANA NITRO CHEM-ROHA - - SHREE HARI CHEMICAL-KHAMBAT,0,SADHANA NITRO CHEM-ROHA,,Loading Point,
,,SHREE HARI CHEMICAL-KHAMBAT,,Offloading Point,
SAI FERTILIZERS & PHOS-AMBERNATH (M.H.) - - RMJ VERITABLE PRODUCT-DHULE,0,SAI FERTILIZERS & PHOS-AMBERNATH (M.H.),,Loading Point,
,,RMJ VERITABLE PRODUCT-DHULE,,Offloading Point,
SAI SULPHONATES PVT LTD-MEDINAPUR - - DARA CHEMICAL-HISSAR,0,SAI SULPHONATES PVT LTD-MEDINAPUR,,Loading Point,
,,DARA CHEMICAL-HISSAR,,Offloading Point,
SAI SULPHONATES PVT LTD-MEDINAPUR - - R.M. CHEMICALS-DHULE,0,SAI SULPHONATES PVT LTD-MEDINAPUR,,Loading Point,
,,R.M. CHEMICALS-DHULE,,Offloading Point,
SAI SULPHONATES PVT LTD-MEDINAPUR - - RAIPUR,0,SAI SULPHONATES PVT LTD-MEDINAPUR,,Loading Point,
,,RAIPUR,,Offloading Point,
SAI SULPHONATES PVT LTD-MEDINAPUR - - SHRI JAGDAMBA UDYOG-RAIPUR,0,SAI SULPHONATES PVT LTD-MEDINAPUR,,Loading Point,
,,SHRI JAGDAMBA UDYOG-RAIPUR,,Offloading Point,
SAI SULPHONATES PVT LTD-MEDINAPUR - - UNLIEVER INDIA LTD-SUMERPUR,0,SAI SULPHONATES PVT LTD-MEDINAPUR,,Loading Point,
,,UNLIEVER INDIA LTD-SUMERPUR,,Offloading Point,
"SANAND - - SHANTI AGRO,NAVSARI",0,SANAND,,Loading Point,
,,"SHANTI AGRO,NAVSARI",,Offloading Point,
"SATYAM ENT,.UDAIPUR - - B.ROSHANLAL CHEMICALS(M.P.)",0,"SATYAM ENT,.UDAIPUR",,Loading Point,
,,B.ROSHANLAL CHEMICALS(M.P.),,Offloading Point,
"SATYAM ENT,.UDAIPUR - - M.BHARAT MEGHNAGAR",0,"SATYAM ENT,.UDAIPUR",,Loading Point,
,,M.BHARAT MEGHNAGAR,,Offloading Point,
SEAHAWK AGRO (P) LTD-AURANGABAD-BIHAR - - B.R.AGRO (P) LTD-BANMORE-(M.P.),0,SEAHAWK AGRO (P) LTD-AURANGABAD-BIHAR,,Loading Point,
,,B.R.AGRO (P) LTD-BANMORE-(M.P.),,Offloading Point,
SELF - - D.F.P.C.L.-DAHEJ,0,SELF,,Loading Point,
,,D.F.P.C.L.-DAHEJ,,Offloading Point,
SGF IND.PVT LTD-HOOGHLY - - GODHREJ CONSUMER PRODUCTS-MALANPUR(M.P),0,SGF IND.PVT LTD-HOOGHLY,,Loading Point,
,,GODHREJ CONSUMER PRODUCTS-MALANPUR(M.P),,Offloading Point,
SHAH INDUSTRIES-ANAND - - ARIHANT AGRO IND-KANDLA,0,SHAH INDUSTRIES-ANAND,,Loading Point,
,,ARIHANT AGRO IND-KANDLA,,Offloading Point,
SHAH INDUSTRIES-ANAND - - CHOUDHARY INDUSTRIES-JAIPUR,0,SHAH INDUSTRIES-ANAND,,Loading Point,
,,CHOUDHARY INDUSTRIES-JAIPUR,,Offloading Point,
SHAH INDUSTRIES-ANAND - - GRASSROOTS CLEANTECH-KANDLA,0,SHAH INDUSTRIES-ANAND,,Loading Point,
,,GRASSROOTS CLEANTECH-KANDLA,,Offloading Point,
SHAH INDUSTRIES-ANAND - - MSG PETROLEUM PRODT-KANPUR,0,SHAH INDUSTRIES-ANAND,,Loading Point,
,,MSG PETROLEUM PRODT-KANPUR,,Offloading Point,
SHAH INDUSTRIES-ANAND - - NAKODA PARSHWANATH-KANDLA,0,SHAH INDUSTRIES-ANAND,,Loading Point,
,,NAKODA PARSHWANATH-KANDLA,,Offloading Point,
"SHANTI AGRO,NAVSARI - - MEHSANA",0,"SHANTI AGRO,NAVSARI",,Loading Point,
,,MEHSANA,,Offloading Point,
"SHANTI AGRO,NAVSARI - - NEO CHEM-GOZARIYA",0,"SHANTI AGRO,NAVSARI",,Loading Point,
,,NEO CHEM-GOZARIYA,,Offloading Point,
SHANTI INORGO-AMD - - ACCIPL-AHMEDNAGAR,0,SHANTI INORGO-AMD,,Loading Point,
,,ACCIPL-AHMEDNAGAR,,Offloading Point,
SHANTI INORGO-AMD - - ALVIN CARAMEL COLOUR-AHMEDNAGAR,0,SHANTI INORGO-AMD,,Loading Point,
,,ALVIN CARAMEL COLOUR-AHMEDNAGAR,,Offloading Point,
SHIVANGI IOL PVT LTD-BILASPURA(C.G) - - FAIRCHEM ORGANICS LTD-SANAND,0,SHIVANGI IOL PVT LTD-BILASPURA(C.G),,Loading Point,
,,FAIRCHEM ORGANICS LTD-SANAND,,Offloading Point,
SHRADDHA ENERGY & INFRA PVT LTD - - J.N.P.T-MUMBAI,0,SHRADDHA ENERGY & INFRA PVT LTD-JALNA,,Loading Point,
,,J.N.P.T-MUMBAI,,Offloading Point,
SHRADDHA ENERGY & INFRA PVT LTD-JALNA - - J.N.P.T-MUMBAI,0,SHRADDHA ENERGY & INFRA PVT LTD-JALNA,,Loading Point,
,,J.N.P.T-MUMBAI,,Offloading Point,
"SHREE BALAJI AGRO-HARYANA - - SABAR DAIRY,HIMMATNAGAR",0,SHREE BALAJI AGRO-HARYANA,,Loading Point,
,,"SABAR DAIRY,HIMMATNAGAR",,Offloading Point,
SHREE BALAJI AGRO-HARYANA - - SHREE MAHAKALI FEED-SABARKANTHA,0,SHREE BALAJI AGRO-HARYANA,,Loading Point,
,,SHREE MAHAKALI FEED-SABARKANTHA,,Offloading Point,
SHREE CEMENT LTD-BEAWAR - - HZL-DARIBA,0,SHREE CEMENT LTD-BEAWAR,,Loading Point,
,,HZL-DARIBA,,Offloading Point,
SHREE CEMENT LTD-BEAWAR - - HZL-DEBARI,0,SHREE CEMENT LTD-BEAWAR,,Loading Point,
,,HZL-DEBARI,,Offloading Point,
SHREE CEMENT-RAIPUR - - UPL LTD-JHAGADIA,0,SHREE CEMENT-RAIPUR,,Loading Point,
,,UPL LTD-JHAGADIA,,Offloading Point,
"SHREE GAYATRI CHEM-PANOLI - - R.M.PHOSPHATE,DHULIA",0,SHREE GAYATRI CHEM-PANOLI,,Loading Point,
,,"R.M.PHOSPHATE,DHULIA",,Offloading Point,
SHREE KRISHNA SOLVENT (C.G.) - - FAIRCHEM ORGANICS LTD-SANAND,0,SHREE KRISHNA SOLVENT (C.G.),,Loading Point,
,,FAIRCHEM ORGANICS LTD-SANAND,,Offloading Point,
SHREE KRISHNA SOLVENT (C.G.) - - R.S.INDUSTRIES-MORENA,0,SHREE KRISHNA SOLVENT (C.G.),,Loading Point,
,,R.S.INDUSTRIES-MORENA,,Offloading Point,
SHREE MAHESH OIL REFINERY-INDORE - - FAIRCHEM ORGANICS LTD-SANAND,0,SHREE MAHESH OIL REFINERY-INDORE,,Loading Point,
,,FAIRCHEM ORGANICS LTD-SANAND,,Offloading Point,
SHREE NIDHI OIL & FOODS-DEWAS - - SKRETTING AQUACULTURE-SURAT,0,SHREE NIDHI OIL & FOODS-DEWAS,,Loading Point,
,,SKRETTING AQUACULTURE-SURAT,,Offloading Point,
SHREE SHIV AGRO - - SHIV GLOBAL IND-NANDED,0,SHREE SHIV AGRO,,Loading Point,
,,SHIV GLOBAL IND-NANDED,,Offloading Point,
SHREE SHIV AGRO-BARODA - - SHIVAM PRODUCTS-ANK,0,SHREE SHIV AGRO-BARODA,,Loading Point,
,,SHIVAM PRODUCTS-ANK,,Offloading Point,
SHREE SHYAM CHEMICALS-BHILAI - - CONTINENTAL CARBON ECO -DAHEJ,0,SHREE SHYAM CHEMICALS-BHILAI,,Loading Point,
,,CONTINENTAL CARBON ECO -DAHEJ,,Offloading Point,
SHREE SHYAM UDYOG-JAMSHEDPUR - - ADITYA IND-JAIPUR,0,SHREE SHYAM UDYOG-JAMSHEDPUR,,Loading Point,
,,ADITYA IND-JAIPUR,,Offloading Point,
SHREE SHYAM UDYOG-JAMSHEDPUR - - EIGHT BROTHER SALES-JAIPUR,0,SHREE SHYAM UDYOG-JAMSHEDPUR,,Loading Point,
,,EIGHT BROTHER SALES-JAIPUR,,Offloading Point,
SHREE SHYAM UDYOG-JAMSHEDPUR - - SIDHARTH TRADING CO-JAIPUR,0,SHREE SHYAM UDYOG-JAMSHEDPUR,,Loading Point,
,,SIDHARTH TRADING CO-JAIPUR,,Offloading Point,
SHREE SULPHURIC PVT LTD-BHARUCH - - KCIL-GANDHAIDHAM,0,SHREE SULPHURIC PVT LTD-BHARUCH,,Loading Point,
,,KCIL-GANDHAIDHAM,,Offloading Point,
SHREE SULPHURIC PVT LTD-BHARUCH - - SHREEJI LIQUID STORAGE TERMINAL-KANDLA,0,SHREE SULPHURIC PVT LTD-BHARUCH,,Loading Point,
,,SHREEJI LIQUID STORAGE TERMINAL-KANDLA,,Offloading Point,
SHREE UDYOG-KANPUR - - ANAND ROTOGRAVURES-BAREILLY,0,SHREE UDYOG-KANPUR,,Loading Point,
,,ANAND ROTOGRAVURES-BAREILLY,,Offloading Point,
SHREEJI LIQUID STORAGE TERMINAL-KANDLA - - A.R.BHANDARI-INDORE,0,SHREEJI LIQUID STORAGE TERMINAL-KANDLA,,Loading Point,
,,A.R.BHANDARI-INDORE,,Offloading Point,
SHREEJI LIQUID STORAGE TERMINAL-KANDLA - - AANJANEY ENT-ALIGARH (U.P.),0,SHREEJI LIQUID STORAGE TERMINAL-KANDLA,,Loading Point,
,,AANJANEY ENT-ALIGARH (U.P.),,Offloading Point,
SHREEJI LIQUID STORAGE TERMINAL-KANDLA - - AAP CHEM-SAYAKHA-BHARUCH,0,SHREEJI LIQUID STORAGE TERMINAL-KANDLA,,Loading Point,
,,AAP CHEM-SAYAKHA-BHARUCH,,Offloading Point,
SHREEJI LIQUID STORAGE TERMINAL-KANDLA - - ABHISHEK ACID & CHEM-BHILWARA,0,SHREEJI LIQUID STORAGE TERMINAL-KANDLA,,Loading Point,
,,ABHISHEK ACID & CHEM-BHILWARA,,Offloading Point,
SHREEJI LIQUID STORAGE TERMINAL-KANDLA - - ACETOCHEM-SURAT,0,SHREEJI LIQUID STORAGE TERMINAL-KANDLA,,Loading Point,
,,ACETOCHEM-SURAT,,Offloading Point,
SHREEJI LIQUID STORAGE TERMINAL-KANDLA - - ACTIVE CARGO & ALLIED-MUNDRA,0,SHREEJI LIQUID STORAGE TERMINAL-KANDLA,,Loading Point,
,,ACTIVE CARGO & ALLIED-MUNDRA,,Offloading Point,
SHREEJI LIQUID STORAGE TERMINAL-KANDLA - - AKSHAY CHEMICALS-ANK,0,SHREEJI LIQUID STORAGE TERMINAL-KANDLA,,Loading Point,
,,AKSHAY CHEMICALS-ANK,,Offloading Point,
SHREEJI LIQUID STORAGE TERMINAL-KANDLA - - AKSHAY CHEMIX-PADRA,0,SHREEJI LIQUID STORAGE TERMINAL-KANDLA,,Loading Point,
,,AKSHAY CHEMIX-PADRA,,Offloading Point,
SHREEJI LIQUID STORAGE TERMINAL-KANDLA - - ANKLESHWAR,0,SHREEJI LIQUID STORAGE TERMINAL-KANDLA,,Loading Point,
,,ANKLESHWAR,,Offloading Point,
SHREEJI LIQUID STORAGE TERMINAL-KANDLA - - ARAVALI CHEMICAL-ALWAR,0,SHREEJI LIQUID STORAGE TERMINAL-KANDLA,,Loading Point,
,,ARAVALI CHEMICAL-ALWAR,,Offloading Point,
SHREEJI LIQUID STORAGE TERMINAL-KANDLA - - ARKON INDUSTRIES-VADODARA,0,SHREEJI LIQUID STORAGE TERMINAL-KANDLA,,Loading Point,
,,ARKON INDUSTRIES-VADODARA,,Offloading Point,
SHREEJI LIQUID STORAGE TERMINAL-KANDLA - - AROMATICS INDIA PVT LTD-UDAIPUR,0,SHREEJI LIQUID STORAGE TERMINAL-KANDLA,,Loading Point,
,,AROMATICS INDIA PVT LTD-UDAIPUR,,Offloading Point,
SHREEJI LIQUID STORAGE TERMINAL-KANDLA - - ATUL CHEMICAL & PHARMA-MORADABAD,0,SHREEJI LIQUID STORAGE TERMINAL-KANDLA,,Loading Point,
,,ATUL CHEMICAL & PHARMA-MORADABAD,,Offloading Point,
SHREEJI LIQUID STORAGE TERMINAL-KANDLA - - BARNALA-PUNJAB,0,SHREEJI LIQUID STORAGE TERMINAL-KANDLA,,Loading Point,
,,BARNALA-PUNJAB,,Offloading Point,
SHREEJI LIQUID STORAGE TERMINAL-KANDLA - - BHAGERIA IND LIMITED-TARAPUR,0,SHREEJI LIQUID STORAGE TERMINAL-KANDLA,,Loading Point,
,,BHAGERIA IND LIMITED-TARAPUR,,Offloading Point,
SHREEJI LIQUID STORAGE TERMINAL-KANDLA - - BHILWARA.,0,SHREEJI LIQUID STORAGE TERMINAL-KANDLA,,Loading Point,
,,BHILWARA.,,Offloading Point,
SHREEJI LIQUID STORAGE TERMINAL-KANDLA - - BIC CHEM & PACKING-TARAPUR,0,SHREEJI LIQUID STORAGE TERMINAL-KANDLA,,Loading Point,
,,BIC CHEM & PACKING-TARAPUR,,Offloading Point,
SHREEJI LIQUID STORAGE TERMINAL-KANDLA - - CHEMICAL ENTERPRISES-AKALTARA,0,SHREEJI LIQUID STORAGE TERMINAL-KANDLA,,Loading Point,
,,CHEMICAL ENTERPRISES-AKALTARA,,Offloading Point,
SHREEJI LIQUID STORAGE TERMINAL-KANDLA - - CHROMENI STEEL-KUTCH,0,SHREEJI LIQUID STORAGE TERMINAL-KANDLA,,Loading Point,
,,CHROMENI STEEL-KUTCH,,Offloading Point,
SHREEJI LIQUID STORAGE TERMINAL-KANDLA - - CRG IND.PVT.LTD-ROURKELA,0,SHREEJI LIQUID STORAGE TERMINAL-KANDLA,,Loading Point,
,,CRG IND.PVT.LTD-ROURKELA,,Offloading Point,
SHREEJI LIQUID STORAGE TERMINAL-KANDLA - - D.F.P.C.L.-DAHEJ,0,SHREEJI LIQUID STORAGE TERMINAL-KANDLA,,Loading Point,
,,D.F.P.C.L.-DAHEJ,,Offloading Point,
SHREEJI LIQUID STORAGE TERMINAL-KANDLA - - D.F.P.C.L.-TALOJA,0,SHREEJI LIQUID STORAGE TERMINAL-KANDLA,,Loading Point,
,,D.F.P.C.L.-TALOJA,,Offloading Point,
SHREEJI LIQUID STORAGE TERMINAL-KANDLA - - DAHEJ,0,SHREEJI LIQUID STORAGE TERMINAL-KANDLA,,Loading Point,
,,DAHEJ,,Offloading Point,
SHREEJI LIQUID STORAGE TERMINAL-KANDLA - - DEEPAK CHEM TECH-NANDESARI,0,SHREEJI LIQUID STORAGE TERMINAL-KANDLA,,Loading Point,
,,DEEPAK CHEM TECH-NANDESARI,,Offloading Point,
SHREEJI LIQUID STORAGE TERMINAL-KANDLA - - DEEPAK METALS AND CHEM-BHIWADI,0,SHREEJI LIQUID STORAGE TERMINAL-KANDLA,,Loading Point,
,,DEEPAK METALS AND CHEM-BHIWADI,,Offloading Point,
"SHREEJI LIQUID STORAGE TERMINAL-KANDLA - - DEEPAK NIT, NANDESARI",0,SHREEJI LIQUID STORAGE TERMINAL-KANDLA,,Loading Point,
,,"DEEPAK NIT, NANDESARI",,Offloading Point,
SHREEJI LIQUID STORAGE TERMINAL-KANDLA - - DEEPAKNIT/DEEPACK CHEM-NANDESARI,0,SHREEJI LIQUID STORAGE TERMINAL-KANDLA,,Loading Point,
,,DEEPAKNIT/DEEPACK CHEM-NANDESARI,,Offloading Point,
SHREEJI LIQUID STORAGE TERMINAL-KANDLA - - EXPEDE-TECH RESERCH & DEVELOPMENT-NAYA-KHEDA,0,SHREEJI LIQUID STORAGE TERMINAL-KANDLA,,Loading Point,
,,EXPEDE-TECH RESERCH & DEVELOPMENT-NAYA-KHEDA,,Offloading Point,
SHREEJI LIQUID STORAGE TERMINAL-KANDLA - - GODHREJ CONSUMER PRODUCTS-MALANPUR(M.P),0,SHREEJI LIQUID STORAGE TERMINAL-KANDLA,,Loading Point,
,,GODHREJ CONSUMER PRODUCTS-MALANPUR(M.P),,Offloading Point,
SHREEJI LIQUID STORAGE TERMINAL-KANDLA - - GUJRAT BORON-HALOL,0,SHREEJI LIQUID STORAGE TERMINAL-KANDLA,,Loading Point,
,,GUJRAT BORON-HALOL,,Offloading Point,
SHREEJI LIQUID STORAGE TERMINAL-KANDLA - - HARIOM ACID & CHEM-AHMEDABAD,0,SHREEJI LIQUID STORAGE TERMINAL-KANDLA,,Loading Point,
,,HARIOM ACID & CHEM-AHMEDABAD,,Offloading Point,
SHREEJI LIQUID STORAGE TERMINAL-KANDLA - - HIND CHEMICALS-MUMBAI,0,SHREEJI LIQUID STORAGE TERMINAL-KANDLA,,Loading Point,
,,HIND CHEMICALS-MUMBAI,,Offloading Point,
SHREEJI LIQUID STORAGE TERMINAL-KANDLA - - HRSU INDORE PVT LTD-SHAJAPUR,0,SHREEJI LIQUID STORAGE TERMINAL-KANDLA,,Loading Point,
,,HRSU INDORE PVT LTD-SHAJAPUR,,Offloading Point,
SHREEJI LIQUID STORAGE TERMINAL-KANDLA - - HVG LOGISTICS PVT-24 PARGANAS-(W.B.),0,SHREEJI LIQUID STORAGE TERMINAL-KANDLA,,Loading Point,
,,HVG LOGISTICS PVT-24 PARGANAS-(W.B.),,Offloading Point,
SHREEJI LIQUID STORAGE TERMINAL-KANDLA - - INDIAN OXALATE LTD-RATNAGIRI,0,SHREEJI LIQUID STORAGE TERMINAL-KANDLA,,Loading Point,
,,INDIAN OXALATE LTD-RATNAGIRI,,Offloading Point,
SHREEJI LIQUID STORAGE TERMINAL-KANDLA - - IOL CHEMICALS & PHARMA-FATEGARH (PUNJAB),0,SHREEJI LIQUID STORAGE TERMINAL-KANDLA,,Loading Point,
,,IOL CHEMICALS & PHARMA-FATEGARH (PUNJAB),,Offloading Point,
SHREEJI LIQUID STORAGE TERMINAL-KANDLA - - JAY PROCESS-ANKLESHWAR,0,SHREEJI LIQUID STORAGE TERMINAL-KANDLA,,Loading Point,
,,JAY PROCESS-ANKLESHWAR,,Offloading Point,
SHREEJI LIQUID STORAGE TERMINAL-KANDLA - - JINDAL STAILESS-HISAR,0,SHREEJI LIQUID STORAGE TERMINAL-KANDLA,,Loading Point,
,,JINDAL STAILESS-HISAR,,Offloading Point,
SHREEJI LIQUID STORAGE TERMINAL-KANDLA - - JINDALSTAINLESS LTD-ODISHA,0,SHREEJI LIQUID STORAGE TERMINAL-KANDLA,,Loading Point,
,,JINDALSTAINLESS LTD-ODISHA,,Offloading Point,
SHREEJI LIQUID STORAGE TERMINAL-KANDLA - - KAKADIYA CHEM-ANK,0,SHREEJI LIQUID STORAGE TERMINAL-KANDLA,,Loading Point,
,,KAKADIYA CHEM-ANK,,Offloading Point,
SHREEJI LIQUID STORAGE TERMINAL-KANDLA - - KAKDIYA-ANK/MANGALMURTI-MANGROL,0,SHREEJI LIQUID STORAGE TERMINAL-KANDLA,,Loading Point,
,,KAKDIYA-ANK/MANGALMURTI-MANGROL,,Offloading Point,
SHREEJI LIQUID STORAGE TERMINAL-KANDLA - - KAYRPEE VANIJYA PVT LTD - BASKA,0,SHREEJI LIQUID STORAGE TERMINAL-KANDLA,,Loading Point,
,,KAYRPEE VANIJYA PVT LTD - BASKA,,Offloading Point,
SHREEJI LIQUID STORAGE TERMINAL-KANDLA - - KAYRPEE VANIJYA-HALOL,0,SHREEJI LIQUID STORAGE TERMINAL-KANDLA,,Loading Point,
,,KAYRPEE VANIJYA-HALOL,,Offloading Point,
SHREEJI LIQUID STORAGE TERMINAL-KANDLA - - KCIL-GANDHAIDHAM,0,SHREEJI LIQUID STORAGE TERMINAL-KANDLA,,Loading Point,
,,KCIL-GANDHAIDHAM,,Offloading Point,
SHREEJI LIQUID STORAGE TERMINAL-KANDLA - - KUTCH SPECIALILITES PVT LTD,0,SHREEJI LIQUID STORAGE TERMINAL-KANDLA,,Loading Point,
,,KUTCH SPECIALILITES PVT LTD,,Offloading Point,
SHREEJI LIQUID STORAGE TERMINAL-KANDLA - - KUTCH SPECIALITIES-KACHCHH,0,SHREEJI LIQUID STORAGE TERMINAL-KANDLA,,Loading Point,
,,KUTCH SPECIALITIES-KACHCHH,,Offloading Point,
SHREEJI LIQUID STORAGE TERMINAL-KANDLA - - LASONS INDIA PVT LTD-TALOJA,0,SHREEJI LIQUID STORAGE TERMINAL-KANDLA,,Loading Point,
,,LASONS INDIA PVT LTD-TALOJA,,Offloading Point,
SHREEJI LIQUID STORAGE TERMINAL-KANDLA - - MAHESHWARI ACID & CHEM-BHILWARA,0,SHREEJI LIQUID STORAGE TERMINAL-KANDLA,,Loading Point,
,,MAHESHWARI ACID & CHEM-BHILWARA,,Offloading Point,
SHREEJI LIQUID STORAGE TERMINAL-KANDLA - - MAHESHWARI ENT-ALIGARH,0,SHREEJI LIQUID STORAGE TERMINAL-KANDLA,,Loading Point,
,,MAHESHWARI ENT-ALIGARH,,Offloading Point,
SHREEJI LIQUID STORAGE TERMINAL-KANDLA - - MICAS ORG.LTD-II-VAPI,0,SHREEJI LIQUID STORAGE TERMINAL-KANDLA,,Loading Point,
,,MICAS ORG.LTD-II-VAPI,,Offloading Point,
SHREEJI LIQUID STORAGE TERMINAL-KANDLA - - MULTICORP SPECIALTY-AMD,0,SHREEJI LIQUID STORAGE TERMINAL-KANDLA,,Loading Point,
,,MULTICORP SPECIALTY-AMD,,Offloading Point,
SHREEJI LIQUID STORAGE TERMINAL-KANDLA - - MUNDRA,0,SHREEJI LIQUID STORAGE TERMINAL-KANDLA,,Loading Point,
,,MUNDRA,,Offloading Point,
SHREEJI LIQUID STORAGE TERMINAL-KANDLA - - MUNISUVRAT FAB TEX-PALI,0,SHREEJI LIQUID STORAGE TERMINAL-KANDLA,,Loading Point,
,,MUNISUVRAT FAB TEX-PALI,,Offloading Point,
SHREEJI LIQUID STORAGE TERMINAL-KANDLA - - NAGPUR,0,SHREEJI LIQUID STORAGE TERMINAL-KANDLA,,Loading Point,
,,NAGPUR,,Offloading Point,
SHREEJI LIQUID STORAGE TERMINAL-KANDLA - - NATHDWARA CHEMICAL-AMRAVATI),0,SHREEJI LIQUID STORAGE TERMINAL-KANDLA,,Loading Point,
,,NATHDWARA CHEMICAL-AMRAVATI),,Offloading Point,
SHREEJI LIQUID STORAGE TERMINAL-KANDLA - - NEW INDIA ACID-BHARUCH,0,SHREEJI LIQUID STORAGE TERMINAL-KANDLA,,Loading Point,
,,NEW INDIA ACID-BHARUCH,,Offloading Point,
SHREEJI LIQUID STORAGE TERMINAL-KANDLA - - NEW INDIA-NANDESARI,0,SHREEJI LIQUID STORAGE TERMINAL-KANDLA,,Loading Point,
,,NEW INDIA-NANDESARI,,Offloading Point,
SHREEJI LIQUID STORAGE TERMINAL-KANDLA - - NITREX CHEMICAL-JHAGADIA,0,SHREEJI LIQUID STORAGE TERMINAL-KANDLA,,Loading Point,
,,NITREX CHEMICAL-JHAGADIA,,Offloading Point,
SHREEJI LIQUID STORAGE TERMINAL-KANDLA - - NITROCHEM ENERGIES- (C.G.),0,SHREEJI LIQUID STORAGE TERMINAL-KANDLA,,Loading Point,
,,NITROCHEM ENERGIES- (C.G.),,Offloading Point,
"SHREEJI LIQUID STORAGE TERMINAL-KANDLA - - PANOLI INT , NANDESARI",0,SHREEJI LIQUID STORAGE TERMINAL-KANDLA,,Loading Point,
,,"PANOLI INT , NANDESARI",,Offloading Point,
SHREEJI LIQUID STORAGE TERMINAL-KANDLA - - PARISHRAM CHEMICALS-VAPI,0,SHREEJI LIQUID STORAGE TERMINAL-KANDLA,,Loading Point,
,,PARISHRAM CHEMICALS-VAPI,,Offloading Point,
SHREEJI LIQUID STORAGE TERMINAL-KANDLA - - PRABUDHA ENTERPRISES-ALIGARH,0,SHREEJI LIQUID STORAGE TERMINAL-KANDLA,,Loading Point,
,,PRABUDHA ENTERPRISES-ALIGARH,,Offloading Point,
SHREEJI LIQUID STORAGE TERMINAL-KANDLA - - RASAYAN UDYOG-DHANBAD,0,SHREEJI LIQUID STORAGE TERMINAL-KANDLA,,Loading Point,
,,RASAYAN UDYOG-DHANBAD,,Offloading Point,
SHREEJI LIQUID STORAGE TERMINAL-KANDLA - - RASAYAN UDYOG-SINGRAULI,0,SHREEJI LIQUID STORAGE TERMINAL-KANDLA,,Loading Point,
,,RASAYAN UDYOG-SINGRAULI,,Offloading Point,
SHREEJI LIQUID STORAGE TERMINAL-KANDLA - - RAVESHIA COLOUR -VAPI,0,SHREEJI LIQUID STORAGE TERMINAL-KANDLA,,Loading Point,
,,RAVESHIA COLOUR -VAPI,,Offloading Point,
SHREEJI LIQUID STORAGE TERMINAL-KANDLA - - RAVI CHEM IND-ANK,0,SHREEJI LIQUID STORAGE TERMINAL-KANDLA,,Loading Point,
,,RAVI CHEM IND-ANK,,Offloading Point,
SHREEJI LIQUID STORAGE TERMINAL-KANDLA - - RPM INTERNATIONAL-BHILWARA,0,SHREEJI LIQUID STORAGE TERMINAL-KANDLA,,Loading Point,
,,RPM INTERNATIONAL-BHILWARA,,Offloading Point,
SHREEJI LIQUID STORAGE TERMINAL-KANDLA - - RUCHI PETRO PLAST-DAHEJ,0,SHREEJI LIQUID STORAGE TERMINAL-KANDLA,,Loading Point,
,,RUCHI PETRO PLAST-DAHEJ,,Offloading Point,
SHREEJI LIQUID STORAGE TERMINAL-KANDLA - - RUDRAKSHA ALLIED CHEM PVT LTD-NAGPUR (M.H),0,SHREEJI LIQUID STORAGE TERMINAL-KANDLA,,Loading Point,
,,RUDRAKSHA ALLIED CHEM PVT LTD-NAGPUR (M.H),,Offloading Point,
SHREEJI LIQUID STORAGE TERMINAL-KANDLA - - SAINI CHEMICALS-ANKLESHWAR,0,SHREEJI LIQUID STORAGE TERMINAL-KANDLA,,Loading Point,
,,SAINI CHEMICALS-ANKLESHWAR,,Offloading Point,
SHREEJI LIQUID STORAGE TERMINAL-KANDLA - - SHALIBHADRA INTER-MUNDRA,0,SHREEJI LIQUID STORAGE TERMINAL-KANDLA,,Loading Point,
,,SHALIBHADRA INTER-MUNDRA,,Offloading Point,
SHREEJI LIQUID STORAGE TERMINAL-KANDLA - - SHANTANU CHEMICALS-(C.G.,0,SHREEJI LIQUID STORAGE TERMINAL-KANDLA,,Loading Point,
,,SHANTANU CHEMICALS-(C.G.,,Offloading Point,
SHREEJI LIQUID STORAGE TERMINAL-KANDLA - - SHARMA CHEMICAL-RAIPUR,0,SHREEJI LIQUID STORAGE TERMINAL-KANDLA,,Loading Point,
,,SHARMA CHEMICAL-RAIPUR,,Offloading Point,
SHREEJI LIQUID STORAGE TERMINAL-KANDLA - - SHIVAM NITRATE PVT LTD.-NAGPUR,0,SHREEJI LIQUID STORAGE TERMINAL-KANDLA,,Loading Point,
,,SHIVAM NITRATE PVT LTD.-NAGPUR,,Offloading Point,
SHREEJI LIQUID STORAGE TERMINAL-KANDLA - - SHREE CEMENT LTD-BEAWAR,0,SHREEJI LIQUID STORAGE TERMINAL-KANDLA,,Loading Point,
,,SHREE CEMENT LTD-BEAWAR,,Offloading Point,
SHREEJI LIQUID STORAGE TERMINAL-KANDLA - - SHREE KRISHNA EXP & ACCE-TIRUPAT,0,SHREEJI LIQUID STORAGE TERMINAL-KANDLA,,Loading Point,
,,SHREE KRISHNA EXP & ACCE-TIRUPAT,,Offloading Point,
SHREEJI LIQUID STORAGE TERMINAL-KANDLA - - SHREE PUSHKAR CHEM & FER LTD-LOTE,0,SHREEJI LIQUID STORAGE TERMINAL-KANDLA,,Loading Point,
,,SHREE PUSHKAR CHEM & FER LTD-LOTE,,Offloading Point,
SHREEJI LIQUID STORAGE TERMINAL-KANDLA - - SHREEJI INDUSTRIES-ANKLESHWAR,0,SHREEJI LIQUID STORAGE TERMINAL-KANDLA,,Loading Point,
,,SHREEJI INDUSTRIES-ANKLESHWAR,,Offloading Point,
SHREEJI LIQUID STORAGE TERMINAL-KANDLA - - SHRI TIRUPATI ENTERPRISES-ALIGARH,0,SHREEJI LIQUID STORAGE TERMINAL-KANDLA,,Loading Point,
,,SHRI TIRUPATI ENTERPRISES-ALIGARH,,Offloading Point,
SHREEJI LIQUID STORAGE TERMINAL-KANDLA - - SHRI KRISHNA ENT-ALIGARH,0,SHREEJI LIQUID STORAGE TERMINAL-KANDLA,,Loading Point,
,,SHRI KRISHNA ENT-ALIGARH,,Offloading Point,
SHREEJI LIQUID STORAGE TERMINAL-KANDLA - - SHRI KRISHNA ENT-JALESAR,0,SHREEJI LIQUID STORAGE TERMINAL-KANDLA,,Loading Point,
,,SHRI KRISHNA ENT-JALESAR,,Offloading Point,
SHREEJI LIQUID STORAGE TERMINAL-KANDLA - - SHRI TIRUPATI ENT-ALIGARH,0,SHREEJI LIQUID STORAGE TERMINAL-KANDLA,,Loading Point,
,,SHRI TIRUPATI ENT-ALIGARH,,Offloading Point,
SHREEJI LIQUID STORAGE TERMINAL-KANDLA - - SHYAM SEL & POWER LTD-PITHAMPUR,0,SHREEJI LIQUID STORAGE TERMINAL-KANDLA,,Loading Point,
,,SHYAM SEL & POWER LTD-PITHAMPUR,,Offloading Point,
SHREEJI LIQUID STORAGE TERMINAL-KANDLA - - SNIGDHA BASIC CHEM-INDORE,0,SHREEJI LIQUID STORAGE TERMINAL-KANDLA,,Loading Point,
,,SNIGDHA BASIC CHEM-INDORE,,Offloading Point,
SHREEJI LIQUID STORAGE TERMINAL-KANDLA - - SONA SYNTH.PRODUCTS-VAPI,0,SHREEJI LIQUID STORAGE TERMINAL-KANDLA,,Loading Point,
,,SONA SYNTH.PRODUCTS-VAPI,,Offloading Point,
SHREEJI LIQUID STORAGE TERMINAL-KANDLA - - SPECIAL BLASTS LTD-PIRDA,0,SHREEJI LIQUID STORAGE TERMINAL-KANDLA,,Loading Point,
,,SPECIAL BLASTS LTD-PIRDA,,Offloading Point,
SHREEJI LIQUID STORAGE TERMINAL-KANDLA - - SRF LTD BHIWADI,0,SHREEJI LIQUID STORAGE TERMINAL-KANDLA,,Loading Point,
,,SRF LTD BHIWADI,,Offloading Point,
SHREEJI LIQUID STORAGE TERMINAL-KANDLA - - STANDARD CHEMICAL-CHHATRAL,0,SHREEJI LIQUID STORAGE TERMINAL-KANDLA,,Loading Point,
,,STANDARD CHEMICAL-CHHATRAL,,Offloading Point,
SHREEJI LIQUID STORAGE TERMINAL-KANDLA - - STAR OXOCHEM-JHAGADIA,0,SHREEJI LIQUID STORAGE TERMINAL-KANDLA,,Loading Point,
,,STAR OXOCHEM-JHAGADIA,,Offloading Point,
SHREEJI LIQUID STORAGE TERMINAL-KANDLA - - SUKHA CHEMICALS IND UNIT-11-PANOLI,0,SHREEJI LIQUID STORAGE TERMINAL-KANDLA,,Loading Point,
,,SUKHA CHEMICALS IND UNIT-11-PANOLI,,Offloading Point,
SHREEJI LIQUID STORAGE TERMINAL-KANDLA - - SWIZZLIN CHEMICALS-ANK,0,SHREEJI LIQUID STORAGE TERMINAL-KANDLA,,Loading Point,
,,SWIZZLIN CHEMICALS-ANK,,Offloading Point,
SHREEJI LIQUID STORAGE TERMINAL-KANDLA - - TANAY INORGANIC PVT LTD-NAGPUR,0,SHREEJI LIQUID STORAGE TERMINAL-KANDLA,,Loading Point,
,,TANAY INORGANIC PVT LTD-NAGPUR,,Offloading Point,
SHREEJI LIQUID STORAGE TERMINAL-KANDLA - - TANAY INORGANICS PVT LTD-RAMAGUNDAM,0,SHREEJI LIQUID STORAGE TERMINAL-KANDLA,,Loading Point,
,,TANAY INORGANICS PVT LTD-RAMAGUNDAM,,Offloading Point,
SHREEJI LIQUID STORAGE TERMINAL-KANDLA - - TEXCHEME ENTERPRISES-COIMBATORE,0,SHREEJI LIQUID STORAGE TERMINAL-KANDLA,,Loading Point,
,,TEXCHEME ENTERPRISES-COIMBATORE,,Offloading Point,
SHREEJI LIQUID STORAGE TERMINAL-KANDLA - - UDAIPUR UNIT,0,SHREEJI LIQUID STORAGE TERMINAL-KANDLA,,Loading Point,
,,UDAIPUR UNIT,,Offloading Point,
SHREEJI LIQUID STORAGE TERMINAL-KANDLA - - UNITED ACID & CHEMICAL-BANGLORE,0,SHREEJI LIQUID STORAGE TERMINAL-KANDLA,,Loading Point,
,,UNITED ACID & CHEMICAL-BANGLORE,,Offloading Point,
SHREEJI LIQUID STORAGE TERMINAL-KANDLA - - VESTRO SOLVENTS PVT LTD,0,SHREEJI LIQUID STORAGE TERMINAL-KANDLA,,Loading Point,
,,VESTRO SOLVENTS PVT LTD,,Offloading Point,
SHREEJI LIQUID STORAGE TERMINAL-KANDLA - - VOXCO PIGMENTS & CHEM-VAPI,0,SHREEJI LIQUID STORAGE TERMINAL-KANDLA,,Loading Point,
,,VOXCO PIGMENTS & CHEM-VAPI,,Offloading Point,
SHREEJI LIQUID STORAGE TERMINAL-KANDLA - - VSR ENT-ALIGADG-(U.P),0,SHREEJI LIQUID STORAGE TERMINAL-KANDLA,,Loading Point,
,,VSR ENT-ALIGADG-(U.P),,Offloading Point,
SHREEJI LIQUID STORAGE TERMINAL-KANDLA - - WESTERN DRUGS LTD-UDAIPUR,0,SHREEJI LIQUID STORAGE TERMINAL-KANDLA,,Loading Point,
,,WESTERN DRUGS LTD-UDAIPUR,,Offloading Point,
SHREEKAMAL OIL IND-WARDHA(M.H.) - - AKSHAR CHEM INDIA-MEHSANA,0,SHREEKAMAL OIL IND-WARDHA(M.H.),,Loading Point,
,,AKSHAR CHEM INDIA-MEHSANA,,Offloading Point,
SHRI SHANTI SOLEX -MORENA (M.P) - - BANSAL EXTRACTION EXP-MANDIDEEP (M.P),0,SHRI SHANTI SOLEX -MORENA (M.P),,Loading Point,
,,BANSAL EXTRACTION EXP-MANDIDEEP (M.P),,Offloading Point,
SHRIKA KULAM A.P - - CHEMICAL ENTERPRIES C.G.,0,SHRIKA KULAM A.P,,Loading Point,
,,CHEMICAL ENTERPRIES C.G.,,Offloading Point,
SHRIKA KULAM A.P - - CHEMICAL ENTERPRISES-AKALTARA,0,SHRIKA KULAM A.P,,Loading Point,
,,CHEMICAL ENTERPRISES-AKALTARA,,Offloading Point,
SHRIRAM ALKALI & CHEM-JHAGADIA - - ADANI HAZIRA-SURAT,0,SHRIRAM ALKALI & CHEM-JHAGADIA,,Loading Point,
,,ADANI HAZIRA-SURAT,,Offloading Point,
SHRIRAM ALKALI & CHEM-JHAGADIA - - HARSH CHEMICALS-BALOTRA,0,SHRIRAM ALKALI & CHEM-JHAGADIA,,Loading Point,
,,HARSH CHEMICALS-BALOTRA,,Offloading Point,
SHRIRAM ALKALI & CHEM-JHAGADIA - - KESHAV ENTERPRISES-LUDHIANA,0,SHRIRAM ALKALI & CHEM-JHAGADIA,,Loading Point,
,,KESHAV ENTERPRISES-LUDHIANA,,Offloading Point,
SHRIRAM ALKALI & CHEM-JHAGADIA - - MOTI COLOUR CO-BALOTRA,0,SHRIRAM ALKALI & CHEM-JHAGADIA,,Loading Point,
,,MOTI COLOUR CO-BALOTRA,,Offloading Point,
SHRIRAM ALKALI & CHEM-JHAGADIA - - SONA PROCESSORS-BHILWARA,0,SHRIRAM ALKALI & CHEM-JHAGADIA,,Loading Point,
,,SONA PROCESSORS-BHILWARA,,Offloading Point,
SHRIRAM ALKALI & CHEM-JHAGADIA - - SONA SELECTION-BHILWARA,0,SHRIRAM ALKALI & CHEM-JHAGADIA,,Loading Point,
,,SONA SELECTION-BHILWARA,,Offloading Point,
SHRIRAM ALKALI & CHEM-JHAGADIA - - VIKASH ACID-BHILWARA,0,SHRIRAM ALKALI & CHEM-JHAGADIA,,Loading Point,
,,VIKASH ACID-BHILWARA,,Offloading Point,
SHRIRAM RAYONS-KOTA - - KANPUR,0,SHRIRAM RAYONS-KOTA,,Loading Point,
,,KANPUR,,Offloading Point,
SHRIRAM VINYL & CHEMICAL-KOTA - - BEEAM IND. PVT. LTD.-HARIDWAR,0,SHRIRAM VINYL & CHEMICAL-KOTA,,Loading Point,
,,BEEAM IND. PVT. LTD.-HARIDWAR,,Offloading Point,
SHRIRAM VINYL & CHEMICAL-KOTA - - HARSH CHEMICALS-BALOTRA,0,SHRIRAM VINYL & CHEMICAL-KOTA,,Loading Point,
,,HARSH CHEMICALS-BALOTRA,,Offloading Point,
SHRIRAM VINYL & CHEMICAL-KOTA - - HINDUSTAN UNILEVER LTD-RANIPUR,0,SHRIRAM VINYL & CHEMICAL-KOTA,,Loading Point,
,,HINDUSTAN UNILEVER LTD-RANIPUR,,Offloading Point,
SHRIRAM VINYL & CHEMICAL-KOTA - - KANPUR,0,SHRIRAM VINYL & CHEMICAL-KOTA,,Loading Point,
,,KANPUR,,Offloading Point,
SINGRUALI - - I O C L-SINGROULI,0,SINGRUALI,,Loading Point,
,,I O C L-SINGROULI,,Offloading Point,
SNEHAA FARMA CHEM-SANGAREDDY - - SELF,0,SNEHAA FARMA CHEM-SANGAREDDY,,Loading Point,
,,SELF,,Offloading Point,
SOLAR IND.INDIA LTD-NAGPUR - - AB CHEMICALS-SACHIN,0,SOLAR IND.INDIA LTD-NAGPUR,,Loading Point,
,,AB CHEMICALS-SACHIN,,Offloading Point,
SOLAR IND.INDIA LTD-NAGPUR - - ACETOCHEM-SURAT,0,SOLAR IND.INDIA LTD-NAGPUR,,Loading Point,
,,ACETOCHEM-SURAT,,Offloading Point,
SOLAR IND.INDIA LTD-NAGPUR - - AGASTYA ENTERPRISES-DHANBAD,0,SOLAR IND.INDIA LTD-NAGPUR,,Loading Point,
,,AGASTYA ENTERPRISES-DHANBAD,,Offloading Point,
SOLAR IND.INDIA LTD-NAGPUR - - AGRO PHOS INDIA LTD-MEGHNAGAR,0,SOLAR IND.INDIA LTD-NAGPUR,,Loading Point,
,,AGRO PHOS INDIA LTD-MEGHNAGAR,,Offloading Point,
SOLAR IND.INDIA LTD-NAGPUR - - AHMEDABAD.,0,SOLAR IND.INDIA LTD-NAGPUR,,Loading Point,
,,AHMEDABAD.,,Offloading Point,
SOLAR IND.INDIA LTD-NAGPUR - - ANKLESHWAR,0,SOLAR IND.INDIA LTD-NAGPUR,,Loading Point,
,,ANKLESHWAR,,Offloading Point,
SOLAR IND.INDIA LTD-NAGPUR - - BASANT AGRO-AKOLA,0,SOLAR IND.INDIA LTD-NAGPUR,,Loading Point,
,,BASANT AGRO-AKOLA,,Offloading Point,
"SOLAR IND.INDIA LTD-NAGPUR - - BILT GRAPHIC,BALLARPUR",0,SOLAR IND.INDIA LTD-NAGPUR,,Loading Point,
,,"BILT GRAPHIC,BALLARPUR",,Offloading Point,
SOLAR IND.INDIA LTD-NAGPUR - - BIRLA CARBON INDIA-PATELGANGA-RAIGAD,0,SOLAR IND.INDIA LTD-NAGPUR,,Loading Point,
,,BIRLA CARBON INDIA-PATELGANGA-RAIGAD,,Offloading Point,
SOLAR IND.INDIA LTD-NAGPUR - - CHEMICAL ENTERPRISES-AKALTARA,0,SOLAR IND.INDIA LTD-NAGPUR,,Loading Point,
,,CHEMICAL ENTERPRISES-AKALTARA,,Offloading Point,
SOLAR IND.INDIA LTD-NAGPUR - - CLARION ORGANIC LTD-BHANDARA(M.H.),0,SOLAR IND.INDIA LTD-NAGPUR,,Loading Point,
,,CLARION ORGANIC LTD-BHANDARA(M.H.),,Offloading Point,
SOLAR IND.INDIA LTD-NAGPUR - - GANESHKRUPA CHEM-VALSAD,0,SOLAR IND.INDIA LTD-NAGPUR,,Loading Point,
,,GANESHKRUPA CHEM-VALSAD,,Offloading Point,
SOLAR IND.INDIA LTD-NAGPUR - - GAYATRI CHEMICAL IND-SURAT,0,SOLAR IND.INDIA LTD-NAGPUR,,Loading Point,
,,GAYATRI CHEMICAL IND-SURAT,,Offloading Point,
SOLAR IND.INDIA LTD-NAGPUR - - HAPCHEM PVT LTD.CHHATRAL,0,SOLAR IND.INDIA LTD-NAGPUR,,Loading Point,
,,HAPCHEM PVT LTD.CHHATRAL,,Offloading Point,
SOLAR IND.INDIA LTD-NAGPUR - - HARIOM ACID & CHEM-AHMEDABAD,0,SOLAR IND.INDIA LTD-NAGPUR,,Loading Point,
,,HARIOM ACID & CHEM-AHMEDABAD,,Offloading Point,
SOLAR IND.INDIA LTD-NAGPUR - - HIND CHEMICALS-MUMBAI,0,SOLAR IND.INDIA LTD-NAGPUR,,Loading Point,
,,HIND CHEMICALS-MUMBAI,,Offloading Point,
SOLAR IND.INDIA LTD-NAGPUR - - HRSU INDORE PVT LTD-SHAJAPUR,0,SOLAR IND.INDIA LTD-NAGPUR,,Loading Point,
,,HRSU INDORE PVT LTD-SHAJAPUR,,Offloading Point,
SOLAR IND.INDIA LTD-NAGPUR - - INDORE,0,SOLAR IND.INDIA LTD-NAGPUR,,Loading Point,
,,INDORE,,Offloading Point,
SOLAR IND.INDIA LTD-NAGPUR - - JAYVEER ENTERPRISES-AMD,0,SOLAR IND.INDIA LTD-NAGPUR,,Loading Point,
,,JAYVEER ENTERPRISES-AMD,,Offloading Point,
SOLAR IND.INDIA LTD-NAGPUR - - JAYVIR ENTERPRISES-AMD,0,SOLAR IND.INDIA LTD-NAGPUR,,Loading Point,
,,JAYVIR ENTERPRISES-AMD,,Offloading Point,
SOLAR IND.INDIA LTD-NAGPUR - - K.G.CHEMICAL-DOMBIWALI,0,SOLAR IND.INDIA LTD-NAGPUR,,Loading Point,
,,K.G.CHEMICAL-DOMBIWALI,,Offloading Point,
SOLAR IND.INDIA LTD-NAGPUR - - KASTURCHAND FER.PVT LTD-WADASA(M.H),0,SOLAR IND.INDIA LTD-NAGPUR,,Loading Point,
,,KASTURCHAND FER.PVT LTD-WADASA(M.H),,Offloading Point,
SOLAR IND.INDIA LTD-NAGPUR - - KCFL-NIMRANI,0,SOLAR IND.INDIA LTD-NAGPUR,,Loading Point,
,,KCFL-NIMRANI,,Offloading Point,
SOLAR IND.INDIA LTD-NAGPUR - - KHETAN CHEMICAL-NIMRANI,0,SOLAR IND.INDIA LTD-NAGPUR,,Loading Point,
,,KHETAN CHEMICAL-NIMRANI,,Offloading Point,
SOLAR IND.INDIA LTD-NAGPUR - - M.N.SURF-PUNE,0,SOLAR IND.INDIA LTD-NAGPUR,,Loading Point,
,,M.N.SURF-PUNE,,Offloading Point,
SOLAR IND.INDIA LTD-NAGPUR - - MALAVIKA ENT-PUNE,0,SOLAR IND.INDIA LTD-NAGPUR,,Loading Point,
,,MALAVIKA ENT-PUNE,,Offloading Point,
SOLAR IND.INDIA LTD-NAGPUR - - NIMRANI (M.P.),0,SOLAR IND.INDIA LTD-NAGPUR,,Loading Point,
,,NIMRANI (M.P.),,Offloading Point,
SOLAR IND.INDIA LTD-NAGPUR - - SHREE ANUVE SYNTHETIC-PALI,0,SOLAR IND.INDIA LTD-NAGPUR,,Loading Point,
,,SHREE ANUVE SYNTHETIC-PALI,,Offloading Point,
SOLAR IND.INDIA LTD-NAGPUR - - SHREE RANG ENTERPRISES-NANDESARI,0,SOLAR IND.INDIA LTD-NAGPUR,,Loading Point,
,,SHREE RANG ENTERPRISES-NANDESARI,,Offloading Point,
SOLAR IND.INDIA LTD-NAGPUR - - SHREEJI ENTERPRISES-AMD,0,SOLAR IND.INDIA LTD-NAGPUR,,Loading Point,
,,SHREEJI ENTERPRISES-AMD,,Offloading Point,
SOLAR IND.INDIA LTD-NAGPUR - - SUNIL CHEMICALS-MUMBAI,0,SOLAR IND.INDIA LTD-NAGPUR,,Loading Point,
,,SUNIL CHEMICALS-MUMBAI,,Offloading Point,
SOLAR IND.INDIA LTD-NAGPUR - - TANAY INORGANIC PVT LTD-NAGPUR,0,SOLAR IND.INDIA LTD-NAGPUR,,Loading Point,
,,TANAY INORGANIC PVT LTD-NAGPUR,,Offloading Point,
SOLAR IND.INDIA LTD-NAGPUR - - TEXCHEME ENTERPRISES-COIMBATORE,0,SOLAR IND.INDIA LTD-NAGPUR,,Loading Point,
,,TEXCHEME ENTERPRISES-COIMBATORE,,Offloading Point,
SOLAR IND.INDIA LTD-NAGPUR - - TINCO CHEMICAL-BADLAPUR,0,SOLAR IND.INDIA LTD-NAGPUR,,Loading Point,
,,TINCO CHEMICAL-BADLAPUR,,Offloading Point,
SOLAR IND.INDIA LTD-NAGPUR - - UNICHEM COR-NAGPUR,0,SOLAR IND.INDIA LTD-NAGPUR,,Loading Point,
,,UNICHEM COR-NAGPUR,,Offloading Point,
SOLAR IND.INDIA LTD-NAGPUR - - UNITED ACID & CHEMICAL-BANGLORE,0,SOLAR IND.INDIA LTD-NAGPUR,,Loading Point,
,,UNITED ACID & CHEMICAL-BANGLORE,,Offloading Point,
SOLAR IND.INDIA LTD-NAGPUR - - VIRAJ PROFILES LTD-II-TARAPUR,0,SOLAR IND.INDIA LTD-NAGPUR,,Loading Point,
,,VIRAJ PROFILES LTD-II-TARAPUR,,Offloading Point,
SOLAR IND.INDIA LTD-NAGPUR - - VIVEK CHEMICALS-SURAT,0,SOLAR IND.INDIA LTD-NAGPUR,,Loading Point,
,,VIVEK CHEMICALS-SURAT,,Offloading Point,
SOLAR IND.INDIA LTD-NAGPUR - - VOXCO PIGMENTS & CHEM-VAPI,0,SOLAR IND.INDIA LTD-NAGPUR,,Loading Point,
,,VOXCO PIGMENTS & CHEM-VAPI,,Offloading Point,
SOLAR IND.INDIA LTD-NAGPUR - - YOGESHWAR-NAROL-A.BAD,0,SOLAR IND.INDIA LTD-NAGPUR,,Loading Point,
,,YOGESHWAR-NAROL-A.BAD,,Offloading Point,
SPARDHA STEEL-ROURKELA - - GOOD LUCKCARBON-JITWAL-KALAN (P.B),0,SPARDHA STEEL-ROURKELA,,Loading Point,
,,GOOD LUCKCARBON-JITWAL-KALAN (P.B),,Offloading Point,
SPARDHA STEEL-ROURKELA - - SHINE CARBON-SANGRUR (P.B),0,SPARDHA STEEL-ROURKELA,,Loading Point,
,,SHINE CARBON-SANGRUR (P.B),,Offloading Point,
SPARDHA STEEL-ROURKELA - - VISHESH INFRATECH-PUNJAB,0,SPARDHA STEEL-ROURKELA,,Loading Point,
,,VISHESH INFRATECH-PUNJAB,,Offloading Point,
SPECIAL BLASTS LTD-PIRDA - - HARDI BAZAR-KORBA,0,SPECIAL BLASTS LTD-PIRDA,,Loading Point,
,,HARDI BAZAR-KORBA,,Offloading Point,
SPECIAL BLASTS LTD-PIRDA - - PHILLIPS CARBON BLACK LTD-PALEJ,0,SPECIAL BLASTS LTD-PIRDA,,Loading Point,
,,PHILLIPS CARBON BLACK LTD-PALEJ,,Offloading Point,
SPECIAL BLASTS LTD-PIRDA - - SHREE KRISHNA EXPLOSIVE & ACCESS-KORBA,0,SPECIAL BLASTS LTD-PIRDA,,Loading Point,
,,SHREE KRISHNA EXPLOSIVE & ACCESS-KORBA,,Offloading Point,
SPECIAL BLASTS-RAIGARH - - CRG IND.PVT.LTD-ROURKELA,0,SPECIAL BLASTS-RAIGARH,,Loading Point,
,,CRG IND.PVT.LTD-ROURKELA,,Offloading Point,
SRF LTD BHIWADI - - HOPL-NANDESARI,0,SRF LTD BHIWADI,,Loading Point,
,,HOPL-NANDESARI,,Offloading Point,
SRF LTD BHIWADI - - SRF LTD BHIWADI,0,SRF LTD BHIWADI,,Loading Point,
,,SRF LTD BHIWADI,,Offloading Point,
SRF LTD BHIWADI - - SRF-DAHEJ,0,SRF LTD BHIWADI,,Loading Point,
,,SRF-DAHEJ,,Offloading Point,
SRF LTD BHIWADI - - VADODARA,0,SRF LTD BHIWADI,,Loading Point,
,,VADODARA,,Offloading Point,
SRF-DAHEJ - - CHLORITECH INDUSTRIES-NANDESAR,0,SRF-DAHEJ,,Loading Point,
,,CHLORITECH INDUSTRIES-NANDESAR,,Offloading Point,
SRF-DAHEJ - - HOPL-NANDESARI,0,SRF-DAHEJ,,Loading Point,
,,HOPL-NANDESARI,,Offloading Point,
SRF-DAHEJ - - MAA NAVDURGA ENT-BALOTRA,0,SRF-DAHEJ,,Loading Point,
,,MAA NAVDURGA ENT-BALOTRA,,Offloading Point,
SRF-DAHEJ - - SRF LTD BHIWADI,0,SRF-DAHEJ,,Loading Point,
,,SRF LTD BHIWADI,,Offloading Point,
STEAM CHARGES - - STEAM CHARGES,0,STEAM CHARGES,,Loading Point,
,,STEAM CHARGES,,Offloading Point,
STEAM CHARGIS - - STEAM CHARGIS,0,STEAM CHARGIS,,Loading Point,
,,STEAM CHARGIS,,Offloading Point,
"SUKHA CHEMICALS IND UNIT-11-PANOLI - - DEEPAK NIT, NANDESARI",0,SUKHA CHEMICALS IND UNIT-11-PANOLI,,Loading Point,
,,"DEEPAK NIT, NANDESARI",,Offloading Point,
SUMUKH PROTEINS KHARGONE - - SHREE ABHIRAM IND GUNA-MP,0,SUMUKH PROTEINS KHARGONE,,Loading Point,
,,SHREE ABHIRAM IND GUNA-MP,,Offloading Point,
SUNIL CHEMICALS-MUMBAI - - GANESHKRUPA CHEM-VALSAD,0,SUNIL CHEMICALS-MUMBAI,,Loading Point,
,,GANESHKRUPA CHEM-VALSAD,,Offloading Point,
SUNSHIELD CHEM LTD-PALI (M.H) - - ASIAN PAINTS LTD-HARYANA,0,SUNSHIELD CHEM LTD-PALI (M.H),,Loading Point,
,,ASIAN PAINTS LTD-HARYANA,,Offloading Point,
SURAT AMMONIA & CHEM-ANK - - SUPERFORM CHEMISTRIES-DAHEJ,0,SURAT AMMONIA & CHEM-ANK,,Loading Point,
,,SUPERFORM CHEMISTRIES-DAHEJ,,Offloading Point,
SURAT AMMONIA & CHEM-ANK - - UPL LIMITED-VAPI,0,SURAT AMMONIA & CHEM-ANK,,Loading Point,
,,UPL LIMITED-VAPI,,Offloading Point,
SURAT AMMONIA & CHEM-ANK - - UPL LTD-JHAGADIA,0,SURAT AMMONIA & CHEM-ANK,,Loading Point,
,,UPL LTD-JHAGADIA,,Offloading Point,
SURYODAY INTERPHARM-KHAMBAT - - HERANBA ORGANICS-SARIGAM,0,SURYODAY INTERPHARM-KHAMBAT,,Loading Point,
,,HERANBA ORGANICS-SARIGAM,,Offloading Point,
SWASTIC ZINC PVT LTD-UDAIPUR - - BRIJ ENTERPRISES-ANK,0,SWASTIC ZINC PVT LTD-UDAIPUR,,Loading Point,
,,BRIJ ENTERPRISES-ANK,,Offloading Point,
SWASTIC ZINC PVT LTD-UDAIPUR - - CIL-DAHEJ,0,SWASTIC ZINC PVT LTD-UDAIPUR,,Loading Point,
,,CIL-DAHEJ,,Offloading Point,
SWASTIC ZINC PVT LTD-UDAIPUR - - CIL-SARIGAM,0,SWASTIC ZINC PVT LTD-UDAIPUR,,Loading Point,
,,CIL-SARIGAM,,Offloading Point,
SWASTIC ZINC PVT LTD-UDAIPUR - - SUPERFORM CHEMISTRIES-JHAGADIA,0,SWASTIC ZINC PVT LTD-UDAIPUR,,Loading Point,
,,SUPERFORM CHEMISTRIES-JHAGADIA,,Offloading Point,
SYNERGY POLYPACKS-DHANBAD - - BRAVIM CHEM-DHANBAD,0,SYNERGY POLYPACKS-DHANBAD,,Loading Point,
,,BRAVIM CHEM-DHANBAD,,Offloading Point,
TALOJA (M.H.) - - BADLAPUR (M.H.),0,TALOJA (M.H.),,Loading Point,
,,BADLAPUR (M.H.),,Offloading Point,
TANAY INORGANIC PVT LTD-NAGPUR - - CHEMICAL ENTERPRISES-AKALTARA,0,TANAY INORGANIC PVT LTD-NAGPUR,,Loading Point,
,,CHEMICAL ENTERPRISES-AKALTARA,,Offloading Point,
TANAY INORGANIC PVT LTD-NAGPUR - - DHOLPUR-RAJ,0,TANAY INORGANIC PVT LTD-NAGPUR,,Loading Point,
,,DHOLPUR-RAJ,,Offloading Point,
TANAY INORGANIC PVT LTD-NAGPUR - - HRSU INDORE PVT LTD-SHAJAPUR,0,TANAY INORGANIC PVT LTD-NAGPUR,,Loading Point,
,,HRSU INDORE PVT LTD-SHAJAPUR,,Offloading Point,
TANAY INORGANIC PVT LTD-NAGPUR - - RAJASTAN EXPOLSIVES & CHEMICAL LTD-DHOLPUR,0,TANAY INORGANIC PVT LTD-NAGPUR,,Loading Point,
,,RAJASTAN EXPOLSIVES & CHEMICAL LTD-DHOLPUR,,Offloading Point,
TANAY INORGANIC PVT LTD-NAGPUR - - RASAYAN UDYOG-DHANBAD,0,TANAY INORGANIC PVT LTD-NAGPUR,,Loading Point,
,,RASAYAN UDYOG-DHANBAD,,Offloading Point,
TANAY INORGANIC PVT LTD-NAGPUR - - REGENESIS IND PVT LTD-TELANGANA,0,TANAY INORGANIC PVT LTD-NAGPUR,,Loading Point,
,,REGENESIS IND PVT LTD-TELANGANA,,Offloading Point,
TANAY INORGANIC PVT LTD-NAGPUR - - SALVO IND.PVT LTD-TELANGANA,0,TANAY INORGANIC PVT LTD-NAGPUR,,Loading Point,
,,SALVO IND.PVT LTD-TELANGANA,,Offloading Point,
TANAY INORGANIC PVT LTD-NAGPUR - - THE SINGARENI COLLIERIES-RAMAGUNDAM,0,TANAY INORGANIC PVT LTD-NAGPUR,,Loading Point,
,,THE SINGARENI COLLIERIES-RAMAGUNDAM,,Offloading Point,
TANAY INORGANICS PVT. LTD-NAGPUR - - CHEMICAL ENTERPRISES-AKALTARA,0,TANAY INORGANICS PVT. LTD-NAGPUR,,Loading Point,
,,CHEMICAL ENTERPRISES-AKALTARA,,Offloading Point,
TANAY INORGANICS PVT. LTD-NAGPUR - - DHOLPUR-RAJ,0,TANAY INORGANICS PVT. LTD-NAGPUR,,Loading Point,
,,DHOLPUR-RAJ,,Offloading Point,
TANAY INORGANICS PVT. LTD-NAGPUR - - IDL-EXPLOSIVE LTD-TELANGANA,0,TANAY INORGANICS PVT. LTD-NAGPUR,,Loading Point,
,,IDL-EXPLOSIVE LTD-TELANGANA,,Offloading Point,
TANAY INORGANICS PVT. LTD-NAGPUR - - RAJASTAN EXPOLSIVES & CHEMICAL LTD-DHOLPUR,0,TANAY INORGANICS PVT. LTD-NAGPUR,,Loading Point,
,,RAJASTAN EXPOLSIVES & CHEMICAL LTD-DHOLPUR,,Offloading Point,
TANAY INORGANICS PVT. LTD-NAGPUR - - RASAYAN UDYOG-DHANBAD,0,TANAY INORGANICS PVT. LTD-NAGPUR,,Loading Point,
,,RASAYAN UDYOG-DHANBAD,,Offloading Point,
TANAY INORGANICS PVT. LTD-NAGPUR - - SALVO IND.PVT LTD-TELANGANA,0,TANAY INORGANICS PVT. LTD-NAGPUR,,Loading Point,
,,SALVO IND.PVT LTD-TELANGANA,,Offloading Point,
TANAY INORGANICS PVT. LTD-NAGPUR - - THE SINGARENI COLLIERIES-RAMAGUNDAM,0,TANAY INORGANICS PVT. LTD-NAGPUR,,Loading Point,
,,THE SINGARENI COLLIERIES-RAMAGUNDAM,,Offloading Point,
TEJAS FUELS & OILS PVT LTD-M.P - - RADIANT LUBES PVT LTD-BUTIBORI-NAGPUR,0,TEJAS FUELS & OILS PVT LTD-M.P,,Loading Point,
,,RADIANT LUBES PVT LTD-BUTIBORI-NAGPUR,,Offloading Point,
TETHYA CHEM PVT LTD-(C.G.) - - BALKRISHNA IND LTD-KUTCH,0,TETHYA CHEM PVT LTD-(C.G.),,Loading Point,
,,BALKRISHNA IND LTD-KUTCH,,Offloading Point,
TETHYA CHEM PVT LTD-(C.G.) - - BIRLA CARBON INDIA-PATELGANGA-RAIGAD,0,TETHYA CHEM PVT LTD-(C.G.),,Loading Point,
,,BIRLA CARBON INDIA-PATELGANGA-RAIGAD,,Offloading Point,
TETHYA CHEM PVT LTD-(C.G.) - - CONTINENTAL CARBON ECO -DAHEJ,0,TETHYA CHEM PVT LTD-(C.G.),,Loading Point,
,,CONTINENTAL CARBON ECO -DAHEJ,,Offloading Point,
TETHYA CHEM PVT LTD-(C.G.) - - CONTINENTAL CARBON INDIA-GAZIABAD,0,TETHYA CHEM PVT LTD-(C.G.),,Loading Point,
,,CONTINENTAL CARBON INDIA-GAZIABAD,,Offloading Point,
TEXCHEME ENTERPRISES-COIMBATORE - - STEEL AUTHORITY OF INDIA LTD-SALEM,0,TEXCHEME ENTERPRISES-COIMBATORE,,Loading Point,
,,STEEL AUTHORITY OF INDIA LTD-SALEM,,Offloading Point,
THE ANDHRA SUGAR LTD-ANDRA-PRADESH - - PRADEEP ENTERPRISES-HYDERABAD,0,THE ANDHRA SUGAR LTD-ANDRA-PRADESH,,Loading Point,
,,PRADEEP ENTERPRISES-HYDERABAD,,Offloading Point,
THE ANDHRA SUGAR LTD-ANDRA-PRADESH - - VESTRO SOLVENTS PVT LTD,0,THE ANDHRA SUGAR LTD-ANDRA-PRADESH,,Loading Point,
,,VESTRO SOLVENTS PVT LTD,,Offloading Point,
THE ANDHRA SUGAR LTD-ANDRA-PRADESH - - VIJAYASRI IND-JEDIMETLA,0,THE ANDHRA SUGAR LTD-ANDRA-PRADESH,,Loading Point,
,,VIJAYASRI IND-JEDIMETLA,,Offloading Point,
THE KARNAL CO.OP SUGAR-KARNAL - - INDORE,0,THE KARNAL CO.OP SUGAR-KARNAL,,Loading Point,
,,INDORE,,Offloading Point,
TRANSPEK ATLADARA-BRD - - OCCL-HARYANA,0,TRANSPEK ATLADARA-BRD,,Loading Point,
,,OCCL-HARYANA,,Offloading Point,
TRANSPEK-PADRA - - BAJAJ HEALTH CARE-SAVLI,0,TRANSPEK-PADRA,,Loading Point,
,,BAJAJ HEALTH CARE-SAVLI,,Offloading Point,
"TRANSPEK-PADRA - - GNFC,. BHARUCH",0,TRANSPEK-PADRA,,Loading Point,
,,"GNFC,. BHARUCH",,Offloading Point,
"TRANSPEK-PADRA - - PANOLI INT , NANDESARI",0,TRANSPEK-PADRA,,Loading Point,
,,"PANOLI INT , NANDESARI",,Offloading Point,
TRANSPEK-PADRA - - PANOLI INTERMEDIATES-JHAGADIA,0,TRANSPEK-PADRA,,Loading Point,
,,PANOLI INTERMEDIATES-JHAGADIA,,Offloading Point,
TRANSPEK-PADRA - - SHREEJI LIQUID STORAGE TERMINAL-KANDLA,0,TRANSPEK-PADRA,,Loading Point,
,,SHREEJI LIQUID STORAGE TERMINAL-KANDLA,,Offloading Point,
TRANSPEK-PADRA - - TRANSWORLD F.P. PVT LTD-G.DHAM,0,TRANSPEK-PADRA,,Loading Point,
,,TRANSWORLD F.P. PVT LTD-G.DHAM,,Offloading Point,
TRANSPEK-PADRA - - TRANSWORLD FURTICHEM-JHAGADIA,0,TRANSPEK-PADRA,,Loading Point,
,,TRANSWORLD FURTICHEM-JHAGADIA,,Offloading Point,
TRANSWORLD FURTICCHEM-RAIGAD - - TRANSWORLD FURTICHEM-JHAGADIA,0,TRANSWORLD FURTICCHEM-RAIGAD,,Loading Point,
,,TRANSWORLD FURTICHEM-JHAGADIA,,Offloading Point,
"TRANSWORLD FURTICHEM-JHAGADIA - - PANOLI INT , NANDESARI",0,TRANSWORLD FURTICHEM-JHAGADIA,,Loading Point,
,,"PANOLI INT , NANDESARI",,Offloading Point,
TULSI DYE CHEM PVT LTD-AMD - - MIRASH IND PVT LTD-DAHEJ,0,TULSI DYE CHEM PVT LTD-AMD,,Loading Point,
,,MIRASH IND PVT LTD-DAHEJ,,Offloading Point,
"TULSI DYE CHEM-DAHEJ - - DEEPAK NIT, NANDESARI",0,TULSI DYE CHEM-DAHEJ,,Loading Point,
,,"DEEPAK NIT, NANDESARI",,Offloading Point,
TUTICORIN-(T.N.) - - BHIWADI,0,TUTICORIN-(T.N.),,Loading Point,
,,BHIWADI,,Offloading Point,
TUTICORIN-(T.N.) - - NAMAN SALES COR.HISAR-HARAYANA,0,TUTICORIN-(T.N.),,Loading Point,
,,NAMAN SALES COR.HISAR-HARAYANA,,Offloading Point,
TWENTY ONE SUGAR LTD-UNIT-2 - - J.N.P.T-MUMBAI,0,TWENTY ONE SUGAR LTD-UNIT-2,,Loading Point,
,,J.N.P.T-MUMBAI,,Offloading Point,
UDAIPUR POLY SACKS LTD-UDAIPUR - - HZL-DEBARI,0,UDAIPUR POLY SACKS LTD-UDAIPUR,,Loading Point,
,,HZL-DEBARI,,Offloading Point,
UDAIPUR UNIT - - VADODARA,0,UDAIPUR UNIT,,Loading Point,
,,VADODARA,,Offloading Point,
UDAIPUR UNIT - - YOGESHWAR-NAROL-A.BAD,0,UDAIPUR UNIT,,Loading Point,
,,YOGESHWAR-NAROL-A.BAD,,Offloading Point,
UNICHEM COR-NAGPUR - - JAYVIR ENTERPRISES-AMD,0,UNICHEM COR-NAGPUR,,Loading Point,
,,JAYVIR ENTERPRISES-AMD,,Offloading Point,
UNICHEM COR-NAGPUR - - KG CHEMICALS-DOMBIVLI (M.H.),0,UNICHEM COR-NAGPUR,,Loading Point,
,,KG CHEMICALS-DOMBIVLI (M.H.),,Offloading Point,
UPL LIMITED-ANKLESHWAR - - SHREE CEMENT LTD-BEAWAR,0,UPL LIMITED-ANKLESHWAR,,Loading Point,
,,SHREE CEMENT LTD-BEAWAR,,Offloading Point,
UPL LIMITED-ANKLESHWAR - - SHREE CEMENT LTD-KODLA,0,UPL LIMITED-ANKLESHWAR,,Loading Point,
,,SHREE CEMENT LTD-KODLA,,Offloading Point,
UPL LIMITED-ANKLESHWAR - - SHREE CEMENT-RAIPUR,0,UPL LIMITED-ANKLESHWAR,,Loading Point,
,,SHREE CEMENT-RAIPUR,,Offloading Point,
UPL LTD-JHAGADIA - - SAVLI,0,UPL LTD-JHAGADIA,,Loading Point,
,,SIDHI SOLECHEMINDS-SAVLI-BRD,,Offloading Point,
UPL LTD-JHAGADIA - - SHREE CEMENT LTD-BEAWAR,0,UPL LTD-JHAGADIA,,Loading Point,
,,SHREE CEMENT LTD-BEAWAR,,Offloading Point,
UPL LTD-JHAGADIA - - SHREE CEMENT LTD-KODLA,0,UPL LTD-JHAGADIA,,Loading Point,
,,SHREE CEMENT LTD-KODLA,,Offloading Point,
UPL LTD-JHAGADIA - - SHREE CEMENT-RAIPUR,0,UPL LTD-JHAGADIA,,Loading Point,
,,SHREE CEMENT-RAIPUR,,Offloading Point,
UPL LTD-JHAGADIA - - SIDHI SOLECHEMINDS-SAVLI-BRD,0,UPL LTD-JHAGADIA,,Loading Point,
,,SIDHI SOLECHEMINDS-SAVLI-BRD,,Offloading Point,
UPLLTD-JHAGADIA - - BASANT AGRO-AKOLA,0,UPL LTD-JHAGADIA,,Loading Point,
,,BASANT AGRO-AKOLA,,Offloading Point,
USHANTI COLOUR-VATVA - - ALVIN CARAMEL COLOUR-AHMEDNAGAR,0,USHANTI COLOUR-VATVA,,Loading Point,
,,ALVIN CARAMEL COLOUR-AHMEDNAGAR,,Offloading Point,
VADODARA - - AHMEDABAD,0,VADODARA,,Loading Point,
,,KEMIT CHEMICALS PVT LTD-AHMEDABAD,,Offloading Point,
VADODARA - - ANKLESHWAR,0,VADODARA,,Loading Point,
,,ANKLESHWAR,,Offloading Point,
VADODARA - - MANI ZINC COMPANY-UDAIPUR,0,VADODARA,,Loading Point,
,,MANI ZINC COMPANY-UDAIPUR,,Offloading Point,
VADODARA - - RASAYAN UDYOG-SINGRAULI,0,VADODARA,,Loading Point,
,,RASAYAN UDYOG-SINGRAULI,,Offloading Point,
VADODARA - - UDAIPUR,0,VADODARA,,Loading Point,
,,UDAIPUR,,Offloading Point,
VALIYA LOG-UDAIPUR - - BHOOMI PHOS-UDAIPUR,0,VALIYA LOG-UDAIPUR,,Loading Point,
,,BHOOMI PHOS-UDAIPUR,,Offloading Point,
VESTRO SOLVENTS PVT LTD - - SEUTIC LABS PVT LTD,0,VESTRO SOLVENTS PVT LTD,,Loading Point,
,,SEUTIC LABS PVT LTD,,Offloading Point,
VINATI ORGANICS LTD-LOTE - - AARAV ENTERPRISES-GONDAL,0,VINATI ORGANICS LTD-LOTE,,Loading Point,
,,AARAV ENTERPRISES-GONDAL,,Offloading Point,
VINYL PRODUCTS PVT LTD-DAMAN - - RAMA NAND ENT.INDIA P .LTD-GWALIOR,0,VINYL PRODUCTS PVT LTD-DAMAN,,Loading Point,
,,RAMA NAND ENT.INDIA P .LTD-GWALIOR,,Offloading Point,
VINYL PRODUCTS PVT LTD-DAMAN - - SHREE SHIV AGRO-BARODA,0,VINYL PRODUCTS PVT LTD-DAMAN,,Loading Point,
,,SHREE SHIV AGRO-BARODA,,Offloading Point,
VIPPY IND . LTD-DEWAS - - ASIAN PAINTS LTD-ANK,0,VIPPY IND . LTD-DEWAS,,Loading Point,
,,ASIAN PAINTS LTD-ANK,,Offloading Point,
VOXCO PIGMENTS & CHEM-VAPI - - INDORE,0,VOXCO PIGMENTS & CHEM-VAPI,,Loading Point,
,,INDORE,,Offloading Point,
VVF (INDIA)LTD-TALOJA - - CLARIANT IGL SPECIAL TYCHEM PVT LTD-U.KHAND,0,VVF (INDIA)LTD-TALOJA,,Loading Point,
,,CLARIANT IGL SPECIAL TYCHEM PVT LTD-U.KHAND,,Offloading Point,
WESTERN DRUG LTD-UDAIPUR - - YOGESHWAR-NAROL-A.BAD,0,WESTERN DRUG LTD-UDAIPUR,,Loading Point,
,,YOGESHWAR-NAROL-A.BAD,,Offloading Point,
WESTERN DRUGS LTD-UDAIPUR - - YOGESHWAR-NAROL-A.BAD,0,WESTERN DRUGS LTD-UDAIPUR,,Loading Point,
,,YOGESHWAR-NAROL-A.BAD,,Offloading Point,
YASHVARDHAN CHEMICAL-AMD - - AROMETIC-G DHAM-KUTCH,0,YASHVARDHAN CHEMICAL-AMD,,Loading Point,
,,AROMETIC-G DHAM-KUTCH,,Offloading Point,
YASHVARDHAN CHEMICAL-AMD - - LASONS INDIA PVT LTD-TALOJA,0,YASHVARDHAN CHEMICAL-AMD,,Loading Point,
,,LASONS INDIA PVT LTD-TALOJA,,Offloading Point,
YOGESHWAR-NAROL-A.BAD - - LASONS INDIA PVT LTD-TALOJA,0,YOGESHWAR-NAROL-A.BAD,,Loading Point,
,,LASONS INDIA PVT LTD-TALOJA,,Offloading Point,
YOGESHWAR-NAROL-A.BAD - - WESTERN DRUGS LTD-UDAIPUR,0,YOGESHWAR-NAROL-A.BAD,,Loading Point,
,,WESTERN DRUGS LTD-UDAIPUR,,Offloading Point,
ZIL ORGANIC PVT-MEGHNAGAR - - HARSH ORGENO-VATVA,0,ZIL ORGANIC PVT-MEGHNAGAR,,Loading Point,
,,HARSH ORGENO-VATVA,,Offloading Point,
ZYDEX ORGANICS-SOLAPUR - - NEW CHEM ACID AHMDABAD,0,ZYDEX ORGANICS-SOLAPUR,,Loading Point,
,,NEW CHEM ACID AHMDABAD,,Offloading Point,
