address_title,address_type,address_line1,address_line2,city,state,country,pincode,is_primary_address,is_shipping_address,gstin,gst_category,links.link_doctype,links.link_name
SHREE SHIV TRANSPORT,Billing,"259, AMITNGAR, VIP ROAD","KARELIBAG, VADODARA - 390018, GUJARAT",VADODARA,Gujarat,India,390018,1,1,24ABBFS1621B1ZY,Registered Regular,Supplier,IMP-20260324-SUP-0002
VARUN ROADWAYS,Billing,"5, SHREERANG SOCIETY","OPP, CONVENT SCHOOL, FATEHGUNJ, VADODARA",VADODARA,,India,,1,1,,Unregistered,Supplier,IMP-20260324-SUP-0004
GULJAG INDUSTRIES LTD.,Billing,"1-B, SMALL SCALE IND.ESTATE","OPP:- SANJAY NAGAR NEW BUS STAND, NEAR BPCL PETROL PUMP, KOTA (RAJASTHAN)",KOTA,Rajasthan,India,,1,1,08AAACG1267E1ZX,Registered Regular,Customer,IMP-20260324-CUST-0001
THE LEELA CORPORATION,Billing,"4TH FLOOR, E-403 SG BUSINESS HUB","SG HIGHWAY ROAD, AHMEDABAD-380007",AHMEDABAD,Gujarat,India,380007,1,1,24BVTPP5909A1ZF,Registered Regular,Customer,IMP-20260324-CUST-0002
ABHISHEK ACID & CHEMICALS,Billing,BHARAT COMPLEX,"COLLEGE ROAD, BHILWARA, RAJASTHAN - 311001",BHILWARA,Rajasthan,India,311001,1,1,08AFBPS8362R1ZI,Registered Regular,Customer,IMP-20260324-CUST-0003
DEEPAK NITRITE LTD. NANDESARI,Billing,"4/12, GIDC CHEMICAL COMPLEX","NANDESARI, VADODARA-391340, GUJARAT","DEEPAK NIT, NANDESARI",Gujarat,India,391340,1,1,24AAACD7468A1ZZ,Registered Regular,Customer,IMP-20260324-CUST-0004
PANOLI INTERMEDIATES (I) PVT LTD,Billing,"PLOT NO. 157-159, 5-5A, GIDC","NANDESARI - 391340, VADODARA","PANOLI INT , NANDESARI",Gujarat,India,391340,1,1,24AABCP4665N1Z2,Registered Regular,Customer,IMP-20260324-CUST-0005
GUJRAT MAHARASHTRA ROADWAYS,Billing,"JALARAM ESTATE, NR. CHHANI-DUMAD-CHOKDI","N.H.NO. 8 POST: DUMAD, DIST: VADODARA-391740",VADODARA,,India,391740,1,1,,Unregistered,Customer,IMP-20260324-CUST-0006
SHREE PUSHKAR CHEMICALS AND FERTILISERS LTD.,Billing,"UNIT-1B, -102/103, MIDC LOTE PARSHURAM","TAL-KHED INDL.AREA, DIST:-RATNAGIRI-415722., MAHARASHTRA","TAL-KHED INDL.AREA,DIST:-RATNAGIRI",Maharashtra,India,415722,1,1,27AAACS9372E1Z7,Registered Regular,Customer,IMP-20260324-CUST-0007
SPAIN SURFACTANT INDUSTRIES,Billing,SABAR DAIRY TALOD ROAD,"NR. PASUSAVARDHAN KENDRA, HIMATNAGAR",HIMMATNAGAR,Gujarat,India,,1,1,24ACBFS7833C1ZC,Registered Regular,Customer,IMP-20260324-CUST-0008
TULSI DYE CHEM PVT. LTD.,Billing,"401, ATPAracade, 4th Floor","Opp, National Handloom, Off C.G Road, Law Garden, Ellisbridge, Ahmedabad - 380006",AHMEDABAD.,Gujarat,India,380006,1,1,24AABCT6769P1ZL,Registered Regular,Customer,IMP-20260324-CUST-0009
SHIVAM ENVIRO,Billing,16/MATRUCHHAYA SOC.,"GANNA MOGRI ROAD, MOGRI, VIDYANAGAR, Anand-388120",ANAND,Gujarat,India,388120,1,1,24DJIPP3046R1ZL,Registered Regular,Customer,IMP-20260324-CUST-0010
BANKE BIHARI ENTERPRISES,Billing,NEAR LALJI MANDIR,"SHRIMALIYO KA CHOWK, BALOTRA-344022",BALOTRA,Rajasthan,India,344022,1,1,08AFGPM7692K1ZQ,Registered Regular,Customer,IMP-20260324-CUST-0011
SHREE PUSHKAR PHOSCHEM PVT LTD,Billing,"VILLAGE: LADANA, TEHSHIL: MAVLI","UDAIPUR, RAJASTHAN-313001",UDAIPUR UNIT,Rajasthan,India,313001,1,1,08AAACW9947K1ZL,Registered Regular,Customer,IMP-20260324-CUST-0012
HARSH ORGANO CHEM (INDIA) PVT. LTD,Billing,"PLOT.NO. 2207, PHASE-IV, GIDC ESTATE","NR. RAMOL CHOWKDI, VATVA, AHMEDABAD-382445",AHMEDABAD.,Gujarat,India,382445,1,1,24AABCH3512N1ZQ,Registered Regular,Customer,IMP-20260324-CUST-0013
CHEMICAL ENTERPRISES,Billing,"PLOT.NO. 58 & 40, KAPAN INDUSTRIAL ESTATE","AKALTARA, DIST: JANJGIR, CHAMP, CHAHHATTISGARH",CHAHHATTISGARH,Chhattisgarh,India,,1,1,22AALFC3921D2ZY,Registered Regular,Customer,IMP-20260324-CUST-0014
MYSORE AMMONIA SUPPLY CORPORATION LLP,Billing,"128/5-6-7, GIDC NANDESARI-391340",VADODARA,VADODARA,Gujarat,India,391340,1,1,24AADFM1834D1ZT,Registered Regular,Customer,IMP-20260324-CUST-0015
SARTHAK LOGISTICS CO,Billing,"340/1/13, UDYOG NAGAR, MUSAKHEDI","PALDA, INDOR, MADHYA PRADESH-452020",INDOR,Madhya Pradesh,India,452020,1,1,23ADZFS4629R1ZX,Registered Regular,Customer,IMP-20260324-CUST-0016
JHAVERI CORPORATION,Billing,"0 ND FLOOR, 2 C-D CENTRE POINT","(COMMERCIAL COMPLEX) PANCHVATI 5 ROAD, NEAR AMBAWADI, AHMEDABAD-380006",AHMEDABAD,Gujarat,India,380006,1,1,24ADQPJ9231K1Z6,Registered Regular,Customer,IMP-20260324-CUST-0017
DIVINE CHEMICALS PVT LTD,Billing,"B-602, SHAPATH HEXA","NR. GUJARAT HIGH COURT, S.G.ROAD, AHMEDABAD-380060",AHMEDABAD,Gujarat,India,380060,1,1,24AAACD2324B1ZK,Registered Regular,Customer,IMP-20260324-CUST-0018
GOPINATH CHEM TECH LTD,Billing,"SURVEY.NO. 470, KADI, KUNDAL","MAHESANA-382715, GUJARAT",MAHESANA,Gujarat,India,382715,1,1,24AAACG3945M1ZH,Registered Regular,Customer,IMP-20260324-CUST-0019
JAY CHEMICALS INDUSTRIES LTD,Billing,"SURVEY .NO. 756-757, VILLAGE: KALAMSAR","TALUKA: KHAMBAT, DIST: ANAND",ANAND,Gujarat,India,,1,1,24AAACJ7628J1ZG,Registered Regular,Customer,IMP-20260324-CUST-0020
JAY CHEMICALS INDUSTRIES-UNIT,Billing,"PLOT.NO. DP 49 TO 52, GIDC ESTATE",DAHEJ,DAHEJ,Gujarat,India,,1,1,24AAACJ7628J1ZG,Registered Regular,Customer,IMP-20260324-CUST-0021
SHREE GANESH LOGISTICS,Billing,"63/64, RUSHIROOP COMPLEX, DAHEJ CHOWKDI","IPCL ROAD, DAHEJ- 392123, DIST: BHARUCH",DAHEJ,Gujarat,India,392123,1,1,24ABUFS4105R1ZH,Registered Regular,Customer,IMP-20260324-CUST-0022
B ROSHANLAL CHEMICALS PVT.LTD.,Billing,"15/2, ABHISHEK NAGAR","NEMAWAR ROAD, PALDA, INDOR-452020",INDOR,Madhya Pradesh,India,452020,1,1,23AADCB8379F1ZM,Registered Regular,Customer,IMP-20260324-CUST-0023
RISHABH CHEM TAX,Billing,"B-80, OPPSITE JAIN SCHOOL","AJEET COLONY, RATANADA, JODHPUR, RAJASTHAN-342001",JODHPUR,Rajasthan,India,342001,1,1,08BSAPD9436Q1Z7,Registered Regular,Customer,IMP-20260324-CUST-0024
SHIV TEX-CHEM.LTD.,Billing,"216/3, GIDC. Estate, Nr. Lupin Ltd.","ANKLESHWAR-393002, GUJARAT",ANKLESHWAR,Gujarat,India,393002,1,1,24AAICS8906N1ZS,Registered Regular,Customer,IMP-20260324-CUST-0025
GUJARAT ALKALIES AND CHEMICALS LTD.,Billing,P.O. PETROCHEMICALS - 391346,DIST:- VADODARA (GUJARAT) INDIA,DIST:- VADODARA (GUJARAT) INDIA,Gujarat,India,391346,1,1,24AAACG8896M1ZX,Registered Regular,Customer,IMP-20260324-CUST-0026
NEW INDIA ACID (BARODA) PVT. LIMITED,Billing,"CH. 61-62 DAHEJ, TAL: VAGRA","Dist: BHARUCH, 392130",VADODARA,Gujarat,India,392130,1,1,24AABCN8697C1ZB,Registered Regular,Customer,IMP-20260324-CUST-0027
SHREE VIJAY ROAD LINES,Billing,"NR. TRUCK PARKING YARD, RAILWAY CROSSING","DAMODARPURA, DIST: NEEMUCH (M.P)",NEEMUCH,,India,,1,1,,Unregistered,Customer,IMP-20260324-CUST-0028
VINAYAK ROADLINES,Billing,"SHRIPATI NAGAR, NR. DABOK","DABOK DIST: UDAIPUR-313021, RAJASTHAN",UDAIPUR UNIT,Rajasthan,India,313021,1,1,08AAACU8858M1ZJ,Registered Regular,Customer,IMP-20260324-CUST-0029
HIND CHEMICALS,Billing,SHOP NO. 9,"CORPOATE ANNEXE, NEXT TO UDYOG BHAVAN, SONAWALA ROAD, GOREGAON (EAST) MUMBAI - 400063",GOREGAON (EAST) MUMBAI,Maharashtra,India,400063,1,1,27AAAFH0897E1ZG,Registered Regular,Customer,IMP-20260324-CUST-0030
HARIKRUSHNA CARTING,Billing,PLOT.NO. 8 KRISHNA ROW HOUSE SARTHANA,"JAKAT NAKA VARCHHA ROAD, SURAT-395006",SURAT,,India,395006,1,1,,Unregistered,Customer,IMP-20260324-CUST-0031
CENTURY TEXOFIN PVT.LTD.,Billing,BALOTRA,RAJASTHAN,BALOTRA,Rajasthan,India,,1,1,08AADCC2252Q1ZE,Registered Regular,Customer,IMP-20260324-CUST-0032
VIMALSCOP PRODUCT,Billing,INDUSTRIAL AREA 1ST PHASE,BALOTRA-RAJASTHAN,BALOTRA,Rajasthan,India,,1,1,08AAKFV9044R1Z4,Registered Regular,Customer,IMP-20260324-CUST-0033
LASONS INDIA PVT LTD.,Billing,"8, NEW JAGRUTI","227, S.V.ROAD, BANDRA-(WEST), MUMBAI-50",MUMBAI-50,Maharashtra,India,,1,1,27AAACL3792R1ZR,Registered Regular,Customer,IMP-20260324-CUST-0034
JAY CHEMICALS INDUSTRIES LIMITED,Billing,"PLOT.NO. 109, 220, PHASE-II, GIDC","VATVA, AHMEDABAD- 382 445",AHMEDABAD,Gujarat,India,,1,1,24AAACJ7628J1ZG,Registered Regular,Customer,IMP-20260324-CUST-0035
PARVATI ENTERPRISES,Billing,"31-A, SECTOR-E, INDUSTRIAL ESTATE","SANWER ROAD, INDORE- 452015",INDORE,Madhya Pradesh,India,452015,1,1,23ACBPM9047J1ZI,Registered Regular,Customer,IMP-20260324-CUST-0036
AAP CHEM,Billing,"311, GIDC ESTATE","BIHIND L&T, RANOLI, VADODARA - 391350",VADODARA,Gujarat,India,391350,1,1,24AWAPP5444P1Z4,Registered Regular,Customer,IMP-20260324-CUST-0037
SAURASHTRA CHEMICALS(DIV OF NIRMA LTD),Billing,"BIRLA SAGAR ROAD, PORBANDAR",SAURASHTRA,PORBANDAR,Gujarat,India,,1,1,24AAACN5350K1ZJ,Registered Regular,Customer,IMP-20260324-CUST-0038
SUNLIKS INDIA PVT LTD.,Billing,"3 RD. FLOOR, 37, CITY CENTRE","C.G.ROAD, NAVRANGPURA, AHMEDABAD-9",AHMEDABAD,Gujarat,India,,1,1,24AABCS5514K1ZF,Registered Regular,Customer,IMP-20260324-CUST-0039
GULJAG INDUSTRIES LTD-UDAIPUR,Billing,F-333 UCCI CHEMBERS,"MADRI, UDAIPUR, RAJASTHAN",UDAIPUR UNIT,Rajasthan,India,,1,1,08AAACG1267E1ZX,Registered Regular,Customer,IMP-20260324-CUST-0040
GULJAG INDUSTRIES LTD-JAIPUR,Billing,"A-6, TRANSPORT NAGAR","AGRA ROAD, JAIPUR. (RAJ.)",JAIPUR,Rajasthan,India,,1,1,08AAACG1267E1ZX,Registered Regular,Customer,IMP-20260324-CUST-0041
DAGA EXPORT,Billing,BALOTRA,RAJASTHAN,BALOTRA,Rajasthan,India,,1,1,08AIBPD0864A2ZX,Registered Regular,Customer,IMP-20260324-CUST-0042
R.K.CARRIER INDIA PVT LTD,Billing,"40, LAXMI NAGAR, NEAR SUB-CITY CENTER","SEC.8. HIRAN MAGRI, UDAIPUR, RAJASTHAN","SEC.8. HIRAN MAGRI, UDAIPUR",Rajasthan,India,,1,1,08AADCR8681E1Z3,Registered Regular,Customer,IMP-20260324-CUST-0043
HINDUSTAN ZINC LTD.,Billing,RAJASTHAN,,Rajasthan,Rajasthan,India,,1,1,08AAACH7354K1ZB,Registered Regular,Customer,IMP-20260324-CUST-0044
SHREE SHIV AGRO - BARODA,Billing,"258, AMITNAGAR SOCIETY","VIP ROAD, KARELIBAUG, VADODARA - 390 022",VADODARA,Gujarat,India,,1,1,24ACAPP8076D1ZO,Registered Regular,Customer,IMP-20260324-CUST-0045
A.B.CORPORATION,Billing,"B-908, VENKATESH SHANTI, BALAJI COMPLEX","150 FEET ROAD, BHAYANDAR-(WEST), DIST-THANE-401 101, MAHARASHTRA",DIST-THANE-401 101,Maharashtra,India,,1,1,27AOKPP5949M1ZO,Registered Regular,Customer,IMP-20260324-CUST-0046
SHIVAM AGRO CHEMICALS,Billing,"PLOT.NO.10, INDUSTRIAL COMPLES","BY PASS ROAD, KARJAN-391240",KARJAN,Gujarat,India,391240,1,1,24AFLPB8873Q1ZP,Registered Regular,Customer,IMP-20260324-CUST-0047
SHUBHAM TRANSPORT CORPORATION,Billing,GANDHIDHAM,370201 (GUJ),GANDHIDHAM,,India,370201,1,1,,Unregistered,Supplier,IMP-20260324-SUP-0005
HIND ACID & CHEMICALS CO.,Billing,"PLOT NO. 264, GIDC ESTATE","NR. NARAYAN SILK MILLS, PANDESARA, SURAT",SURAT,Gujarat,India,,1,1,24ABTPP7707R1ZM,Registered Regular,Customer,IMP-20260324-CUST-0048
SAHIL ENTERPRIES,Billing,"23, 1ST FLOOR, SAROVAR ARCADE","NR. LAL GEBI CIRCLE, S.P. RING ROAD, HATHIJAN, AHMEDABAD - 380 011",AHMEDABAD,Gujarat,India,,1,1,24AHQPP8540B1Z9,Registered Regular,Customer,IMP-20260324-CUST-0049
BODAL CHEMICALS LTD-UNTI-I,Billing,VATVA,AHMEDABAD.,AHMEDABAD.,Gujarat,India,,1,1,24AAACD5352M1ZN,Registered Regular,Customer,IMP-20260324-CUST-0050
BODAL CHEMICALS LTD-UNTI-III,Billing,AHEMIDABAD,GUJARAT,AHMEDABAD.,Gujarat,India,,1,1,24AAACD5352M1ZN,Registered Regular,Customer,IMP-20260324-CUST-0051
HARI ORGOCHEM PVT . LTD.,Billing,"A-2, 237/238","GIDC, NANDESARI, VADODARA, GUJARAT",VADODARA,Gujarat,India,,1,1,24AAACH7088L1Z8,Registered Regular,Customer,IMP-20260324-CUST-0052
BODAL CHEMICALS LTD. UNIT -VII,Billing,"BLOCK NO. 795 TO 803, 804, 807. 832.","MAIN ROAD, PADRA, KARAKHADI, VADODARA",VADODARA,Gujarat,India,,1,1,24AAACD5352M1ZN,Registered Regular,Customer,IMP-20260324-CUST-0053
BODAL CHEMICALS LTD. UNIT -VIII,Billing,PADRA,VADODARA,VADODARA,Gujarat,India,,1,1,24AAACD5352M1ZN,Registered Regular,Customer,IMP-20260324-CUST-0054
NIRMA LIMITED,Billing,ASHRAM ROAD,"AHEMIDABAD-380 009, GUJARAT",AHMEDABAD.,Gujarat,India,,1,1,24AAACN5350K1ZJ,Registered Regular,Customer,IMP-20260324-CUST-0055
AGRI CHEM CORPORATION,Billing,"PLOT. NO. 3504, PHASE-4","GIDC CHHATRAL, MEHSANA",MAHESANA,Gujarat,India,,1,1,24ABFFA0794B1ZW,Registered Regular,Customer,IMP-20260324-CUST-0056
HINDALCO INDUSTRIES LIMITED,Billing,UNIT: BIRLA COPPRE,"P.O.: DAHEJ, DIST: BHARUCH-392130, GUJARAT",DAHEJ,Gujarat,India,392130,1,1,24AAACH1201R1ZT,Registered Regular,Customer,IMP-20260324-CUST-0057
"GSFC LTD,FERTILIZAR NAGAR",Billing,BARODA,"BARODA, GUJARAT",VADODARA,Gujarat,India,,1,1,24AAACG7996C1ZJ,Registered Regular,Customer,IMP-20260324-CUST-0058
RADHAMADHAV SURFACTANTS PVT . LTD.,Billing,"PLOT NO. 6136, ROAD NO. 61","GIDC ESTATE, SACHIN, SURAT",SURAT,Gujarat,India,,1,1,24AAECR6936M1ZX,Registered Regular,Customer,IMP-20260324-CUST-0059
SHRI KRISHNA DETCHEM (P) LTD.,Billing,SURVEY NO.357/1/2,"VILLAGE : DADAR NAGAR HAVELI, SILVASSA",SILVASSA,Dadra and Nagar Haveli and Daman and Diu,India,,1,1,26AAHCS3409H1ZE,Registered Regular,Customer,IMP-20260324-CUST-0060
BANSAL CHEM,Billing,"SAMSPUR, ETHA","JALESAR, UTTAR PRADESH-207302",JALESAR,Uttar Pradesh,India,207302,1,1,09AAPFB9699B1ZT,Registered Regular,Customer,IMP-20260324-CUST-0061
RAGHAV CHEM,Billing,BY PASS ROAD,"JALESAR, DIST: ETA-201302, UTTAR PRADESH","JALESAR,DIST: ETA",Uttar Pradesh,India,201302,1,1,09AQYPB8865C2Z9,Registered Regular,Customer,IMP-20260324-CUST-0062
HITESH CHEMICALS,Billing,"6504, NEAR HOECHST CHIWKDI","G.I.D.C. ESTATE, ANKLESHWAR-393002, BHARUCH",ANKLESHWAR,Gujarat,India,393002,1,1,24AAMPP2878H1ZA,Registered Regular,Customer,IMP-20260324-CUST-0063
GOWARDHAN BIOCHEM,Billing,SHARDA NIWAS,"27/13, NEHRU NAGER WEST, BHIAL, DIST:- DURG-490020, CHHATTISGARH",DIST:- DURG,Chhattisgarh,India,490020,1,1,22AQAPB0666P1Z0,Registered Regular,Customer,IMP-20260324-CUST-0064
RADHA KRISHNA FAQRI CHANDAR,Billing,"SHADABAD ROAD, JALESAR TOWN","DIST:- ETHA (U.P.), UTTAR PRADESH-207302",DIST:- ETHA (U.P.),Uttar Pradesh,India,207302,1,1,09AABFR3126M1Z2,Registered Regular,Customer,IMP-20260324-CUST-0065
M.K.INDUSTRIEAL CORPORATION,Billing,"611, GOYAL TRADE CENTRE","SHANTIVAN, BORIVALI (EAST), MUMBAI-400066",MUMBAI,Maharashtra,India,400066,1,1,27AACPK0521A1ZL,Registered Regular,Customer,IMP-20260324-CUST-0066
PREM GOODS CARRIER,Billing,"10, VARUNDAVAN SOC. KARODIYA ROAD, AT BAJWA",DIST: VADODARA,VADODARA,Gujarat,India,,1,1,24APYPK98721ZJ,Registered Regular,Customer,IMP-20260324-CUST-0067
JAHNAVI MINERALS,Billing,"13-A, SECTROR-5, GHANDI NAGAR","CHITTORGARH, RAJASTHAN",CHHATTISGARH,Gujarat,India,,1,1,24AROPN8684D1Z2,Registered Regular,Customer,IMP-20260324-CUST-0068
H.N. ENTERPRIES,Billing,"47/1/24, G.I.D.C.","NANDESARI, VADODARA",VADODARA,Gujarat,India,,1,1,24AAAFH9335D1ZP,Registered Regular,Customer,IMP-20260324-CUST-0069
VEGA CHEMICALS PVT. LTD.,Billing,"F-23, MIDC AREA","JALGOAN-425003, MAHARASHTRA",JALGOAN,Maharashtra,India,425003,1,1,27AAECV1029M1Z5,Registered Regular,Customer,IMP-20260324-CUST-0070
SOMANI ENTERPRISES,Billing,"360-361, ANAND NAGAR","PRAK STREET, BEHIND SARASWATI SCHOOL, MANDIYA ROAD, PALI",PALI,Rajasthan,India,,1,1,08ACOPS6527L1ZS,Registered Regular,Customer,IMP-20260324-CUST-0071
PAYAL POLYPLAST PVT. LTD,Billing,"PLOT NO. 87, 88 & 102, 103","PANCHAL UDYOG NAGAR, BHIMPORE, DAMAN - 396210",DAMAN,Dadra and Nagar Haveli and Daman and Diu,India,396210,1,1,26AAFCP5296B1ZE,Registered Regular,Customer,IMP-20260324-CUST-0072
PRAFUL VENTURE PRIVATE LIMITED,Billing,"D-4, VIJAY PARK MATHURADAS EXT.ROAD","NEAR ATUL TOWER, KANDIVALI(WEST), MUMBAI-400 067",MUMBAI-400 067,Maharashtra,India,,1,1,27AAGCP9471K1ZR,Registered Regular,Customer,IMP-20260324-CUST-0073
PINE TADING PVT. LTD.,Billing,"5-E, 5 TH FLOOR, "" AVSAR"".","77/81 KAZI SYED STREET, MANDVI, MUMBAI-400 003",MUMBAI-400 003,Maharashtra,India,,1,1,27AAACP6161G1ZH,Registered Regular,Customer,IMP-20260324-CUST-0074
GULJAG INDUSTRIES LTD. (JODHPUR),Billing,NAHATA BHAWAN,"CHOPASNI ROAD, JODHPUR-342 003, RAJASTHAN",JODHPUR-342 003,Rajasthan,India,,1,1,08AAACG1267E1ZX,Registered Regular,Customer,IMP-20260324-CUST-0075
GAUTAM CHLOROALKALIES PVT LTD.,Billing,"311, PANCHAM HIGHSTREET. O.P. ROAD",VADODARA-390007,VADODARA,Gujarat,India,390007,1,1,24AAACG8724A1Z3,Registered Regular,Customer,IMP-20260324-CUST-0076
GOKUL TANKER SERVICES PVT.LTD.,Billing,"1ST FLOOR, 106/2, PIPLIA PALA","NR. RAJEEV GANDHI CIRCLE, RING ROAD, INDOR-452001",INDOR,,India,452001,1,1,,Unregistered,Customer,IMP-20260324-CUST-0077
GULJAG INDUSTRIES LTD. (BHILWARA),Billing,"PUR ROAD, NEAR DHARAM KATA","NEAR BABAL TALKIES, OPP:- RAILWAY STATION, BHILWARA (RAJASTHAN)",BHILWARA,Rajasthan,India,,1,1,08AAACG1267E1ZX,Registered Regular,Customer,IMP-20260324-CUST-0078
N.K.MODI,Billing,"B-3, LOHAHAVAN, LAKKADPITHA ROAD",VADODARA,VADODARA,Gujarat,India,,1,1,24AEQPM9774F1ZW,Registered Regular,Customer,IMP-20260324-CUST-0079
HARSH CHEMICALS,Billing,"G1-253, 4 TH PHASE, INDUSTRIAL AREA","BALOTRA., RAJASTHAN - 344022",BALOTRA,Rajasthan,India,344022,1,1,08ALCPS7504A1ZD,Registered Regular,Customer,IMP-20260324-CUST-0080
GULJAG INDUSTRIES LTD (PALI),Billing,"31, GHARWALA JHAV","MANDIA ROAD, PALI, MARWAR",PALI,Rajasthan,India,,1,1,08AAACG1267E1ZX,Registered Regular,Customer,IMP-20260324-CUST-0081
YOGESHWAR CORPORATION,Billing,"13, SUDAMA INDUSTRIAL ESTATE","B/H. CALICO NAGAR, NAROL, AHMEDABAD - 382 405",AHMEDABAD.,Gujarat,India,,1,1,24CRIPS2105K1ZR,Registered Regular,Customer,IMP-20260324-CUST-0082
AURO TAXTILES (VARDHMAN TAXTILES LTD),Billing,(A UNIT OF VARDHMAN TAXTILES LTD.),"SAI ROAD, BADDI, - 173205, HIMACHAL PRADESH",BADDI UNIT,Himachal Pradesh,India,173205,1,1,02AABCM4692E1ZR,Registered Regular,Customer,IMP-20260324-CUST-0083
TRANSIN LOGISTICS PVT LTD.,Billing,"68, KUTCH ARCDE, N.H.8/A","GANDHIDHAM, KUTCH-370201",KUTCH,Telangana,India,370201,1,1,36AAFCT6966J1ZP,Registered Regular,Customer,IMP-20260324-CUST-0084
KUTCH CHEMICAL INDUSTRIES LTD,Billing,SURVEY NO. 166/12&3,"VILLAGE : PADANA, TAL : GANDHIDHAM, KUTCH",KUTCH,Gujarat,India,,1,1,24AABCK8460A1ZX,Registered Regular,Customer,IMP-20260324-CUST-0085
NRN ENTERPRISES,Billing,"C-28, PRATAPNAGAR, RED HOUSE ROAN","ST.PATRICK SCHOOL, OPP: ROYAL ACADMEY SCHOOL, UDAIPUR, RAJASTHAN",UDAIPUR,Rajasthan,India,,1,1,08AZUPT6571E1ZL,Registered Regular,Customer,IMP-20260324-CUST-0086
MEWAR CHEM-TECH PVT LTD.,Billing,"C-20, PRATAPNAGAR","UDAIPUR, RAJASTHAN-313001","UDAIPUR,RAJASTHAN",Rajasthan,India,313001,1,1,08AAECM9870F1Z4,Registered Regular,Customer,IMP-20260324-CUST-0087
OM CHEMUCAL INDUSTRIES LTD.,Billing,"MANDAR BLDG, FLAT.NO. 3, 2ND, FLOOR","PLOT.NO-193, TURNER ROAN, BANDRA, (WEST) MUMBAI-400050, MAHARASHTRA","BANDRA,(WEST) MUMBAI",Maharashtra,India,400050,1,1,27AAACO0764G1ZL,Registered Regular,Customer,IMP-20260324-CUST-0088
AAKASH CLAY TECH,Billing,"I-1, MARKET YARD MEHSANA","PALASAR ROAD, TAL. CHARAMA, GUJRAT",MEHSANA,Gujarat,India,,1,1,24AANFA1403G1Z0,Registered Regular,Customer,IMP-20260324-CUST-0089
SHREE MAHALAXMI TRANSCHEM,Billing,"504, ELEGANCE, LBS MARG","NR. FOREST OFFICE, THANE(W)-400602, MAHARASHTRA","NR. FOREST OFFICE, THANE(W)",Maharashtra,India,400602,1,1,27ALTPM3438L1ZE,Registered Regular,Customer,IMP-20260324-CUST-0090
RAGHAV CHEMICALS,Billing,"3RD FLOOR, ABHAY CHAMBERS","JALORI GATE, JODHPUR, RAJASTHAN",JODHPUR,Rajasthan,India,,1,1,08ADMPR4521N1ZZ,Registered Regular,Customer,IMP-20260324-CUST-0091
P.K. CHLOROCHEM P. LTD.,Billing,"FF-2, SHREEJI COMPLEX","OPP, INDRA COMPLEX, NR. ATMJYOTI BUS STAND, MANJALPUR",VADODARA,Gujarat,India,,1,1,24AADCP9406F1ZK,Registered Regular,Customer,IMP-20260324-CUST-0092
WELTERMAN INTERNATIONAL LTD,Billing,"PLOT.NO. 1135, LAMDAPURA ROAN","NEAR MANJUSAR LAMDAPURA, SAVLI, VADODARA-391775",BRD,Gujarat,India,391775,1,1,24AAACW1721H2ZP,Registered Regular,Customer,IMP-20260324-CUST-0093
A-1 ACID LIMITED,Billing,"A-1""SHIVALIK BUSINESS CENTRE""","OPP: KANS VILL GOLF ACADMY, B/H. RAJPATH CLUB, OFF S.G. HIGHEAY, BODAKDEV, AHMEDABAD-380 059","BODAKDEV, AHMEDABAD-380 059",Gujarat,India,,1,1,24AAECA6907F1ZY,Registered Regular,Supplier,IMP-20260324-SUP-0006
GUJARAT ALKALIES & CHEMICALS LIMITED,Billing,P.O. : DAHEJ-392130 TAL-VAGRA,DIST:- BHARUCH (GUJARAT),BHARUCH,Gujarat,India,392130,1,1,24AAACG8896M1ZX,Registered Regular,Customer,IMP-20260324-CUST-0094
MAHESHWARI ACID AND CHEMICALS,Billing,COLLEGE ROSAD,"BHILWARA, RAJASTHAN-311001",BHILWARA,Rajasthan,India,311001,1,1,08BFTPS4839A1Z0,Registered Regular,Customer,IMP-20260324-CUST-0095
VEE KAY OILS PVT LTD,Billing,"804, 8TH FLOOR, B-WING","NAMAN MIDTOWN, NEAR INDIA BULLS BUILDING, SENAPATI BAPAT MARG, ELPHINSAT ONE (WEST) MUMBAI-400013","SENAPATI BAPAT MARG,ELPHINSAT ONE (WEST) MUMBAI",Maharashtra,India,400013,1,1,27AAACV7617D1ZE,Registered Regular,Customer,IMP-20260324-CUST-0096
NIKEN CHEMICALS CO.,Billing,SHREERAM ESTATE,"OPP. PANDESARA PETROL PUMP, NEAR BATLIBOI, BHDWAD, SURAT - 394 220",SURAT,Gujarat,India,,1,1,24AGKPP8416B1ZI,Registered Regular,Customer,IMP-20260324-CUST-0097
PATEL ENTERPRIES,Billing,"A/8, CITIZEN SOCIETY","NEAR ATMAJOYTI ASHRAM, ELLORAPARK, VADODARA",VADODARA,Gujarat,India,,1,1,24AABFP7765J1ZX,Registered Regular,Customer,IMP-20260324-CUST-0098
AMLF LOGISTICS PVT. LTD.,Billing,"PLOT.NO. PAP-D-141, NR. BALMER LAWRIE.","TURBHE TTC IND. AREA, TURBHE NAVI MUMBAI, MAHARASHTRA","TURBHE TTC IND. AREA, TURBHE NAVI MUMBAI",Maharashtra,India,,1,1,,Unregistered,Customer,IMP-20260324-CUST-0099
AMOS CORPORATION,Billing,(A DIVISION OF AMOS ENTERPRISE PVT. LTD.),"403, 4TH FLOOR, ""637"", GULBAI TEKRA, ELLIBRIDGE, AHMEDABAD - 380 006",AHMEDABAD.,Gujarat,India,,1,1,24AABCA3032E1ZH,Registered Regular,Customer,IMP-20260324-CUST-0100
BHARAT CHEMICALS,Billing,"SHREERAM EATATE, PLOR.NO.5, -97-A","NR. BATLIBOI CO, BHEWAD, SURAT",SURAT,Gujarat,India,,1,1,24AAOPP1698K1Z1,Registered Regular,Customer,IMP-20260324-CUST-0101
CHEMICAL UDYOG PVT LTD,Billing,"S3/136, KALUNGA IND ESTATE","KALUNGA, ROURKELA, ORISSA",ORISSA,Odisha,India,,1,1,21AAECC7947D1ZW,Registered Regular,Customer,IMP-20260324-CUST-0102
ADHEESHAA CARRIERS,Billing,"F-233-234, 1E.M.I.A.","UDAIPUR-313003, RAJASTHAN",UDAIPUR,Rajasthan,India,313003,1,1,08AALFA1190Q2ZY,Registered Regular,Customer,IMP-20260324-CUST-0103
SHREE JAIN BROTHERS,Billing,"F 271, MANDIA TOAD","PALI, RAJASTHAN",PALI,Rajasthan,India,,1,1,08ACZPK8580E1ZV,Registered Regular,Customer,IMP-20260324-CUST-0104
THAKUR MULTI CHEM PVT.LTD.,Billing,I G NEAR AAPNI DHANI,"PRATAP NAGAR UDAIPUR, RAJASTHAN",PRATAP NAGAR UDAIPUR,Rajasthan,India,,1,1,08AACCT6257H2Z3,Registered Regular,Customer,IMP-20260324-CUST-0105
SHITAL CHEMICALS,Billing,"B-305, SHAPATH HEXA, OPP : KARGIL PETRO PUMP","NR, SOLA OVERBRIDGE, S.G. HIGHWAY-380060, AHMEDABAD",AHMEDABAD,Gujarat,India,380060,1,1,24AHLPP7478F1ZV,Registered Regular,Customer,IMP-20260324-CUST-0106
HINDUSTAN CHEMICAL INDUSTRIES,Billing,"3701, GIDC ESTATE","ANKLESHWAR, GUJARAT",ANKLESHWAR,Gujarat,India,,1,1,24AEBPP4596H1ZA,Registered Regular,Customer,IMP-20260324-CUST-0107
WESTERN CHEMICALS,Billing,"77, UNION CO-OP INDUSTRIAL ESTATE","RAKHIYAL, AHMEDABAD - 380023",AHMEDABAD,Gujarat,India,380023,1,1,24AAAFW2857R1ZK,Registered Regular,Customer,IMP-20260324-CUST-0108
UMANG ACID CHEM PVT. LTD.,Billing,"702, M SAPPHIRE","NR. CARGO MOTORS, C.G. ROAD, NAVRANGPUR, AHMEDABAD",AHMEDABAD,Gujarat,India,,1,1,24AAACU6844K1Z3,Registered Regular,Customer,IMP-20260324-CUST-0109
CHEMICAL CORPORATION,Billing,"C-5, SHAH CHAMBERS","NR. C T M CHAR RASTA, AHMEDABAD",AHMEDABAD,Gujarat,India,,1,1,24AAAFC6449D1ZT,Registered Regular,Customer,IMP-20260324-CUST-0110
RASAYAN UDYOG,Billing,"PLOT. NO. 1213, JANGALPUR ROAD","DEOLI, GOVINDPUR, DHANBAD. JHARKHAND",DHANBAD. JHARKHAND,Jharkhand,India,,1,1,20ABDPG9317Q1ZJ,Registered Regular,Customer,IMP-20260324-CUST-0111
PATSIL INDUSTRIES,Billing,PLOT NO. 9/10,"GIDC ESTATE, NADIAD",NADIAD,Gujarat,India,,1,1,24AAQFP7524G1Z0,Registered Regular,Customer,IMP-20260324-CUST-0112
ASIAN FERTILIZERS LTD.,Billing,P.W.D OFFICER'S COLONY,"NEAR SAHAR PRESS, PARK ROAD, GORAKHPUR, UTTARPRADESH",GORAKHPUR,Uttar Pradesh,India,,1,1,09AABCA1682L1ZI,Registered Regular,Customer,IMP-20260324-CUST-0113
DASHORA ROAD LINES,Billing,"OPP: NAKODA PETRO PUMP, CHITTOD ROAD","NIMBAHAD-312601, RAJASTHAN",NIMBAHAD,Rajasthan,India,312601,1,1,08ADZPD2701K1ZC,Registered Regular,Customer,IMP-20260324-CUST-0114
GOLDEN ALKALIES AND CHEMICALS PVT LTD.,Billing,"1, INGORIYA ROAD, PADLIYA KALA","NAGDA, UJJAIN-456335, MADHYA PRADESH",NAGDA,Madhya Pradesh,India,456335,1,1,23AAFCG2542R3ZB,Registered Regular,Customer,IMP-20260324-CUST-0115
KRISHNA AUTO CENTRE,Billing,"PLOT.NO. 325, WARD 12/B","P.B.NO. 77, GANDHIDHAM, KUTCH-370201",KUTCH,Gujarat,India,370201,1,1,24AACFK6512B1ZZ,Registered Regular,Customer,IMP-20260324-CUST-0116
DEEP CHEM,Billing,"PLOT NO. 6007/4, ROKADIA CHOKDI","GIDC ESTATE, ANKLESHWAR",ANKLESHWAR,Gujarat,India,,1,1,24AKPPP8735L1ZD,Registered Regular,Customer,IMP-20260324-CUST-0117
BHARAT ACID & CHEMICALS,Billing,"PLOT NO. 31/B, 1 ST PHASE","OPP. BAUMER TECHNOLOGIES INDIA PVT LTD, N.H. NO. 48, GIDC, VAPI",VAPI,Gujarat,India,,1,1,24ACCPP2381D1ZY,Registered Regular,Customer,IMP-20260324-CUST-0118
SHREE HARI ENTERPRISE,Billing,"B/11, SNEH SUDHA SOCIETY","B/H, NUTAN MAHESHWAR SOC, SUBHANPURA, VADODARA - 390 023",VADODARA,Gujarat,India,,1,1,24ACPPP2857D1ZG,Registered Regular,Customer,IMP-20260324-CUST-0119
SHIVAM PRODUCTS,Billing,"PLOT.NO. 4797, LYKA LAB ROAD","GIDC ANKLESHWAR-393002, DIST-BHARUCH",BHARUCH,Gujarat,India,393002,1,1,24AAXFS8873L1Z1,Registered Regular,Customer,IMP-20260324-CUST-0120
SHANTI INORGO CHEM (GUJ) PVT LTD.,Billing,"PLOT.NO. 2015, PHASE-III, GIDC","VATVA, AHMEDABAD-382445.",AHMEDABAD,Gujarat,India,382445,1,1,24AANCS7800E2ZE,Registered Regular,Customer,IMP-20260324-CUST-0121
SHREEJI CHEMICALS,Billing,"272, SHYAM VIHAR-3, WELCOME PARTY PLOT","MODHERA ROAD, MEHSANA-384002, GUJARAT",MAHESANA,Gujarat,India,384002,1,1,24ADGPS0614K1ZM,Registered Regular,Customer,IMP-20260324-CUST-0122
PATEL PHOSCHEM LTD.,Billing,"4827-26, INDUSTRIAL AREA","THAMARKOTA RD, VILL:-UMARDA, TEHSIL :- GIRWA, UDAIPUR-313901",UDAIPUR UNIT,Rajasthan,India,313901,1,1,08AADCP8768Q1ZC,Registered Regular,Customer,IMP-20260324-CUST-0123
DEEPAK FERTILISERS AND PETROCHEMICALS CORP.LIMITED,Billing,K-2 TO K-6 MICD IND . AREA. TALOJA A.V.,"RAIGAD, MAHARASHTRA-410208","RAIGAD, MAHARASHTRA",Maharashtra,India,410208,1,1,27AAACD1388D1ZW,Registered Regular,Customer,IMP-20260324-CUST-0124
B.ROSHANLAL CHEMICALS,Billing,ABHISHEK NAGAR 15/2,"NEMAWAR ROAD, PALDA INDORE-452020",INDORE,Madhya Pradesh,India,452020,1,1,23AAVFB2688N1ZP,Registered Regular,Customer,IMP-20260324-CUST-0125
ACID SALES CORPORATION,Billing,9/C PATEL INDUSTRIAL ESTATE,"YAMUNA MILLROAD.PRATAPNAGAR, VADODARA",VADODARA,,India,,1,1,,Unregistered,Supplier,IMP-20260324-SUP-0007
CHEMIEORGANIC CHEMICALS (INDIA) PVT LTD.,Billing,"FACT: 758 GIDC, JHAGADIA",DIST. BHARUCH-393110,BHARUCH,Gujarat,India,393110,1,1,24AAACC4434B1ZE,Registered Regular,Customer,IMP-20260324-CUST-0126
RAHUL ROADLINES,Billing,"19/C, NAGESHWAR COMPLEX","V. I. P. POAD, KARELIBAUG, VADODARA-390 022.",VADODARA,Gujarat,India,,1,1,24AHNPS0720M1Z4,Registered Regular,Customer,IMP-20260324-CUST-0127
TIRUPATI TRADING ENTERPRISES,Billing,"5-152"" JYOTHI"", NR. GOKUL DAIRY","ASHOKNAGAR, MANGLORE-57006, KARNATAKA","ASHOKNAGAR,MANGLORE-57006",Karnataka,India,,1,1,29AAPPH5620J2ZD,Registered Regular,Customer,IMP-20260324-CUST-0128
HINPRAKASH TRADELINK PVT LTD,Billing,"PLOT NO.10/6, PHASE - 1","GIDC, VATVA, AHMEDABAD",AHMEDABAD,Gujarat,India,,1,1,24AABCA2919G1Z3,Registered Regular,Customer,IMP-20260324-CUST-0129
PALVI INDUSTRIES LIMITED,Billing,"PHASE-1, Z-78/79, DAHEJ","SEZ-DAHEJ, TALUKA;-VAGRA, BHARUCH-392130",BHARUCH,Gujarat,India,392130,1,1,24AADCP8242K2Z8,Registered Regular,Customer,IMP-20260324-CUST-0130
LALIT BROTHERS,Billing,"93, DHANMANDI","RATLAM, MADHYA PRADESH",RATLAM,Madhya Pradesh,India,,1,1,23AENPM5239E1ZJ,Registered Regular,Customer,IMP-20260324-CUST-0131
VISHINE FUEL STATION,Billing,URVEY NO.42/21 PAIKI,"NEAR GIRIRAJ HOTEL, MOTALI-393010, TAL.ANKLESHWAR, DIST. BHARUCH",ANKLESHWAR,,India,393010,1,1,,Unregistered,Supplier,IMP-20260324-SUP-0009
YOGESHWAR ACID & CHEMICALS,Billing,"GROUND FLOOR, ROOM.NO. 05","AADINATH APPARTMENT, 15 KESHAVNAGAR, UDAIPUR-313001",AHMEDABAD.,Rajasthan,India,313001,1,1,08EDDPS8257P1ZI,Registered Regular,Customer,IMP-20260324-CUST-0132
BODAL CHEMICALS LTD-X,Billing,VADODARA,GUJARAT,VADODARA,Gujarat,India,,1,1,24AAACD5352MIZN,Registered Regular,Customer,IMP-20260324-CUST-0133
GUJARAT IMPEX,Billing,VADODARA,,VADODARA,Gujarat,India,,1,1,24AQNPB0056C1ZI,Registered Regular,Supplier,IMP-20260324-SUP-0011
EMPIRE TYRE & TREADS,Billing,VADODARA,,VADODARA,Gujarat,India,,1,1,24ABBFS1621B1ZY,Registered Regular,Supplier,IMP-20260324-SUP-0012
SWASTIK CORPORATION,Billing,VADODARA,,VADODARA,Gujarat,India,,1,1,24ABBFS1621B1ZY,Registered Regular,Supplier,IMP-20260324-SUP-0013
SINDLAL TYRES SALES & SERVICES,Billing,VADODARA,,VADODARA,Gujarat,India,,1,1,24AEUPP6304E1ZF,Registered Regular,Supplier,IMP-20260324-SUP-0014
LAXMI ENTERPRISE,Billing,VADODARA,,VADODARA,Gujarat,India,,1,1,24ABBFS1621B1ZY,Registered Regular,Supplier,IMP-20260324-SUP-0015
AMBICA TYRES & TRADING,Billing,ANKLESHWAR,,ANKLESHWAR,Gujarat,India,,1,1,24ABBFS1621B1ZY,Registered Regular,Supplier,IMP-20260324-SUP-0016
BHIMANI CHEMICALS PVT.LTD,Billing,"510, ""MAHAKANT"" V.S.HOSPITAL","ELLISBRIDGE, AHMEDABAD-380 006",AHMEDABAD,Gujarat,India,,1,1,24AABCB5513F1Z8,Registered Regular,Customer,IMP-20260324-CUST-0134
LANDMARK COMPOUND,Billing,VADODARA-391740,GUJRAT.INDIA,VADODARA,Gujarat,India,391740,1,1,24AACCW1966G1ZB,Registered Regular,Supplier,IMP-20260324-SUP-0017
GUJARAT ALKALIES & CHEMICALS LTD,Billing,P.O.:PETROCHEMICALS-391346,DIST:VADODARA.(GUJARAT),VADODARA,Gujarat,India,391346,1,1,24AAACG8896M1ZX,Registered Regular,Customer,IMP-20260324-CUST-0135
HIREN CONSTRUCTION,Billing,"A1, SURUAKIRAN SOCIETY","KAILASHPATI TEMPLE, NEW SAMA ROAD, VADODARA",VADODARA,,India,,1,1,,Unregistered,Supplier,IMP-20260324-SUP-0020
S. M. ENGINEERING,Billing,PLOT NO 1 BRUSHELLZ INDUSTRIAL PARK,"FERTILIZER CHOWKDI, N.H-08 VADODARA",VADODARA,Gujarat,India,,1,1,24APQPY4718J1Z6,Registered Regular,Supplier,IMP-20260324-SUP-0021
VIKRANT ENTERPRISES,Billing,9328242061,8905563033,VADODARA,,India,,1,1,,Unregistered,Supplier,IMP-20260324-SUP-0024
WESTERN CHEMAICALS,Billing,"77.UNION CO-OP, INDUSTRIAL ESTATE","OPP, GUJRAT BOTTLING CO; RAKHIAL, AHMEDABAD - 380 023",AHMEDABAD - 380 023,Gujarat,India,,1,1,24AAAFW2857R1ZK,Registered Regular,Supplier,IMP-20260324-SUP-0031
HINDALCO INDUSTRIES LTD(UNIT: RENUSAGAR),Billing,CAPTIVE POWER PLANT,"P.O.RENUSAGAR-231218, DIST: SONEBHADRA, UTTAR PRADESH","P.O.RENUSAGAR-, DIST: SONEBHADRA",Uttar Pradesh,India,231218,1,1,09AAACH1201R1ZL,Registered Regular,Customer,IMP-20260324-CUST-0136
Raj Laxmi Auto Workshop,Billing,Ankleswer,,ANKLESHWAR,Gujarat,India,,1,1,24FBKPS5268G1Z6,Registered Regular,Supplier,IMP-20260324-SUP-0034
HDFC BANK LIMITED,Billing,VADODARA,,VADODARA,Maharashtra,India,,1,1,27AAACH2702H5ZW,Registered Regular,Supplier,IMP-20260324-SUP-0044
DINESH AUTO PARTS,Billing,VADODARA,,VADODARA,Gujarat,India,,1,1,24AABFD1839M1ZG,Registered Regular,Supplier,IMP-20260324-SUP-0045
RAMA NAND ENTERPRISES INDIA PVT LTD,Billing,31-B BARAGHATA IND.AREA JHANSI-ROAD,GWALIOR (M.P.),GWALIOR,Madhya Pradesh,India,,1,1,23AABCR5052K1ZH,Registered Regular,Customer,IMP-20260324-CUST-0137
PRAGYA TRADERS,Billing,SHOP NO 3 AGARWAL SHOPPING,"OPP.J.D.PATEL ESTATE IPCL ROAD, RANOLI-391350",VADODARA,Gujarat,India,391350,1,1,24ADHPP6672M1ZY,Registered Regular,Supplier,IMP-20260324-SUP-0046
SHIV KRUPA STEEL SUPPLIERS,Billing,J.D.PATEL EATATE IPCL ROAD,RANOLI VADODARA,VADODARA,Gujarat,India,,1,1,24ABIPP6456C1ZO,Registered Regular,Supplier,IMP-20260324-SUP-0047
HARJIT AUTO TRADERS,Billing,GIDC RANOLI VADODARA,,VADODARA,Gujarat,India,,1,1,24AFMPS4138Q1ZP,Registered Regular,Supplier,IMP-20260324-SUP-0048
SHREE CEMENT LTD,Billing,BANGUR CITY RAS,"TEHSIL:-JAITARN, DIST: PALI. RAJASTHAN",DIST: PALI. RAJASTHAN,Rajasthan,India,,1,1,08AACCS8796G1ZR,Registered Regular,Customer,IMP-20260324-CUST-0138
MK MOTORS-VADODARA,Billing,SURVEY 46/2 PLOT NO 2,"DURGA INDUSTRIAL EATATE NH-8, SANKARDA VADODARA",VADODARA,Gujarat,India,,1,1,24AAOFM2723Q1ZT,Registered Regular,Supplier,IMP-20260324-SUP-0049
UNICHEM CORPORATION,Billing,"87, CENTRAL VENUE","GANDHI BAUGH, NAGPUR, MAHARASHTRA, PIN CODE-440018",PIN CODE,Maharashtra,India,440018,1,1,27AAGPH5417C1Z3,Registered Regular,Customer,IMP-20260324-CUST-0139
JAY CHEHR ENGINEERS,Billing,VADODARA,,VADODARA,Gujarat,India,,1,1,24BNGPR4499N1Z4,Registered Regular,Supplier,IMP-20260324-SUP-0051
GULJAG INDUSTRIES LTD. (BALOTRA),Billing,"SHOP, NO. 51. INDUSTRIES AREA 1ST PHASE","BALOTRA-344022, RAJASTAN",BALOTRA,Rajasthan,India,344022,1,1,08AAACG1267E1ZX,Registered Regular,Customer,IMP-20260324-CUST-0140
GAYATRI TANKS,Billing,VADODARA,,VADODARA,Gujarat,India,,1,1,24ACRPP9551C1ZB,Registered Regular,Supplier,IMP-20260324-SUP-0052
UTSAV STEEL TRADERS,Billing,VADODARA,,VADODARA,Gujarat,India,,1,1,24AAAHU5754P1ZK,Registered Regular,Supplier,IMP-20260324-SUP-0057
AKSHAT COMPUTERS,Billing,VADODARA,,VADODARA,Gujarat,India,,1,1,24AWIPS3232Q1Z1,Registered Regular,Supplier,IMP-20260324-SUP-0060
NEW CHEMACID MFG &TRADERS,Billing,"C-1B-166, PHASE - 2, B/H MEGHMANI","G.I.D.C. VATVA, AHMEDABAD","G.I.D.C. VATVA, AHMEDABAD",Gujarat,India,,1,1,24ACPPS1341D1ZS,Registered Regular,Customer,IMP-20260324-CUST-0141
MULTICHEM CORPORATION,Billing,"A-1002, 10 TH FLOOR, SANKAIP ICONIC TOWQERS","NR. ISKON CROSS ROAD, OFF S.G.HIGHWAY, ISKON AMBIL ROAD, AHMEDABAD-380058",AHMEDABAD,Gujarat,India,380058,1,1,24AADFM1147K1ZG,Registered Regular,Customer,IMP-20260324-CUST-0142
GAYATRI TANKS INDUSTRIES,Billing,VADODARA,,VADODARA,Gujarat,India,,1,1,24AARFG6345D1ZD,Registered Regular,Supplier,IMP-20260324-SUP-0061
TRADEX CORPORATION,Billing,"402, 637 COMPLEX, PANCHVATI 2ND LANE","GULBAI TEKRA, ELLISBRIDGE, AHMEDABAD-380 006",AHMEDABAD,Gujarat,India,,1,1,24AAAFT8597R1Z6,Registered Regular,Customer,IMP-20260324-CUST-0143
MARCKWEL ENGINEERING COMPANY,Billing,VADODARA,,VADODARA,Gujarat,India,,1,1,24AAAYFM5363Q2Z8,Registered Regular,Supplier,IMP-20260324-SUP-0063
SHARDA ENTERPRISES,Billing,VADODARA,,VADODARA,Rajasthan,India,,1,1,08AANPT4126F1ZI,Registered Regular,Supplier,IMP-20260324-SUP-0064
SATYAPRAKASH ENTERPRISE,Billing,VADODARA,,VADODARA,Gujarat,India,,1,1,24ACKFS7948D1ZT,Registered Regular,Supplier,IMP-20260324-SUP-0065
PARTAP SINGH & SONS,Billing,VADODARA,,VADODARA,Gujarat,India,,1,1,24AAAFP8679G1ZY,Registered Regular,Supplier,IMP-20260324-SUP-0067
DECCAN VEHICLES PVT LTD,Billing,VADODARA,,VADODARA,Gujarat,India,,1,1,24AABCD4011C1ZL,Registered Regular,Supplier,IMP-20260324-SUP-0068
Yantraman Infrasolutions Pvt. Ltd.,Billing,VADODARA,,VADODARA,Gujarat,India,,1,1,24AAACY2868H1Z6,Registered Regular,Supplier,IMP-20260324-SUP-0070
MANMOHAN MINERALS AND CHEMICALS PVT.,Billing,PLOT.NO. 769/4 GIDC,"JHAGADIA, BHARUCH-393110",BHARUCH,Gujarat,India,393110,1,1,24AAFCM6627D1ZO,Registered Regular,Customer,IMP-20260324-CUST-0144
DIESEL WORLD SERVICE,Billing,VADODARA,,VADODARA,Gujarat,India,,1,1,24ESYPK7720K1Z0,Registered Regular,Supplier,IMP-20260324-SUP-0071
ANTONY COMMERCIAL VEHICLE PVT LTD,Billing,"36, NEAR DHANSAR BUS STOP","TALOJA, MAHARASHTRA",TALOJA,Maharashtra,India,,1,1,27AAJCA4028Q1Z8,Registered Regular,Supplier,IMP-20260324-SUP-0075
SHREE SHYAM TRADERS,Billing,VADODARA,,VADODARA,Gujarat,India,,1,1,24ANWPC0456F1Z4,Registered Regular,Supplier,IMP-20260324-SUP-0077
SANJOG MOTORS,Billing,MAHARASHTRA,,MAHARASHTRA,Gujarat,India,,1,1,24APSPB3884Q,Registered Regular,Supplier,IMP-20260324-SUP-0078
CROMA INFINITI RETAIL LTD,Billing,VADODARA,,VADODARA,Gujarat,India,,1,1,24AACCV1729H1ZX,Registered Regular,Supplier,IMP-20260324-SUP-0079
RUSHI TRADING,Billing,VADODARA,,VADODARA,Gujarat,India,,1,1,24AEDPV7589Q1ZC,Registered Regular,Supplier,IMP-20260324-SUP-0080
SUBEDAR AUTOMOBILES,Billing,VADODARA,,VADODARA,Gujarat,India,,1,1,24AVQPS8710E1ZB,Registered Regular,Supplier,IMP-20260324-SUP-0081
SHRIHARI ENTERPRISE,Billing,VADODARA,,VADODARA,Gujarat,India,,1,1,24AAIPS7082A1ZL,Registered Regular,Supplier,IMP-20260324-SUP-0082
DHRUV MOTORS (I) PVT LTD,Billing,VADODARA,,VADODARA,Gujarat,India,,1,1,24AADCD5472B1ZC,Registered Regular,Supplier,IMP-20260324-SUP-0083
VIPUL ENTERPRISE,Billing,VADODARA,,VADODARA,Gujarat,India,,1,1,24AAWPP0032D1ZY,Registered Regular,Supplier,IMP-20260324-SUP-0086
GUJARAT AUTO CENTER,Billing,VADODARA,,VADODARA,Gujarat,India,,1,1,24ADDPV4656M1Z0,Registered Regular,Supplier,IMP-20260324-SUP-0088
SHREE AMBICA FABRICATION WORKS,Billing,VADODARA,,VADODARA,Gujarat,India,,1,1,24AIPSPC9019PIZO,Registered Regular,Supplier,IMP-20260324-SUP-0089
SHREE KUBER ENTERPRISE,Billing,VADODARA,,VADODARA,Gujarat,India,,1,1,24AENPK9166Q1ZK,Registered Regular,Supplier,IMP-20260324-SUP-0092
SHREEJI INDUSTRIES,Billing,"S-19, JAMES PLAZA SQUARE, NR.ASIANPAINT CHOWKADI","GIDC, ANKLESHWAR, DIST: BHARUCH",ANKLESHWAR,Gujarat,India,,1,1,24ADMFS6354C1Z1,Registered Regular,Customer,IMP-20260324-CUST-0145
DISHANT ROAD LINES,Billing,"CHITTOR ROAD, MANGROL, OPP: NAKODA PETROL PUMP","TEH: NIMBAHERA-312601, RAJASTHAN",TEH: NIMBAHERA,Rajasthan,India,312601,1,1,08CBAPD4887R1ZY,Registered Regular,Customer,IMP-20260324-CUST-0146
AUTOMOTIVE MANUFACTURERS PVT. LTD.,Billing,VADODARA,,VADODARA,Gujarat,India,,1,1,24AAACA3428K1ZX,Registered Regular,Supplier,IMP-20260324-SUP-0093
BEC FERTILIZERS LIMITED,Billing,"PLOIT NO, 912 & 912-A, GIDC","JHAGADIA-393110, DIST, BHARUCH",JHAGADIA,Gujarat,India,393110,1,1,24AACCB9905E1ZX,Registered Regular,Customer,IMP-20260324-CUST-0147
SHREE KRISHNA AGENCIES,Billing,VADODARA,,VADODARA,Gujarat,India,,1,1,24AAFFS3543K1Z4,Registered Regular,Supplier,IMP-20260324-SUP-0095
SUMIT CHEMTEX,Billing,"M.D.NAGAR .PLOT.NO. 14, TANAWADA FANTA","SALAWAS ROAD, JODHPUR, RAJASTHAN.","SALAWAS ROAD, JODHPUR",Rajasthan,India,,1,1,08ACLPT8130F2ZB,Registered Regular,Customer,IMP-20260324-CUST-0148
VAISHALI CHEMICALS,Billing,77/2-UNION CO-OP,"INDUSRIAL ESTATE, OPP, GUJRAT BOTTKLING CO, AHMEDABAD-380 023",AHMEDABAD-380 023,,India,,1,1,,Unregistered,Supplier,IMP-20260324-SUP-0098
HIND ACID & CHEMICALS,Billing,PLOT NO.264 NEAR NARAYAN SILK MILLS,"GIDC PANDESARA, SURAT - 394 221",SURAT - 394 221,Gujarat,India,,1,1,24ABTPP7707R1ZM,Registered Regular,Supplier,IMP-20260324-SUP-0099
BHARAT TANKER TRANSPORT COMPANY,Billing,"35-A, CENTRAL AREA OPP","AVARIMATA MANDIR, UDAIPUR-313 002",UDAIPUR-313 002,,India,,1,1,,Unregistered,Supplier,IMP-20260324-SUP-0100
NARESH VYAS,Billing,MUMBAI-400037,,MUMBAI,Maharashtra,India,400037,1,1,27AACP8761D2ZD,Registered Regular,Supplier,IMP-20260324-SUP-0101
NRN ENTERPRISES-OWNER,Billing,C-28 PRATAP NAGAR,UDAIPUR,UDAIPUR,Rajasthan,India,,1,1,08AZUPT6571E1ZL,Registered Regular,Supplier,IMP-20260324-SUP-0102
SHREEJI CHEMICALS-,Billing,272 SHYAMVIHAR BUNGLOWS-3,"B/H WELCOME PARTY PLOT, MODHERA ROAD, MEHSANA-384002",MEHSANA,Gujarat,India,384002,1,1,24ADGPS0614K1ZM,Registered Regular,Supplier,IMP-20260324-SUP-0103
SHREEJI DIESELS,Billing,VADODARA,,VADODARA,Gujarat,India,,1,1,24ABBFD1621B1ZY,Registered Regular,Supplier,IMP-20260324-SUP-0106
BRAHAMANI SERVICE STATION,Billing,"PLOT NO. 36, 39, 40, 41","LALA NAGA BESIDE RELIANCE GAS GODOWN, RAJPIPLA CHOKADI, NKLESHWAR",ANKLESHWAR,,India,,1,1,,Unregistered,Supplier,IMP-20260324-SUP-0107
MAHESHBHAI MELABHAI SOLANKI,Billing,G.I.D.C RANOLI,,VADODARA,,India,,1,1,,Unregistered,Supplier,IMP-20260324-SUP-0108
RELIABLE AUTO WORKSHOP,Billing,SHOP NO 1 PAL COMPLEX NR. KING FISHERHOTEL,N.H NO 08 ANKLESHWAR-393002,ANKLESHWAR,Gujarat,India,393002,1,1,24AAYFR3032M1ZQ,Registered Regular,Supplier,IMP-20260324-SUP-0109
RAJU SEAT CENTRE,Billing,NH NO 8 RANOLI,DIST VADODARA,VADODARA,,India,,1,1,,Unregistered,Supplier,IMP-20260324-SUP-0110
Pradeep Kumar & Company,Billing,"4-CKSB, NEA KUMAWATO KA NOHAR, CHITTORGARH(RJ)",,"4-CKSB,NEA KUMAWATO KA NOHAR, CHITTORGARH(RJ)",Rajasthan,India,,1,1,08ACIPB6020F1Z4,Registered Regular,Supplier,IMP-20260324-SUP-0112
SHEE KRISHNA AGENCIS,Billing,A-37 RAJLAXMI COMPLEX OLD PADRA ROAD VADODARA -390007,,VADODARA,Gujarat,India,390007,1,1,24AAFFS3543K1Z4,Registered Regular,Supplier,IMP-20260324-SUP-0113
MAHAVIR BUSINESS CENTRE,Billing,G-1 MANSHI COMPLEX,KOTHI POLE RAOPURA VADODARA,VADODARA,Gujarat,India,,1,1,24BGHPS2980R1ZJ,Registered Regular,Supplier,IMP-20260324-SUP-0114
PATEL MOTIRS COMPUTEISED WHEEL ALIGNMENT & BLALNCING,Billing,"E-1, HANGANGA APPATMENT OPP","WAGHESHWARI SOCIETY NEAR VRUNDAVAN CHAR RASTA, AJWA-WAGHODIYA RING ROAD VADODARA",VADODARA,,India,,1,1,,Unregistered,Supplier,IMP-20260324-SUP-0115
SATYAM TYRE WORKS,Billing,OPP.CNG GAS STATION N.H 8 DASHRATH VADOAA,,VADODARA,,India,,1,1,,Unregistered,Supplier,IMP-20260324-SUP-0116
AIRMAX PNEUMATIC CONTOLS,Billing,AEKWAD COMPLEX LEHIPUA NEW ROAN BARODA,,VADODARA,Gujarat,India,,1,1,24AAVFA3135D1ZP,Registered Regular,Supplier,IMP-20260324-SUP-0117
JSL LUBETECH,Billing,KALUPURA VADODARA -390006,,VADODARA,Gujarat,India,390006,1,1,24ATWPC9723F1ZG,Registered Regular,Supplier,IMP-20260324-SUP-0118
"GSFC LTD,SIKKA UNIT",Billing,SIKKA UNIT,"P.O.MOTI KHAVDI, DIST: JAMNAGAR",DIST: JAMNAGAR,Gujarat,India,,1,1,24AAACG7996C1ZJ,Registered Regular,Customer,IMP-20260324-CUST-0149
SHREE AMBICA AUTO SALES & SERVICE,Billing,PLOT NO 10/B RANOLI G.I.D.C. ESTATE ANOLI CHAR RASTS,AT. & PO. RANOLI DIST VADODARA,VADODARA,Gujarat,India,,1,1,24AAEFA0874G1ZS,Registered Regular,Supplier,IMP-20260324-SUP-0119
DEEPAK FERTILISERS & PETROCHEMICALS CORPORATION LTD,Billing,"PLOT.NO. D-II/7A, DAHEJ IND. ESTATE","VILL: RAHIYAD, TAL: VAGRA, BHARUCH-392130",BHARUCH,Gujarat,India,392130,1,1,24AAACD1388D2Z1,Registered Regular,Customer,IMP-20260324-CUST-0150
THE MERCHANTRY CORPORATION,Billing,"22, Technocrat Housing Society","Near Neel Kanth Mahadev, Benind UIT Office, Udaipur",Udaipur,Rajasthan,India,,1,1,08BCXPM0339L1ZY,Registered Regular,Customer,IMP-20260324-CUST-0151
R.K. TRADING CO.,Billing,"89/2, HIRABHAI MARKET, DIWAN BALLUBHAI ROAD","MANINAGAR, AHMEDABAD-380008","MANINAGAR, AHMEDABAD",Gujarat,India,380008,1,1,24AABFR0845B1ZT,Registered Regular,Customer,IMP-20260324-CUST-0155
LAXMI AGRO- IND. CONSULTANT & EXPORTERS LTD,Billing,VILLAGE PADANA,"GANDHIDHAM, KUTCH-370240",KUTCH,Gujarat,India,370240,1,1,24AAACL0471B1Z8,Registered Regular,Customer,IMP-20260324-CUST-0156
SHREE GURUKRUPA AUTOMOBILES,Billing,AT SIDASAR ROAD B/H GEB SUB STATIOON,VALUKAD B.O-364060 GUJARAT,VALUKAD,Gujarat,India,364060,1,1,24DKMPP5842Q1Z9,Registered Regular,Supplier,IMP-20260324-SUP-0120
NIRAL ENTERPRISE,Billing,AT.DASHRATH-KARACHIYA ROAD VADODARA-391310,,VADODARA,Gujarat,India,391310,1,1,24ANFPP3364E1Z5,Registered Regular,Supplier,IMP-20260324-SUP-0123
ASIAN CHEMICALS,Billing,PLOT NO. 3431,"PHASE-IV, G.I.D.C, VATVA, AHMEDABAD",AHMEDABAD.,,India,,1,1,,Unregistered,Customer,IMP-20260324-CUST-0161
RISHABH CHEMICALS IND.,Billing,GANGESH GARDEN-PHASE-II,"106, KIRAN CHANDRA SIINGHA ROAD, BLOCK-GA12, GROUND FLOOR, SHIBPUR, HOWRAH-711102",HOWRAH,West Bengal,India,711102,1,1,19AAHFR3338K1ZT,Registered Regular,Customer,IMP-20260324-CUST-0162
U.P. CHEMICLS,Billing,"GILL ROAD, LUDHIANA",PUNJAB,A.P.REFINERY PVT LTD-PUNJAB,Punjab,India,,1,1,03ABAPJ4407F1ZD,Registered Regular,Customer,IMP-20260324-CUST-0163
AMBICA AUTO GARAGE,Billing,"13, MARUTI COMPLEX","B/H, DHANLAXMI PETROL PUMP, N.H.NO. 8 GIDC RANOLI, VADODARA",VADODARA,Gujarat,India,,1,1,,Unregistered,Supplier,IMP-20260324-SUP-0125
KISHAN MOTOR GARAGE,Billing,RANOLI,VADODARA,VADODARA,,India,,1,1,,Unregistered,Supplier,IMP-20260324-SUP-0126
AUGUSTA MOTORS PVT.LTD,Billing,MAHARASHTRA,,MAHARASHTRA,Gujarat,India,,1,1,24ABBFS1621B1ZY,Registered Regular,Supplier,IMP-20260324-SUP-0129
SHABNAM VALVE REPAIRING LPG,Billing,PLOT NO 1010 TO 1013 ROAD NO 11,"GIDC, ANOLI VADODARA",VADODARA,,India,,1,1,,Unregistered,Supplier,IMP-20260324-SUP-0130
KAMAL COMMERCIAL VEHICLES PVT LTD-UDAIPUR,Billing,RAJASTHAN,,Rajasthan,Rajasthan,India,,1,1,08AAECK7749K1ZX,Registered Regular,Supplier,IMP-20260324-SUP-0131
KATARIA MOTORS PVT. LTD.,Billing,GUJARAT,,Gujarat,Gujarat,India,,1,1,24AACCK0029Q1ZI,Registered Regular,Supplier,IMP-20260324-SUP-0132
ANIL ACID AND CHEMICALS,Billing,"129, VARDMANFASHION MALL","NEAR BHAGWAN MAHAVIR HOSPITAL, ROAD NO, 43 PITAMPURA, NEW DELHI-110043",NEW DELHI,Delhi,India,110043,1,1,07AANPK6040R1Z3,Registered Regular,Customer,IMP-20260324-CUST-0165
GIRNAR MOTORS,Billing,60//4 AKOLA NEXT TO BHARATIYA COMPOUND,"MOUZA: RIDHORA, BALAPUR",BALAPUR,Maharashtra,India,,1,1,27AAGFG8635D1ZD,Registered Regular,Supplier,IMP-20260324-SUP-0139
OM ASSOCIATES,Billing,VADODARA,,VADODARA,Gujarat,India,,1,1,24AAEFO5202C1ZY,Registered Regular,Supplier,IMP-20260324-SUP-0140
METMIN COMMTRADE PRIVATE LTD.,Billing,"PLON.NO.881, JEAOLGORA ROAD, JEAOLGORA","GOVINDPURA, DHANBAD-B28109","GOVINDPURA , DHANBAD-B28109",Jharkhand,India,,1,1,20AAJCM7328M2Z8,Registered Regular,Customer,IMP-20260324-CUST-0166
BRAVIM CHEMICALS AND FERTILIZERS LTD.,Billing,PRIMARY,"A-62, 63, 864, G.T.ROAD, KANDRAINDSTIAL AREA, DHANBAD-828109",DHANBAD,Jharkhand,India,828109,1,1,20AAHCB1279L2ZP,Registered Regular,Customer,IMP-20260324-CUST-0167
ADHEESHAA PHOSPHATES,Billing,UNIT UDAIPUR POLY SACKS LTD,"5059, UMARDA JAMAR KOTRA ROAD, UDAIPUR, RAJASTHAN",UDAIPUR,Rajasthan,India,,1,1,08AAACU3998A1Z9,Registered Regular,Customer,IMP-20260324-CUST-0168
JAI BAJARANGBALI CHEMICAL INDUSTRIES,Billing,"106, KIRAN CHANDRASINGHA ROAD","GANGES GARDEN BLOCK GA-12 GROUND FLOOR, SHIBPUR-HOWRA-711102",SHIBPUR-HOWRA,West Bengal,India,711102,1,1,19AAFFJ8129A1ZH,Registered Regular,Customer,IMP-20260324-CUST-0170
V.G. AUTOMOBILES,Billing,GUJARAT,,Gujarat,Gujarat,India,,1,1,24ADZPP9289N1Z3,Registered Regular,Supplier,IMP-20260324-SUP-0149
FLARE CHEMICALS PVT.LTD,Billing,"29, NEW KARTIKEYA SOCIETY","HIREN MAGRI SEC.04, UDAIPUR, RAJSTHAN",RAJSTHAN,Rajasthan,India,,1,1,08AADCF2978E1ZJ,Registered Regular,Supplier,IMP-20260324-SUP-0150
CHOUDHARY INDUSTRIES & CHEMICALS,Billing,"7, NAVKAR BHAVAN PINDWARA ROAD","DEBARI, UDAIPUR, RAJASTHAN-313001","DEBARI, UDAIPUR",Rajasthan,India,313001,1,1,08AVBPJ4172C1ZX,Registered Regular,Customer,IMP-20260324-CUST-0171
JAMMU PIGMENTS LTD,Billing,"VILL-LOGATE, NEAR RAILWAY CROSSING","TEH & DIST :- KATHUA, 184104, JAMMU & KASHMIR",JAMMU & KASHMIR,Jammu and Kashmir,India,184104,1,1,01AABCJ6000H1ZC,Registered Regular,Customer,IMP-20260324-CUST-0172
SIDDHARATHA AGENCIES,Billing,"A-126, 1ST FLOOR, PREET VIHAR",DELHI-110092,"A-126, 1ST FLOOR, PREET VIHAR",Delhi,India,110092,1,1,07AGEPM5134F2ZL,Registered Regular,Customer,IMP-20260324-CUST-0173
DEEPAK PHENOLICS LIMITED,Billing,"12B/1, GIDC, DAHEJ INDUSTRIAL ESTATE","TAL-VAGRA, DIST: BHARUCH-392130","TAL-VAGRA, DIST: BHARUCH",Gujarat,India,392130,1,1,24AADCD7856R1ZX,Registered Regular,Customer,IMP-20260324-CUST-0174
ZIL ORGANICS PRIVATE LTD.,Billing,PLOT.NO. 174-175/B AKVN INDUSTRIAL,"MEGHNAGAR, DIST: JHABUA","MEGHNAGAR, DIST: JHABUA",Madhya Pradesh,India,,1,1,23AABCZ4642B1ZQ,Registered Regular,Customer,IMP-20260324-CUST-0175
COLOUR CHROMES PVTLTD.,Billing,PLOT.NO.E-103 & B-68 SATHARIYA INDL DEVALOPMENT,"JAUNPUR, UTTAR PRADESH-222202","JAUNPUR, UTTAR PRADESH",Uttar Pradesh,India,222202,1,1,09AABCC1961A1Z5,Registered Regular,Customer,IMP-20260324-CUST-0176
DASHMESH CRANE SERVICES,Billing,VADODARA,,VADODARA,Gujarat,India,,1,1,24ABLPR6891A1ZG,Registered Regular,Supplier,IMP-20260324-SUP-0153
IDEAL TYRES,Billing,VADODARA,,VADODARA,Gujarat,India,,1,1,24AEZPT7850G1ZP,Registered Regular,Supplier,IMP-20260324-SUP-0154
DEEPAK NITRITE LTD ( HSD UNIT-I ),Billing,"PLOT NO 90F IDA, PHASE-1, JEEDIMETLA","HYDREABAD, TELANGANA-500016","HYDREABAD, TELANGANA",Telangana,India,500016,1,1,36AAACD7468A1ZU,Registered Regular,Customer,IMP-20260324-CUST-0177
JAYASREE CHEM EXIM PVT LTD.,Billing,"NO.2A/B, THULASI STREET, VANKATAPURAM","AMBATTUR, CHENNAI, TAMILNADU-600053",CHENNAI,Tamil Nadu,India,600053,1,1,33AAECJ9481D1ZJ,Registered Regular,Customer,IMP-20260324-CUST-0178
ROHAN DYES AND INTERMEDIATES LTD-UNIT-II,Billing,"SURVEY NO 637/23/A/2, VILLAGE :-KALAMSAR",KHAMBAT DIST : ANAND,KHAMBAT DIST : ANAND,Gujarat,India,,1,1,24AAACR1848N1Z5,Registered Regular,Customer,IMP-20260324-CUST-0179
INDIAN ACID & CHEMICALS,Billing,"24, SHIV VIHAR",MODEL TOWN HISAR,MODEL TOWN HISAR,,India,,1,1,,Unregistered,Customer,IMP-20260324-CUST-0180
MAHADEV TRANSPORT,Billing,"MOHAN PRIDE, A4, BASIL, 16TH FLOOR","1603/1604, WAYALE NAGAR, NEXT TO PODDAR-, INTERNATIONAL SCHOOL, KALYAN WEST-421301, DIST:- THANE (M.H)",DIST:- THANE (M.H),Maharashtra,India,421301,1,1,27ARDPP6357M2Z4,Registered Regular,Customer,IMP-20260324-CUST-0181
GURU MOTORS,Billing,VADODARA,,VADODARA,Gujarat,India,,1,1,24AAUFG4560B1ZH,Registered Regular,Supplier,IMP-20260324-SUP-0159
JITENDRAS AUTO WORLD,Billing,"PLOT NO. P 59, MIDC, BEHIND HOTEL AWDHAN","DHULE, MAHARASHTRA",DHULE,Maharashtra,India,,1,1,27AAEFJ9574A1ZA,Registered Regular,Supplier,IMP-20260324-SUP-0160
A B CHEMICALS,Billing,"6144 ROAD NO 7, SUB ROAD NO 61","OPP GAURI FASHION, NR.AASTHA FASHION, GIDC, SACHIN - SURAT-394230","GIDC , SACHIN - SURAT",Gujarat,India,394230,1,1,24AAGFA7453F1ZN,Registered Regular,Customer,IMP-20260324-CUST-0182
D N MARKET,Billing,GATE NO. 101,"BRAMHANWADE, NASHIK, NASHIK",NASHIK,Maharashtra,India,,1,1,27AIBPN1777E1ZA,Registered Regular,Supplier,IMP-20260324-SUP-0165
RAGHVENDRA SINGH,Billing,DAHEJ,,DAHEJ,,India,,1,1,,Unregistered,Supplier,IMP-20260324-SUP-0166
INDISCH MOTORS,Billing,"AUDHAN, P24","DHULE MIDC, INDUSTRIAL AREA, DHULE",DHULE,Maharashtra,India,,1,1,27AADCI3077K1ZB,Registered Regular,Supplier,IMP-20260324-SUP-0167
NEW INDIA ACID (BARODA) PVT LTD,Billing,"PLOT NO. 406, GIDC ESTATE","B/H, L&T NIRO, RANOLI, VADODARA",VADODARA,Gujarat,India,,1,1,24AABCN8697C1ZB,Registered Regular,Customer,IMP-20260324-CUST-0183
SANGAM HARDWARE & PAINT STORES,Billing,BARODA,,BARODA,Gujarat,India,,1,1,24AFPPC5946M1ZO,Registered Regular,Supplier,IMP-20260324-SUP-0168
SHIV SHAKTI ENGINEERING,Billing,JALARAM ESTATE,"NR. BHARAT BENZ, NH8, PO PADAMLA, VADODARA",VADODARA,Gujarat,India,,1,1,,Unregistered,Supplier,IMP-20260324-SUP-0169
SHEZAD CONTRACTOR,Billing,"1, PANCHAVATI SOCIETY","B/H BRIGHT SCHOOL, KARELIBAUGH, VADODARA-390 018",VADODARA-390 018,Gujarat,India,,1,1,,Unregistered,Supplier,IMP-20260324-SUP-0170
MANOJ R. SHAH,Billing,"18, PUROHIT APPARTMENT","HASMUKH COLONY, VIJAYNAGAR ROAD, NARANPURA, AHMEDABAD","NARANPURA, AHMEDABAD",Gujarat,India,,1,1,,Unregistered,Supplier,IMP-20260324-SUP-0171
SINGH ENTERPRISES,Billing,"AMARPATAN MODE, BELA REWA TIRAHA","SIRMOUR ROAD, KSHIRSAGAR COMPLEX, KHUTEHI, REWA",RAJASTHAN,Madhya Pradesh,India,,1,1,23AAQFS2055K1ZY,Registered Regular,Supplier,IMP-20260324-SUP-0172
HARI ORGOCHEM PVT LIMITED,Billing,"MANJUSAR, SAVLI",VADODARA,VADODARA,Gujarat,India,,1,1,24AAACH7088LZ8,Registered Regular,Customer,IMP-20260324-CUST-0184
VIKAS ACID & CHEMICALS,Billing,BHARAT COMPLEX,"COLLEGE ROAD, BHILWARA . RAJASTAN-311001, BHILWARA . RAJASTAN",BHILWARA . RAJASTAN,Rajasthan,India,311001,1,1,08AQEPS0490E1ZU,Registered Regular,Customer,IMP-20260324-CUST-0185
MARS ASSOCIATES,Billing,"343, PHOENIX COMPLEX","B/S. SURAJ PLAZA, SAYAJIGUNJ, VADODARA - 390 005",VADODARA - 390 005,Gujarat,India,,1,1,,Unregistered,Supplier,IMP-20260324-SUP-0173
"M/S. MADRAS MOTORS,",Billing,NATIONAL HIGHWAY NO-6,"HINGNA NAKA, WASHIM ROAD, AKOLA",AKOLA,Maharashtra,India,,1,1,27FPYPS1058J1ZY,Registered Regular,Supplier,IMP-20260324-SUP-0174
SHREE MARUTI COURIER SERVICES PVT.LTD,Billing,"52/A, TITANIUM","OPP .PRAHALADNAGAR GARDEN, 100 FT ROAD, AHMEDABAD",AHMEDABAD,Gujarat,India,,1,1,,Unregistered,Supplier,IMP-20260324-SUP-0175
APARNA TRANSPORT,Billing,KOLKATA,"KOLKATA, KOLKATA",KOLKATA,,India,,1,1,,Unregistered,Customer,IMP-20260324-CUST-0186
JAYESH CHEMICALS,Billing,PLOT NO. 264,"NEAR NARAYAN SILK MILLS, G.I.D.C. PANDESARA, SURAT - 394 221",SURAT,Gujarat,India,,1,1,24ABTPP7705P1ZS,Registered Regular,Customer,IMP-20260324-CUST-0187
AP ELECTRONICS,Billing,45- AMRAPALI SOCIETY,"B/H AMRAPALI COMPLEX, KARELIBAUG, VADODARA",VADODARA,Gujarat,India,,1,1,24AAVFA2647Q1ZR,Registered Regular,Supplier,IMP-20260324-SUP-0179
YES LOGISTICS,Billing,"OFF: UNIT NO. 17, GRD FLOOR","SWASTIK CHAMBERS, UMARSHI BAPPA CHAWK, CHEMBUR, MUMBAI - 400071","CHEMBUR, MUMBAI",Maharashtra,India,400071,1,1,,Unregistered,Customer,IMP-20260324-CUST-0188
OCEAN OVERSEAS,Billing,"71, MARUTINANDAN SOCIETY","SATELIGHT ROAD, MOTA, VARACHHA, SURAT",SURAT,Gujarat,India,,1,1,24AAGFO5405R1ZW,Registered Regular,Supplier,IMP-20260324-SUP-0181
SHREEJI TRANSPORT COMPANY,Billing,"23-FIRST FLOOR, SAROVAR ARCADE","NEAR LALGEBI CIRCLE, S.P RING ROAD HATHIJAN, AHMEDABAD",AHMEDABAD,Gujarat,India,,1,1,24AAPFS6298H1ZJ,Registered Regular,Supplier,IMP-20260324-SUP-0183
DIAMOND TRANSPORT SERVICES,Billing,"21, AMARTOLLA STREET, KOLKATA-700 001",WEST BENGAL,"21, AMARTOLLA STREET, KOLKATA-700 001",West Bengal,India,,1,1,19AAIFD7021N1Z4,Registered Regular,Customer,IMP-20260324-CUST-0189
SHIV SHAKTI MOTOR BODY,Billing,CHUNI NAKA MAIN ROAD,"CHNDERIYA, CHITTODGAD",CHITTODGAD,Rajasthan,India,,1,1,,Unregistered,Supplier,IMP-20260324-SUP-0194
DAKSH AUTO (INDIA) PVT. LTD.,Billing,"N.H.76, AIRPORT RD, OPP: POWER HOUSE","DEBARI, UDAIPUR","DEBARI, UDAIPUR",Rajasthan,India,,1,1,08AADCD5882F1ZI,Registered Regular,Supplier,IMP-20260324-SUP-0195
BALAJI AUTO & AGRO,Billing,"11th MILLE STONE, OLD OCTROL NAKA","AKOLA ROAD, BADNERA, AMRAVAT",AMRAVAT,Maharashtra,India,,1,1,27AAJFB4897K1ZS,Registered Regular,Supplier,IMP-20260324-SUP-0196
VEDYA ENTERPRISE,Billing,ANKLESHWAR,,ANKLESHWAR,Gujarat,India,,1,1,24AHQPB1029D2ZW,Registered Regular,Supplier,IMP-20260324-SUP-0199
K.P.CHEMICALS,Billing,PLIOT NO 10009/4,GIDC ANKLESHWAR,GIDC ANKLESHWAR,,India,,1,1,,Unregistered,Supplier,IMP-20260324-SUP-0206
PAINTER MAHESH,Billing,RANOLI CROSSING,"N.H.NO. 8, HARSIDDHI SHOW REPAIRING, VADODARA",VADODARA,,India,,1,1,,Unregistered,Supplier,IMP-20260324-SUP-0209
HASMUKH ENTERPRISE,Billing,"C/O. TIRUPATI INDUSTRY, NR. AMBAJI MATAJI'S MANDIR","OPP, KESHAR SAW MILL, VATVA MEMDABAD RING ROAD, AHMEDABAD - 382445",AHMEDABAD.,Gujarat,India,382445,1,1,24AFUPP9842E1ZW,Registered Regular,Supplier,IMP-20260324-SUP-0215
GURPREET MINERALS & CHEMICALS,Billing,"F-115, MIA, MADRI","UDAIPUR, RAJASTHAN-313001",UDAIPUR,Rajasthan,India,313001,1,1,08AGEPS1825R1ZR,Registered Regular,Customer,IMP-20260324-CUST-0190
BHERUNATH LOGISTIC,Billing,"N.H. 76, PINDWARA HIGHWAY, DEBARI-UDAIPUR",RAJASTHAN-313001,"N.H. 76, PINDWARA HIGHWAY, DEBARI-UDAIPUR",Rajasthan,India,313001,1,1,,Unregistered,Customer,IMP-20260324-CUST-0191
SUNDARAM FINANCE LTD. LEASE A/C.,Billing,"2, NILMANY CHAMBERS","OPP. EMBASSY MARKET, ASHRAM ROAD, AHMEDABAD",AHMEDABAD,Gujarat,India,,1,1,24AAACS4944A2ZS,Registered Regular,Supplier,IMP-20260324-SUP-0217
OCEAN GREEN ENERGY,Billing,"B-4/1201, CELEBRITY GREENS","ABHVA ROAD, NR.HAPPY HALLMARK SHOPPERS, VESU, SURAT","VESU, SURAT",Gujarat,India,,1,1,24AAHFO4390G1Z8,Registered Regular,Supplier,IMP-20260324-SUP-0218
H.D.TRAILERS PVT.LTD,Billing,"PLOT NO N-38, ADDITIONAL MIDC","PATALGANGA, KARADE BUDRUK, MAHARASHTRA",KARADE BUDRUK,Maharashtra,India,,1,1,,Unregistered,Supplier,IMP-20260324-SUP-0219
CAVENDISH INDUSTRIES LTD,Billing,Cil-AH-AH-BARODA HIMALAYA ENTERPRISES,"OPP: GSFC NAGAR GATE, PO-FERTILIZER NAGAR TRANSPORT NAGAR, BARODA",BARODA,Gujarat,India,,1,1,24AAFCC8999J1ZY,Registered Regular,Supplier,IMP-20260324-SUP-0220
NEW ENVIROTECH PVT. LTD,Billing,"1, PARVATI NAGAR SCOIETY","UNIT - 3 OPP. GOLDEN SILVER APPARTMENT, B/H, JALARAM APPARTMENT, SUBHANPURA, VADODARA",VADODARA,Gujarat,India,,1,1,24AAHCN0004H1Z2,Registered Regular,Supplier,IMP-20260324-SUP-0222
SHREE MAHAKALASHWAR ROADLINES,Billing,"220, VALLABH NAGAR ROAD","BHATEWAR, UDAIPUR (RAJ) 313 601",UDAIPUR (RAJ) 313 601,Rajasthan,India,,1,1,08AJZPN9278K2ZU,Registered Regular,Supplier,IMP-20260324-SUP-0223
ANWESHAN MULTI TRADING PVT LTD.,Billing,"TINKUNE, KATHMANDU, BAGMATI PROVINCE","NEPAL, EXIM 609832B790120NP",NEPAL,,India,,1,1,,Unregistered,Customer,IMP-20260324-CUST-0192
NIRMAN CORPORATION,Billing,"404, SILVER OAK, BPC ROAD","NEAR SHRENIK PARK CHAR RASTA, AKOTA, VADODARA",VADODARA,Gujarat,India,,1,1,24AGGPS2415P1Z3,Registered Regular,Customer,IMP-20260324-CUST-0193
HINDALCO INDUSTRIES LTD.(RENUKOT),Billing,"RENUKOT-231217, SONEBHADRA",UTTER PRADESH,UTTER PRADESH,Uttar Pradesh,India,231217,1,1,09AAACH1201R1ZL,Registered Regular,Customer,IMP-20260324-CUST-0194
MUKESH KUMAR NANDESHWAR PATHAK,Billing,HOUSE NO. 320,"VILL: PURE RATAHUWA, MAWAI, AMETHI, UTTAR PRADESH",AMETHI,Uttar Pradesh,India,,1,1,,Unregistered,Supplier,IMP-20260324-SUP-0245
ROHAN CHEMICALS,Billing,304/-3 RD FLOOR ARRNA,"B/H ONLY VIMAL SHOW-ROOM, DARODKAR CHOWK, NAGPUR-440002, STATE : MAHARASHTRA STATE CODE-27",STATE : MAHARASHTRA STATE CODE-27,Maharashtra,India,440002,1,1,27ADWPT4193N1ZB,Registered Regular,Customer,IMP-20260324-CUST-0195
NEPTUNE,Billing,"29, Municipal Staff Quaters.","Nr. Buddhdev Colony, Karelibaug, Vadodara",VADODARA,Gujarat,India,,1,1,24AMHPP7270L1ZL,Registered Regular,Supplier,IMP-20260324-SUP-0250
MAHADEV TRADERS,Billing,"MOHAN PRIDE, A4, BASI, 16 TH FLOOR","1603/1604, WAYALE NAGAR, NEXT TO PODDAR INTERNATION SCHOOL KALYAN-421301, MAHARASHTRA",NEXT TO PODDAR INTERNATION SCHOOL KALYAN,Maharashtra,India,421301,1,1,27ARDPP6357M1Z5,Registered Regular,Customer,IMP-20260324-CUST-0196
NIMISHA CHEMICALS,Billing,"PLOT.NO. 148/149, GIDC","NANDESARI, VADODARA",VADODARA,Gujarat,India,,1,1,24AANFM3790L1ZR,Registered Regular,Customer,IMP-20260324-CUST-0197
AKSHARCHEM INDIA LIMITED,Billing,"PLOT.NO, 166-169, VILLGE-INDRAD","KADI-KALOL, CHHATRAL, MAHSANA-382715, GUJARAT","KADI-KALOL,CHHATRAL,MAHSANA",Gujarat,India,382715,1,1,24AABCA2805M1ZX,Registered Regular,Customer,IMP-20260324-CUST-0198
SMIT CORPORATION,Billing,"10, UMA SOCIETY","B/H. SANGAM SOCIETY, HARNI ROAD, VADODARA - 390 022",VADODARA,,India,,1,1,,Unregistered,Supplier,IMP-20260324-SUP-0254
AJAY K. SHAH,Billing,"5, SHREERANG SOCIETY","OPP, FATEHSAGAR FLATS, FATEHGUNJ, VADODARA",VADODARA,,India,,1,1,,Unregistered,Supplier,IMP-20260324-SUP-0255
NEW CHEMACID MFG AND TRADERS,Billing,PASHE Z-C/1/0/166,"GIDC ESTATE, VATVA, AHMEDABAD.",AHMEDABAD,Gujarat,India,,1,1,24ACPPS1341D1ZS,Registered Regular,Customer,IMP-20260324-CUST-0199
MDS AIR PRODUCT PVT.LTD.,Billing,PLOT NO. 311,"WARD 12-B, NEAR LIC BUILDING, GANDHIDHAM -370201, KUTCH",KUTCH,Gujarat,India,370201,1,1,24AAFCM9322F1ZM,Registered Regular,Supplier,IMP-20260324-SUP-0269
ASSOCIATE DYESTUFF PVT LTD.,Billing,"PLOT.NO, A-1/4, B/H SHAH TEXTILE GIDC IND.","PHASE-1 GIDC, VATVA, AHMEDABAD.","PHASE-1 GIDC,VATVA,AHMEDABAD",Gujarat,India,,1,1,24AACCA4885C1ZX,Registered Regular,Customer,IMP-20260324-CUST-0200
JAHIR AHMED JAMIL AHMED SHAH,Billing,PLOT NO. 1647,"KALAMBOLI, KHEDUPADA, NAVI MUMBAI","KHEDUPADA, NAVI MUMBAI",Maharashtra,India,,1,1,,Unregistered,Supplier,IMP-20260324-SUP-0270
SARTHAK INFOTECH,Billing,GF-2 BALAJI AVENUE,"BESIDE MOTA APT., CHHANI JAKAT NAKA, VADODARA.",VADODARA,Gujarat,India,,1,1,24BELPB6784G2ZC,Registered Regular,Supplier,IMP-20260324-SUP-0271
CARGO MOTORS PVT. LTD.,Billing,"AARAMBH', NR. MARKARBA","S. G. HIGHWAY, AHMEDABAD",AHMEDABAD,Gujarat,India,,1,1,24AAACC2744C2ZA,Registered Regular,Supplier,IMP-20260324-SUP-0274
G.K.AUTOMOTIVE PVT.LTD,Billing,"SONDONGRI, RING ROAD NO-2","RALPUR OPP., KABIR NAGAR",ODISHA,Chhattisgarh,India,,1,1,22AAECG4545K1ZN,Registered Regular,Supplier,IMP-20260324-SUP-0275
GTPL Broadband Pvt. Ltd.,Billing,"6th Floor, Monalisa Complex","Next to World Trade Center, Sayajigunj, Vadodara",VADODARA,,India,,1,1,,Unregistered,Supplier,IMP-20260324-SUP-0276
AMAZON DEVICES SOLAR CREATIONS PVT.LTD,Billing,"GROUND FLOOR, BKG 12","INORBIT, GORWA ROAD, VADODARA",VADODARA,Gujarat,India,,1,1,24AAFCS9443K1ZZ,Registered Regular,Supplier,IMP-20260324-SUP-0277
A.S. TRADING CO.,Billing,"58/6, KRISHNA COMPOUND","NR.INDIAN OIL, PETROL PUMP, DUMAD, VADODARA.",VADODARA,,India,,1,1,,Unregistered,Supplier,IMP-20260324-SUP-0278
COROMANDEL INTERNATIONAL LIMITED,Billing,71/72/73/74/75/83,"GIDC, NANDESARI, VADODARA",VADODARA,Gujarat,India,,1,1,24AAACC7852K1ZJ,Registered Regular,Customer,IMP-20260324-CUST-0201
SHREE LAXMI TYRES,Billing,ANDUL BUS STAND (GOPAL BAG),"P.O. ANDUL MOURI, HOWRAH-711302, TEL.NO. 033-26471870, MOB. 9830172877",BRD,,India,711302,1,1,,Unregistered,Supplier,IMP-20260324-SUP-0279
KARNI TANKER BULK CARRIER,Billing,130-B SHAKTI NAGER ROAD NO.2,UDAIPUR-313001 (RAJSTHAN),UDAIPUR- (RAJSTHAN),Rajasthan,India,313001,1,1,08AEWPC6096E2Z2,Registered Regular,Customer,IMP-20260324-CUST-0202
RAJ AUTO ENGG. WORKS,Billing,IPCL ROAD RANOLI,BARODA,VADODARA,,India,,1,1,,Unregistered,Supplier,IMP-20260324-SUP-0280
SRI LAXMI NARASIMHA MOTORS,Billing,VADODARA,,VADODARA,Telangana,India,,1,1,36ADPFS9374K1Z2,Registered Regular,Supplier,IMP-20260324-SUP-0281
SHREYA ART,Billing,OPP. BANKER GODOWN,"N.H.NO.8, PADAMALA, VADODARA",VADODARA,,India,,1,1,,Unregistered,Supplier,IMP-20260324-SUP-0282
WIN WIN AUTOMOBILES,Billing,"HALKA NO. 25, VILLA CHAAN PATWARI","HOSHANGABAD ROAD, 11TH MILE, BHOJPUR CHOURAHA'', SATALAPUR, MADHYA PRADESH","SATALAPUR, MADHYA PRADESH",Madhya Pradesh,India,,1,1,23AAACW5155B2ZR,Registered Regular,Supplier,IMP-20260324-SUP-0283
APPARIO RETAIL PRIVATE LTD,Billing,"BUILDING NO. 5, BGR","WAREHOUSING COMPLEX, NEAR, SHIV SAGAR HOTEL, VILLAGE VAHULI, BHIWANDI, THANE MAHARASHTRA","BHIWANDI, THANE MAHARASHTRA",Maharashtra,India,,1,1,27AALCA0171E1ZZ,Registered Regular,Supplier,IMP-20260324-SUP-0285
PEARL POLYMERS,Billing,"PLOT.NO 40-48, ROAD.NO. 5","IDA GANDHINAGAR, BALANAGAR, MSME.NO.UDYAM-TS-20-0002341, TELANGANA",MSME.NO.UDYAM-TS-20-0002341,Telangana,India,,1,1,36AAZFP0846L1ZG,Registered Regular,Customer,IMP-20260324-CUST-0203
KKG AUTMOBILES PRAVATE LIMITED,Billing,"N.H.-8, NEAR SWAGAT DWAR","SURPALAYA, UDAIPUR",UDAIPUR,Rajasthan,India,,1,1,08AAFCK0900K1ZP,Registered Regular,Supplier,IMP-20260324-SUP-0286
SHREE KRISHNA MOTORS,Billing,"NH79, NEAR TASWARIYA","GULABPURA, BHILWARA(DIST.), RAJASTHAN",BHILWARA(DIST.),Rajasthan,India,,1,1,08FDIPS2876E1Z2,Registered Regular,Supplier,IMP-20260324-SUP-0287
NISHIT SALES AGENCY,Billing,CHANDRADIP INDUSTRIAL ESTATE-2,"PLOT NO.2, BHAVNAGAR, AHMEDABAD HIGHWAY, NEAR NARI CHOKDI, BHAVNAGAR.","NEAR NARI CHOKDI, BHAVNAGAR",Gujarat,India,,1,1,24AUIPC3450G2Z1,Registered Regular,Supplier,IMP-20260324-SUP-0288
SAI AUTO WORKS,Billing,"NH50, GMR REST AREA","KUSHTAGI, KARNATAKA",KUSHTAGI,Karnataka,India,,1,1,29ADLFS2360K1ZL,Registered Regular,Supplier,IMP-20260324-SUP-0289
VED AUTOLINK,Billing,GUJARAT,,Gujarat,Gujarat,India,,1,1,24AASFV2943D1Z1,Registered Regular,Supplier,IMP-20260324-SUP-0290
POINT AUTOMOTIVE (MUMBAI) PVT. LTD.,Billing,NEAR ARHAM LOGIC PARK,"VILL. WALSHIND, THANE NASHIK HIGHWAY, TAL. BHIWANDI",TAL. BHIWANDI,Maharashtra,India,,1,1,27AAACF8822C1ZV,Registered Regular,Supplier,IMP-20260324-SUP-0291
RAHUL MOTORS,Billing,GUJARAT,,Gujarat,Gujarat,India,,1,1,24AAGPY1127N1ZE,Registered Regular,Supplier,IMP-20260324-SUP-0292
TRISHUL MOTORS,Billing,"AT.KHADKI, UDWADA RS","MOTIWADA CHAR RASTA, NATIONAL HIGHWAY, VALSAD. TA. PARDI",VALSAD. TA. PARDI,Gujarat,India,,1,1,24AABFT4110H1ZP,Registered Regular,Supplier,IMP-20260324-SUP-0293
PSN AUTOMOTIVE MARKETING,Billing,NO 57 BUDRASHINGI CROSS,"ADARAGUNCHI PLOTS, HUBLI, KARNATAKA",HUBLI,Karnataka,India,,1,1,29AABCA9447K1Z7,Registered Regular,Supplier,IMP-20260324-SUP-0294
SANGHI (MTB) TRUCKING PVT.LTD.,Billing,"C-1, PANCHAWATI COLONY","TALAWALI CHANDA, A.B. ROAD, KADWALI BUJURG, MADHYA PRADESH",KADWALI BUJURG,Madhya Pradesh,India,,1,1,23ABACS2466C1ZS,Registered Regular,Supplier,IMP-20260324-SUP-0295
PRAYAG AUTOMOBILES,Billing,"NH-7, CHAKA, KATNI","KATNI, MADHYA PRADESH",KATNI,Madhya Pradesh,India,,1,1,23AQTPD0187E1Z0,Registered Regular,Supplier,IMP-20260324-SUP-0296
SK MOTORS,Billing,NH-135 REWA ROAD,"SAMOGARA, MIRZAPUR, UTTAR PRADESH","SAMOGARA, MIRZAPUR",Uttar Pradesh,India,,1,1,09AIOPG0947L1ZT,Registered Regular,Supplier,IMP-20260324-SUP-0297
RADHEY MOTORS,Billing,GUJARAT,,GUJARAT,Uttar Pradesh,India,,1,1,09BJZPK7949B2ZF,Registered Regular,Supplier,IMP-20260324-SUP-0298
SHRI KRISHNA DETCHEM PVT LTD.,Billing,"PLOT.NO:-E-1/154, RICO IND.AREA","TEHSIL:-GANGRAR, DIST:-CHITORGARH, RAJASTHAN",DIST:-CHITORGARH,Rajasthan,India,,1,1,08AAHCS3409H1ZC,Registered Regular,Customer,IMP-20260324-CUST-0204
K.K.G. AUTOMOBILES PVT. LTD.,Billing,"N.H.-8, NEAR SWAGAT DWAR","SURPALAYA, UDAIPUR",UDAIPUR,Rajasthan,India,,1,1,08AAFCK0900K1ZP,Registered Regular,Supplier,IMP-20260324-SUP-0299
AAC CARRIERS,Billing,"SHOP.NO. 226, 2ND FLOOR, LSC ROAD NO. 43","VARDHMAN FASHION MALL, PITAMPURA, DELHI-110034.",NEW DELHI,Delhi,India,110034,1,1,07AHMPK7644K1ZS,Registered Regular,Customer,IMP-20260324-CUST-0205
ASTHA ROAD CARRIERS,Billing,"H/69, Mumbai Pune Highway Road","Near Balaji Auto Parts, Nigadi, Pune","Nigadi, Pune",Maharashtra,India,,1,1,27AHUPD5545Q1ZH,Registered Regular,Customer,IMP-20260324-CUST-0206
MULLA AUTOMOBILES,Billing,NEW GABBUR,"BYPASS ROAD, NEAR TOL NAKA, HUBLI, KARNATAKA","HUBLI, KARNATAKA",Karnataka,India,,1,1,29ALQPM8511M1ZB,Registered Regular,Supplier,IMP-20260324-SUP-0301
AUTOMOTIVE MANUFACTURERS PVT. LTD. 1,Billing,"SY. NO. 59, SH-2, BESIDE ESSAR PETROL PUMP","GUNTUR ROAD, KISTAPURAM VILLAGE, MIRYALGUDA MANDALAM, NALGONDA, TELANGANA",KARNATAKA,Telangana,India,,1,1,36AAACA3428K1ZS,Registered Regular,Supplier,IMP-20260324-SUP-0302
DINESH RAMAN,Billing,5 Maruti Estate Golden Char Rasta,"Opp.Water Tank Road, Vadodara",VADODARA,,India,,1,1,,Unregistered,Supplier,IMP-20260324-SUP-0303
SHREE BALAJI AUTOMOBILES,Billing,AT-BHALUPATRA,"PO-CHIKATMATI, BALANDA, ODISHA",BALANDA,Odisha,India,,1,1,21ACVFS9051N1ZD,Registered Regular,Supplier,IMP-20260324-SUP-0305
SAHYOG AUTO PARTS,Billing,"VIP COMPLEX, MULER CHOKDI","AT & PO. MULER, TA. VAGRA, DIST.BHARUCH",DIST.BHARUCH,Gujarat,India,,1,1,,Unregistered,Supplier,IMP-20260324-SUP-0306
NAVJIVAN AUTOMOTIVE,Billing,"BLOCK NO 484/485, OPP RANODRA PATIYA","AT N POST- VESMA, N.H.NO-8, LANDMARK-NEAR PALSANA COWKDI, NAVSARI",NAVSARI,Gujarat,India,,1,1,24AAHFN8796P1Z8,Registered Regular,Supplier,IMP-20260324-SUP-0307
SRINIVASA CHEMICALS ENTERPRISES,Billing,4/2 SANYASIKUPPAM ROAD,THIRUBHUANAI PUDUCHERRY-605107,THIRUBHUANAI PUDUCHERRY,Puducherry,India,605107,1,1,34AAIPA3035F1ZD,Registered Regular,Customer,IMP-20260324-CUST-0207
SHREEJI STATIONERY MART,Billing,"D/104, MAA RESIDENCY, NR. MOTNATH MAHADEV TEMPLE","HARNI ROAD, VADODARA","HARNI ROAD, VADODARA",Gujarat,India,,1,1,24BCCPP2641D1Z2,Registered Regular,Supplier,IMP-20260324-SUP-0308
PUNJAB AUTOMOBILES,Billing,"OPP, DHANLAXMI PETROL PUMP","N.H.NO. 8, RANOLI, BARODA - 391350",VADODARA,,India,391350,1,1,,Unregistered,Supplier,IMP-20260324-SUP-0309
VIRAT ACID PRIVATE LIMITED,Billing,"A-706, SHAPATH HEXA","OPP, KARGL PETROL PUMP GUJARAT HIGH COURT, SOLAOVER BRIDGE, S.G HIGHWAY, AHMEDABAD-380060",AHMEDABAD,Gujarat,India,380060,1,1,24AADCV2049L1Z8,Registered Regular,Customer,IMP-20260324-CUST-0208
SHREE GURUNANK SPRING WORKS,Billing,"NO. 8, DHANLAXMI PETROL PUMP","RANOLI, VADODARA",VADODARA,,India,,1,1,,Unregistered,Supplier,IMP-20260324-SUP-0310
TEX CHEME ENTERPRISE,Billing,"112 A, WEST PERIYASAMY ROAD","R.S. PURAM, COIMBATTORE, TAMILNADU","R.S. PURAM,COIMBATTORE",Tamil Nadu,India,,1,1,33AANFT2718B1ZG,Registered Regular,Customer,IMP-20260324-CUST-0209
BHARAT TYRES,Billing,GUJARAT,,Gujarat,Gujarat,India,,1,1,24aaacb7626e1z1,Registered Regular,Supplier,IMP-20260324-SUP-0313
VARUN TRADING,Billing,"5, SHREERANG SOCIETY","FATEHGUNJ, VADODARA-390002",VADODARA,Gujarat,India,390002,1,1,24AFOPS6828M2ZL,Registered Regular,Customer,IMP-20260324-CUST-0210
SURYA CHEM INDUSTRIES,Billing,OPP. GUJARAT GLASS CO.,"NR. JASHODA NAGAR CHAR RASTA., AMRAIWADI, AHMEDABAD",AHMEDABAD,Gujarat,India,,1,1,24AABHG5279C1ZK,Registered Regular,Customer,IMP-20260324-CUST-0211
GOLCHHA CHEMICAL INDUSTRIES,Billing,"GOLCHHA HOUSE, GOUSHALA CHOWK","JUGSALAI, JAMSHEDPUR - 831006, JHARKHAND",JAMSHEDPUR,Jharkhand,India,831006,1,1,20ACEPG4215B1ZO,Registered Regular,Customer,IMP-20260324-CUST-0212
SOLAR INDUSTRIES INDIA LTD,Billing,"CHAKDOHKH.NO.37-39 & 78-83, POST BAZARGAON","AMARAVATI ROAD TAH.KATOL NAGPUR-440023, MAHARASHTRA",AMARAVATI ROAD TAH.KATOL NAGPUR,Maharashtra,India,440023,1,1,27AACCS2132E1ZT,Registered Regular,Customer,IMP-20260324-CUST-0213
TIRUPATI DIESEL SALES & SERVICE (MAH),Billing,CROSSING MAKHAR JAPPA VILLAGE ROAD,"N.H.08, KESHARIYAJI, RAJASTHAN","N.H.08, KESHARIYAJI",Rajasthan,India,,1,1,08AARPC0632M1ZL,Registered Regular,Supplier,IMP-20260324-SUP-0320
NAVNEET MOTORS,Billing,UDAIPUR,RAJASTHAN,UDAIPUR,Rajasthan,India,,1,1,08AACFN4017G1ZK,Registered Regular,Supplier,IMP-20260324-SUP-0321
S.K. MOTORS-1,Billing,"NH-8, NEAR KADIWALA PETROL PUMP","MOTIPIRA, HIMATNAGAR",HIMATNAGAR,Gujarat,India,,1,1,24ABIFS9642K1ZN,Registered Regular,Supplier,IMP-20260324-SUP-0322
VE COMMERCIAL VEHICLES LIMITED,Billing,"MAHALA, NH-8","JAIPUR-AJMER, HIGHWAY, MAHALA BUS STAND","HIGHWAY, MAHALA BUS STAND",Rajasthan,India,,1,1,08AABCE9378F1ZC,Registered Regular,Supplier,IMP-20260324-SUP-0323
SURATI FARASAN MART,Billing,"1, 2, SNEHAL APARTMENT","NEAR FATEHGUNJ PETROL PUMP, FATEHGUNJ, VADODARA",VADODARA,Gujarat,India,,1,1,24AGQPP0106L1ZC,Registered Regular,Supplier,IMP-20260324-SUP-0324
PARUL KAMAL PATA GARAGE,Billing,SAHYOG WAY-BRIDGE,"SAHYOG COMPLEX, NARI CHOKADI, BHAVNAGAR.",BHAVNAGAR,Gujarat,India,,1,1,,Unregistered,Supplier,IMP-20260324-SUP-0325
NAVKAR TRADERS,Billing,"B/8, VARSHASOCIETY, NEAR NAVJIVAN","AJWA ROAD, VADODARA","AJWA ROAD,VADODARA",Gujarat,India,,1,1,24AAKFN5042K1Z6,Registered Regular,Customer,IMP-20260324-CUST-0214
I T MALL VADODARA,Billing,121 SWAMINARAYAN NAGAR,"MESHANA CIRCLE, NIZAMPURA, VADODARA","NIZAMPURA, VADODARA",Gujarat,India,,1,1,24ACWPP2219A1ZR,Registered Regular,Supplier,IMP-20260324-SUP-0327
MANYA AUTOMOBILES,Billing,HIGHWAY KESHROL,"NR.ABPS SCHOOL, NEAR MAMTA PETROLEUM IOCL PUMP, BHARUCH-DAHEJ",BHARUCH-DAHEJ,Gujarat,India,,1,1,24ABQFM8818D1Z0,Registered Regular,Supplier,IMP-20260324-SUP-0328
AMIN SONS MARKETING PVT LTD,Billing,OLD N.H.NO.8,VADODARA,VADODARA,Gujarat,India,,1,1,24AADCA7105Q1ZK,Registered Regular,Supplier,IMP-20260324-SUP-0329
PREM SAKHI FERTILIZERS LTD-UNIT-II,Billing,"AARJI. NO.3314, VILLAGE :-LAKAWAS","UDAIPUR, RAJASTHAN","UDAIPUR,RAJASTHAN",Rajasthan,India,,1,1,,Unregistered,Customer,IMP-20260324-CUST-0215
HINDUSTAN INDUSTRIAL CHEMICAL SUPPLIER,Billing,105.21ST CENTURY PLAZA SECTOR 8.ROHINI.,"NORTH WEST DELHI, DELHI-110085",NORTH WEST DELHI,Delhi,India,110085,1,1,07ABCPY3420B2Z0,Registered Regular,Customer,IMP-20260324-CUST-0216
SYAM ENTERPRIES,Billing,TAMILNADU,,TAMILNADU,,India,,1,1,,Unregistered,Supplier,IMP-20260324-SUP-0333
VFS - BHARUCH,Billing,SURVEY NO. 42/21 PAIKI,"NEAR GIRIRAJ HOTEL, AT: MOTALI, ANKLESHWAR","AT: MOTALI, ANKLESHWAR",Gujarat,India,,1,1,24AHQPB1029D1ZX,Registered Regular,Supplier,IMP-20260324-SUP-0334
JAI BHAWANI TRANSPORT CORPORATION,Billing,"7, SENIOR M.I.G HOUSING BOARD COLONY","INGORIA ROAD, NAGDA Jn456335 (M.P)","INGORIA ROAD,NAGDA Jn456335 (M.P)",Madhya Pradesh,India,,1,1,23ARDPM5104D1ZG,Registered Regular,Customer,IMP-20260324-CUST-0217
RITIKA ROAD LINES,Billing,"NEW ABADI PUTHOLI, DIST//;CHITTORGARH",RAJASTHAN-312021,"NEW ABADI PUTHOLI,DIST//;CHITTORGARH",Rajasthan,India,312021,1,1,08BGSPS3241L1ZQ,Registered Regular,Customer,IMP-20260324-CUST-0218
GURU KIRPA TRANSPORT CO.,Billing,"S.C.F.208, 2ND FLOOR, BACKSIDE GRANDWAY HOTEL","SHASTRI NAGAR, BATALA;-143505","SHASTRI NAGAR,BATALA;",,India,143505,1,1,,Unregistered,Customer,IMP-20260324-CUST-0219
NISHA MOTOR GARAGE,Billing,NATIONAL HIGHWAY 8,"SURFALA-KAYA, UDAIPUR (RAJ)",UDAIPUR (RAJ),Rajasthan,India,,1,1,,Unregistered,Supplier,IMP-20260324-SUP-0335
PRADEEP AUTOMOBILES,Billing,DEALER : INDIAIN IOL COEPORATION LTD.,"N.H.8, VILLAGE KAYA, UDAIPUR-313001",UDAIPUR,Rajasthan,India,313001,1,1,08AABFA7479G1ZA,Registered Regular,Supplier,IMP-20260324-SUP-0337
NEW SHREE DEV AUTO ELECTRIC AND BETRY WORKS,Billing,N.H. 8 AJAMER ROAD,"KAMALIDHAT, TAH.DEVGAD, JILA RAJSAMND",JILA RAJSAMND,,India,,1,1,,Unregistered,Supplier,IMP-20260324-SUP-0338
JAY SHREE RAM AUTO ELECTRIC WORKS,Billing,"OPP, DHANLAXMI PETROL PUMP","N.H.NO. 8, G.I.D.C., RANOLI - 391350, VADODARA",VADODARA,,India,391350,1,1,,Unregistered,Supplier,IMP-20260324-SUP-0339
GUJARAT STATE ELECTRICITY CORPORATION LTD.,Billing,VIDHYUT BHAVAN,VADODARA,VADODARA,Gujarat,India,,1,1,24AAACG6864F1ZO,Registered Regular,Customer,IMP-20260324-CUST-0220
SHREE ASHAPURA,Billing,PLOT NO. 19/1,"G.I.D.C., N.H.NO.8, RANOLI, BARODA",VADODARA,,India,,1,1,,Unregistered,Supplier,IMP-20260324-SUP-0340
MAHESH B. PADHIYAR,Billing,RANOLI CROSSING,"N.H.NO. 8, HARSIDDHI SHOW REPAIRING, VADODARA",VADODARA,,India,,1,1,,Unregistered,Supplier,IMP-20260324-SUP-0341
GUJARAT STATA ELECTRICITY CORP.LTD(KLTPS),Billing,KACHCHH LIGNITE TERMAL POWER STATION,"PANANDHRO, PO.S.K VARMANAGAR, TALIKA-LAKHPAT, DIST: KUCHCHH-370601",DIST: KUCHCHH,Gujarat,India,370601,1,1,24AAACG6864F1ZO,Registered Regular,Customer,IMP-20260324-CUST-0221
GLANI AUTO GARAGE,Billing,CHHANI & RANOLI,CHHANI & RANOLI,VADODARA,,India,,1,1,,Unregistered,Supplier,IMP-20260324-SUP-0346
E-FLEET SYSTEMS PVT. LTD.,Billing,MAHARASHTRA,,Maharashtra,Maharashtra,India,,1,1,27AABCE9086A1ZP,Registered Regular,Supplier,IMP-20260324-SUP-0347
MADRAS MOTORS SALES AND SERVICE,Billing,NH-6 KHAMGAON,"NANDURA ROAD, PARKHED PHAT, KHAMGAON, BULDHANA, MAHARASHTRA","BULDHANA, MAHARASHTRA",Maharashtra,India,,1,1,27ABRFM2343N1ZO,Registered Regular,Supplier,IMP-20260324-SUP-0348
NEW DASHMESH SPRING WORKS,Billing,HOTEL MERITONNI BAJUMA,"SHREEJI DHABANI SAME, SIDSAR ROAD, NARI CHOKADI, BHAVNAGAR",BHAVNAGAR,,India,,1,1,,Unregistered,Supplier,IMP-20260324-SUP-0354
KRISHNA MOTOR GARAGE,Billing,SAHYOG COMPLEX,"NARI CHOKADI, SAHYOG WAY-BRIDGE, BHAVNAGAR",BHAVNAGAR,Gujarat,India,,1,1,,Unregistered,Supplier,IMP-20260324-SUP-0355
VIKASH BATTRY WORKS,Billing,MAIN ROAD,"CHANDERIYA, CHITTOGARH",CHITTOGARH,Rajasthan,India,,1,1,,Unregistered,Supplier,IMP-20260324-SUP-0356
MAA VAISHNAV MOTORS,Billing,"230/2/2G, GRAM BHATKHEDI","NEAR MAA VAISHNAV DEVI, RESTAURENT AGRA-MUMABI HIGH, TEHSIL MHOW, INDORE","TEHSIL MHOW, INDORE",Madhya Pradesh,India,,1,1,23ABRFM3257F1Z6,Registered Regular,Supplier,IMP-20260324-SUP-0357
RAGHUVANSHI MOTORS,Billing,"PHN 13/65, INDORE AHEMDABAD HIGHWAY","GRAM JETPURA, Dhar, Madhya Pradesh","GRAM JETPURA, Dhar",Madhya Pradesh,India,,1,1,23DTAPR4220M2ZO,Registered Regular,Supplier,IMP-20260324-SUP-0358
HANUMAN TRADING CO.,Billing,TEJAB GODAM CHNTISARA ROAD,"NAGAUR-341001, RAJASTHAN, CODE : 08",CODE : 08,Rajasthan,India,341001,1,1,08BVLPR9803H1Z0,Registered Regular,Customer,IMP-20260324-CUST-0222
SUPER WELDING WORKS,Billing,OPP. MINAL PETROL PUMP,"N.H.NO.8, RANOLI, VADODARA",VADODARA,,India,,1,1,,Unregistered,Supplier,IMP-20260324-SUP-0359
PRAMOD KUMAR,Billing,N.H.NO. 8,"RANOLI CROSSING, VADODARA",VADODARA,,India,,1,1,,Unregistered,Supplier,IMP-20260324-SUP-0360
HINDUSTAN TRADING,Billing,"I.P.C.L. ROAD, POST. RANOLI",DIST. VADODARA,VADODARA,,India,,1,1,,Unregistered,Supplier,IMP-20260324-SUP-0361
RAHUL WHEEL ALIGNERS,Billing,"RAHUL COMPOUND, IPCL ROAD","RANOLI, VADODARA",VADODARA,,India,,1,1,,Unregistered,Supplier,IMP-20260324-SUP-0362
MARUTI CRANE SERVICE,Billing,"A-124, IMPERIAL COMPLEX","G.I.D.C., N.H. NO. 8, RANOLI, VADODARA",VADODARA,,India,,1,1,,Unregistered,Supplier,IMP-20260324-SUP-0363
LAXMINARAYAN SHOW REP. WORKS,Billing,OPP. MINAL PATROL PUMP,"N. H. NO. 8, RANOLI, VADODARA",VADODARA,,India,,1,1,,Unregistered,Supplier,IMP-20260324-SUP-0364
JAY AMBE AUTO PARTS,Billing,"1, PRAYOSHA SHANTI COMPLEX","NEAR BHAGWAN PARK, IPCL ROAD, RANOLI, VADODARA",VADODARA,Gujarat,India,,1,1,24AOYPC0555L1ZN,Registered Regular,Supplier,IMP-20260324-SUP-0365
JAITWANI ROAD LINES,Billing,GILL ROAD,"MILLER GANJ, LUDHIANA, PUNJAB",LUDHIANA,Punjab,India,,1,1,,Unregistered,Supplier,IMP-20260324-SUP-0366
EUREKA FORBES LIMITED,Billing,"102, IVORY TERRACE","OPP. SASUJI RESTAURANT, R C DUTT ROAD, ALKAPURI, BARODA",BARODA,Gujarat,India,,1,1,24AAACE5767F1ZQ,Registered Regular,Supplier,IMP-20260324-SUP-0370
DAS AUTO ELECTRICALS,Billing,"NH-6, BARAIPALI","SAMBALPUR, ODISHA",SAMBALPUR,Odisha,India,,1,1,21AEUPD4970L1Z6,Registered Regular,Supplier,IMP-20260324-SUP-0371
VALIYA LOGISTICS LLP,Billing,"29, VALIYA HOUSE, NEW KARTIKEY SOCIETY","DHOLI MAGRI, SEC-4, UDAIPUR-313001 (RAJ).",UDAIPUR- (RAJ),Rajasthan,India,313001,1,1,08AAQFV7759R1ZO,Registered Regular,Customer,IMP-20260324-CUST-0223
SAGAR SALTPETER,Billing,"NAGALA HARJU, JASRATHPUR","ALIGANJ, ETHA, UTTER PRADESH-207247","ALIGANJ,ETHA, UTTER PRADESH",,India,207247,1,1,9AEBFS8050H1ZV,Registered Regular,Customer,IMP-20260324-CUST-0224
THE BARODA CYCLE MART,Billing,"B13, SARTHAK APP.","OPP. DOMINOS PIZZA ELLORA PARK, VADODARA",VADODARA,Gujarat,India,,1,1,24AAFFT8743E1Z4,Registered Regular,Supplier,IMP-20260324-SUP-0372
QUICK HEAL TECHNOLOGIES PVT. LTD,Billing,"OFFICE NO 7010 C AND D, 7TH FLOOR","MARVEL EDGE, VIMANNAGAR, PUNE, MAHARASHTRA",PUNE,Maharashtra,India,,1,1,27AABCC4207H1Z0,Registered Regular,Supplier,IMP-20260324-SUP-0373
PALAK LOGISTICS PVT. LTD.,Billing,"808, SHELTON CUBIX","PLOT NO. 87, SECTOR NO. 15, OPP RELIANCE FRESH, CBD BELAPUR, NAVI MUMBAI","CBD BELAPUR , NAVI MUMBAI",Maharashtra,India,,1,1,27AAGCP3651D1ZK,Registered Regular,Supplier,IMP-20260324-SUP-0374
VEDANT CHEMICALS,Billing,"PLOT NO.10 & 11, NEAR AJITH REDDY BOYS HOSTEL","DHULAPALLY VILLAGE, KOMPALLY ROAD, MEDCHAL, MALKAJGIRI, TELANGANA - 500014","MEDCHAL,MALKAJGIRI,TELANGANA",Telangana,India,500014,1,1,36AASFV6067G1ZJ,Registered Regular,Customer,IMP-20260324-CUST-0225
KRISHNA ORGANICS,Billing,"PLOT NO.316/1, ROAD.4 BEHIND L&T","N.H.NO.8 GIDC RANOLI, VADODARA-391350","N.H.NO.8 GIDC RANOLI,VADODARA",Gujarat,India,391350,1,1,24AAHFK3425E1ZQ,Registered Regular,Customer,IMP-20260324-CUST-0226
AAP CHEM (UP),Billing,"FLAT NO 206, ANANDAM HOMES, PHASE-2","VINAYNAGAR, QUARSI, ALIGARH, UP-202002",UP,Uttar Pradesh,India,202002,1,1,09AWAPP5444P1ZW,Registered Regular,Customer,IMP-20260324-CUST-0227
M/S PATEL SONS PADORA,Billing,Plot No. 686/4,"NEAR PATEL CHOWK PADORA, Shivpuri, GRAM-PADORA SADAK, TEHSIL-KOLARAS, Madhya Pradesh","TEHSIL-KOLARAS, Madhya Pradesh",Madhya Pradesh,India,,1,1,23CAMPR6198A2ZG,Registered Regular,Supplier,IMP-20260324-SUP-0378
HIND AUTOMOBILES,Billing,"RS.NO.85/2, S.H.NO.5","GODHRA-DAHOD, VADODARA",VADODARA,Gujarat,India,,1,1,24AAMFH2900G1ZQ,Registered Regular,Supplier,IMP-20260324-SUP-0380
BATHWAL SERVICES PVT LTD,Billing,SHOP NO. 128/89 MATEL PARK,"RAWABHAT URLA, S.O-CHHATTISGARH",S.O-CHHATTISGARH,Chhattisgarh,India,,1,1,22AAICB2192F1Z0,Registered Regular,Supplier,IMP-20260324-SUP-0381
ASHOK KUMAR SPRING WORKS,Billing,MARUTI COMPLEX,"SHOP NO. 14, GIDC, RANOLI, VADODARA",VADODARA,,India,,1,1,,Unregistered,Supplier,IMP-20260324-SUP-0383
KRISHNA COPY CENTRE,Billing,"2/3, LAKULESH AVENUE","DELUX CHAR RASTA, NIZAMPURA, VADODARA",VADODARA,Gujarat,India,,1,1,24AEOPA1731N1ZK,Registered Regular,Supplier,IMP-20260324-SUP-0384
THE DHARMASI MORARJI CHEMICAL CO. LTD,Billing,"PLOT.NO.CH-5/1, GIDC, CHEMICAL ZONE, DAHEJ",DIST: BHARUCH-392130,DIST: BHARUCH,Gujarat,India,392130,1,1,24AAACT5000E2Z2,Registered Regular,Customer,IMP-20260324-CUST-0228
BRIGHT ELECTRO ENGG. CO.,Billing,"52, MARUTI COMPLEX, GIDC, RANOLI","N.H. NO.8, VADODARA",VADODARA,Gujarat,India,,1,1,24AADPZ0691F1ZM,Registered Regular,Supplier,IMP-20260324-SUP-0386
DASHMESH TRANSPORT COMPANY,Billing,"DASHMESH HOUSE, NEAR CARGO MOTORS LTD","RANOLI, BARODA",VADODARA,,India,,1,1,,Unregistered,Customer,IMP-20260324-CUST-0229
G.N.F.C. LTD.,Billing,NARMADANAGAR,BHARUCH,BHARUCH,Gujarat,India,,1,1,,Unregistered,Supplier,IMP-20260324-SUP-0389
SMITAL PETROLEUM,Billing,"DABHA CHOKDI, JAMBUSAR","DIST:- BHARUCH, PH.NO. 02644-221148 MOB:- 8141320973",BHARUCH,,India,221148,1,1,,Unregistered,Supplier,IMP-20260324-SUP-0390
SURJIT AUTO CENTRE,Billing,PLOT NO. - 803,"GIDC, RANOLI, BARODA",VADODARA,Gujarat,India,,1,1,24AIWPP6080D1ZX,Registered Regular,Supplier,IMP-20260324-SUP-0393
RAVECHI ENTERPRISES PVT.LTD,Billing,"GF-14/15, SILVER LINE COMPLEX","OPP.BBC TOWER, SAYAJIGUNJ, VADODARA",VADODARA,Gujarat,India,,1,1,24AAICR0144B1Z0,Registered Regular,Supplier,IMP-20260324-SUP-0396
MAHESHWARI LOGISTICS LTD.,Billing,"SURVEY.NO 152/1, KHATA NO-599","CHORYASI, SURAT, MORA, SURAT",SURAT,Gujarat,India,,1,1,24AAECM8332N4Z3,Registered Regular,Supplier,IMP-20260324-SUP-0397
SHRI BALAJI CHEMICALS,Billing,SASNI ROAD,JALESAR,JALESAR,Uttar Pradesh,India,,1,1,09ARCPD5754F1ZW,Registered Regular,Customer,IMP-20260324-CUST-0230
JOHNSON AUTO GARAGE,Billing,"OPP, MINAL PETROL PUMP","N.H.NO. 8, RANOLI, VADODARA",VADODARA,Gujarat,India,,1,1,,Unregistered,Supplier,IMP-20260324-SUP-0399
SHRI GOVIND AUTOMOTIVE,Billing,GUJARAT,,Gujarat,Gujarat,India,,1,1,24CUIPS3612J1ZH,Registered Regular,Supplier,IMP-20260324-SUP-0400
SHREE VEHICLES PVT.LTD.,Billing,"86/275 -A-3, AFIM KOTHI","G.T ROAD, KANPUR NAGAR, UTTAR PRADESH","G.T ROAD, KANPUR NAGAR",Uttar Pradesh,India,,1,1,09AAICS7381K1ZN,Registered Regular,Supplier,IMP-20260324-SUP-0401
BAROT CRANES,Billing,"3, GURUKRUPA COMPLEX","IPCL ROAD, RANOLI, VADODARA",VADODARA,,India,,1,1,,Unregistered,Supplier,IMP-20260324-SUP-0405
SHIVA INDUSTRIAL SECURITY FORCE SERVICES & LABOUR S,Billing,"5, SWATANTRA SENANI NAGAR","NEAR SAMTA FLATS, HIGH TENSION ROAD SUBHANPURA, VADODARA",VADODARA,Gujarat,India,,1,1,24AROPK2569B2ZT,Registered Regular,Supplier,IMP-20260324-SUP-0406
MEMORIAL MOTORS,Billing,NEAR SHADGI HOTEL,"GUNAWAD, MADHYA PRADESH",GUNAWAD,Madhya Pradesh,India,,1,1,23ABMFM0473G1ZD,Registered Regular,Supplier,IMP-20260324-SUP-0407
SUMAN AUTOMOBILES,Billing,"1, N.H.8, RIASABHDEO KANUUWADA","Udaipur, Rajasthan","Udaipur, Rajasthan",Rajasthan,India,,1,1,08ABFFS0413H1ZG,Registered Regular,Supplier,IMP-20260324-SUP-0409
VARDHMAN AUTOMOTIVE,Billing,OPP SHITAL CHAYA RESTORENT,"RAJNANDGAOUN, CHHATTISGARH",RAJNANDGAOUN,Chhattisgarh,India,,1,1,22AAEFV9230H2Z8,Registered Regular,Supplier,IMP-20260324-SUP-0410
A. S. REFRIGERATION WORKS,Billing,NATIONAL EXPRESS HIGHWAY,"NEAR RELIANCE PETROL PUMP, JALGAON",JALGAON,Maharashtra,India,,1,1,,Unregistered,Supplier,IMP-20260324-SUP-0411
JAHIR DEVAN,Billing,OPP. MINAL PETROL PUMP,"N.H.NO.8, PO. RANOLI, DIST. VADODARA",VADODARA,,India,,1,1,,Unregistered,Supplier,IMP-20260324-SUP-0414
MAA SONAL MOBILE,Billing,MARUTI COMPLEX,"NR-LAXMI MARBAL, DASHRATH BUS STAND, DASHRATH",VADODARA,Gujarat,India,,1,1,24BBOPP5975P1ZK,Registered Regular,Supplier,IMP-20260324-SUP-0415
JAY MATAJI AUTOMOBILES,Billing,RANOLI COMMERCIAL COMPLEX,"RANOLI GIDC, N.H.NO.8, RANOLI, VADODARA",VADODARA,,India,,1,1,,Unregistered,Supplier,IMP-20260324-SUP-0416
SAMARTH TRADERS,Billing,G.I.D.C. RANOLI,VADODARA,VADODARA,,India,,1,1,,Unregistered,Supplier,IMP-20260324-SUP-0417
OM MOTORS,Billing,"A 204-205 M.I.A. MADRI, ROAD NO.11",UDAIPUR,UDAIPUR,Rajasthan,India,,1,1,08ABPPC0524M1ZM,Registered Regular,Supplier,IMP-20260324-SUP-0418
DHAKAD MOTORS,Billing,"SH-31, MHOW NEEMCUH ROAD",LAKHAMAKHEDI (DALAUDA),LAKHAMAKHEDI (DALAUDA),Madhya Pradesh,India,,1,1,23AIEPD0832B1Z9,Registered Regular,Supplier,IMP-20260324-SUP-0419
YUGADHARMA TRADERS,Billing,KALAGHODA CIRCLE,"SAYAJIGUNJ, VADODARA",VADODARA,Gujarat,India,,1,1,24ABFPC1178F1Z5,Registered Regular,Supplier,IMP-20260324-SUP-0420
VE COMMERCIAL VEHICLES LTD.,Billing,"102, SECTOR 1, PITHAMPURA","DHAR, MADHYA PRADESH",DHAR,Madhya Pradesh,India,,1,1,23AABCE9378F5ZG,Registered Regular,Supplier,IMP-20260324-SUP-0421
RISHABHDEV AUTOMOBILES,Billing,UDAIPUR,,UDAIPUR,Rajasthan,India,,1,1,08AAMFR8833L1ZF,Registered Regular,Supplier,IMP-20260324-SUP-0422
KISANSHAKTI FARTILIZER AND PESTICIDES PVT LTD,Billing,PLOT NO.C 190/191 SAYKHA,"GIDC BHARUCH-392140, GUJARAT",GIDC BHARUCH,Gujarat,India,392140,1,1,24AAGCK2580E1ZR,Registered Regular,Customer,IMP-20260324-CUST-0231
SHAKTI LOGISTICS PVT. LTD.,Billing,"1C, HEYSHAM ROAD",KOLKATA - 700 020,KOLKATA,West Bengal,India,,1,1,19AAGCS6895B1ZV,Registered Regular,Customer,IMP-20260324-CUST-0232
DEEPAK BARDANA TRADING COMPANY,Billing,RAM LAXMAN COLONY WARD NO. 06,"NAWA CITY, NAGAUR RAJSTHAN 341509","NAWA CITY , NAGAUR RAJSTHAN",Rajasthan,India,341509,1,1,08AGAPA9911A1Z1,Registered Regular,Customer,IMP-20260324-CUST-0233
MARUTI FURNITURE,Billing,"31, BARODA INDUSTRIAL ESTATE","DHARMSINH DESAL MARG, NR, APAR LTD. B/H. SAPANA CHEMICAL, CHHANI JAKAT NAKA, VADODARA","CHHANI JAKAT NAKA, VADODARA",Gujarat,India,,1,1,,Unregistered,Supplier,IMP-20260324-SUP-0430
SIFLON DRUGS,Billing,"SY NO. 25/4, RACHANAPALLI","BELLERY ROAD, ANANTAPUR (A.P.)",KARNATAKA,Andhra Pradesh,India,,1,1,37AAKFS9713J1ZM,Registered Regular,Customer,IMP-20260324-CUST-0234
RAJUL N. VORA,Billing,"404, PARSHWANATH APT","SARVODAY NAGAR, NAHUR ROAD, MULUND (WEST), MUMBAI",MUMBAI,Maharashtra,India,,1,1,,Unregistered,Supplier,IMP-20260324-SUP-0432
GULJAG INDUSTRIES LIMITED-(KOTA),Billing,PLOT NO. 1-B,"SMALL-SCALE INDUSTIAL AREA, OPP .MAHALAXMI PAINTS, KOTA-324007 RAJASTHAN",KOTA- RAJASTHAN,Rajasthan,India,324007,1,1,08AAACG1267E1ZX,Registered Regular,Customer,IMP-20260324-CUST-0235
SOFTCARE SOLUTIONS,Billing,TF-330-331 INFINITY ARCADE,"BEFOR PRATAPNAGAR BRIDGE, ONGC ROAD, VADODARA","ONGC ROAD, VADODARA",Gujarat,India,,1,1,24BGMPS5756E1Z1,Registered Regular,Supplier,IMP-20260324-SUP-0434
COROMANDEL INTERNATIONAL LTD-(PALI),Billing,SURVEY NO. 129.,"VILLAGE. RASAL-PALI, TEHSIL-SUDHAGAD RAIGAD",TEHSIL-SUDHAGAD RAIGAD,Maharashtra,India,,1,1,27AAACC7852K1ZD,Registered Regular,Customer,IMP-20260324-CUST-0236
MEERAAM ACIDS PVT LTD,Billing,COACHIN,,COACHIN,Kerala,India,,1,1,32AADCM2859H1ZJ,Registered Regular,Customer,IMP-20260324-CUST-0237
NARENDRA SINGH,Billing,"NH 76, PINDWADA ROAD","DEBARI, UDAIPUR (RAJ.)",UDAIPUR (RAJ.),Rajasthan,India,,1,1,,Unregistered,Supplier,IMP-20260324-SUP-0439
UDAIPUR TYRE RETREADING COMPANY,Billing,"F 75 A, ROAD NO. 2B, MIA","Udaipur, Rajasthan","Udaipur, Rajasthan",Rajasthan,India,,1,1,08AAACU2916Q1ZW,Registered Regular,Supplier,IMP-20260324-SUP-0440
PRASHANT UDYOG,Billing,"NEAR SHREE KALASH DEV TEMPLE, MAIN ROAD","BINAGA, KARWAR-581307 (U.K.)",KOLKATA,Karnataka,India,581307,1,1,29ABEPG6881CIZM,Registered Regular,Customer,IMP-20260324-CUST-0238
SUN INDCHEMICALS P. LTD,Billing,"MANBIK LANE, BEHIND PADAM MOTOR","DHANDARI KHURD, LUDHIANA-141010, PUNJAB.",LUDHIANA,Punjab,India,141010,1,1,03AAMCS0072P1Z3,Registered Regular,Customer,IMP-20260324-CUST-0239
SHREE DHYAN TYRE HOUSE,Billing,"GF SHOP NO. 29, 30, 31","TOWER-A, SIDHARTH ANX-3, B/S. PLAZZO HOTEL, DUMAD CHOWKDI, VADODARA",VADODARA,Gujarat,India,,1,1,24BSEPS2098M1Z6,Registered Regular,Supplier,IMP-20260324-SUP-0441
INDIAN PHOSPHATE LTD,Billing,"UNIT 2, PLOT 5056","VILLAGE : UMARDA, UDAIPUR-313015 ( RAJASTHAN)",UDAIPUR- ( RAJASTHAN),Rajasthan,India,313015,1,1,08AABCI0486J1ZG,Registered Regular,Customer,IMP-20260324-CUST-0240
PATEL PAVITRA KUMAR,Billing,Dashrath,Vadodara,Vadodara,Gujarat,India,,1,1,,Unregistered,Supplier,IMP-20260324-SUP-0442
KANHA TYRES,Billing,PINDWARA ROAD,"N.H. 76, DEBARI, UDAIPUR (RAJ)",UDAIPUR (RAJ),Rajasthan,India,,1,1,,Unregistered,Supplier,IMP-20260324-SUP-0443
SHREE NATH ENTERPRISES,Billing,"PINDWADA, N.H. 27","NAVAL PLAZA, DEBARI, UDAIPUR (RAJ)",UDAIPUR (RAJ),Rajasthan,India,,1,1,,Unregistered,Supplier,IMP-20260324-SUP-0444
BLEACH CHEM,Billing,"701, SHIVALIK, OPP:- CENTRE POINT","PANCHWATI, AMBAWADI, AHMEDABAD-380006",AHMEDABAD,Gujarat,India,380006,1,1,24AAAFB6524E1Z0,Registered Regular,Customer,IMP-20260324-CUST-0241
SHREE MARKETING,Billing,SHOP - AKOLA ROAD,"BALAPUR NAKA, KHAMGAON., OFFICE - SHRI NIWAS, BHISE PLOTS, CIVIL LINES, KHAMGAON, BULDANA.","CIVIL LINES, KHAMGAON, BULDANA",Maharashtra,India,,1,1,27AFVPB2257G2ZB,Registered Regular,Supplier,IMP-20260324-SUP-0445
NANDNI CRANE SERVICE,Billing,"29, MADHAVNAGAR-2","POST. DASHRATH, VADODARA",VADODARA,Gujarat,India,,1,1,24DGUPB8396D1Z0,Registered Regular,Supplier,IMP-20260324-SUP-0449
M/S NIMAR MOTOR COMPANY,Billing,"46/5-B, A.B.Road, Dewas Naka","Lasudia Mori, Indore, Madhya Pradesh","Indore, Madhya Pradesh",Madhya Pradesh,India,,1,1,23AABFN3660N1Z7,Registered Regular,Supplier,IMP-20260324-SUP-0450
AGARWAL ACID & CHEMICALS,Billing,"D-27 (A), NEAR JYOTI HOSPITAL","ROAD NO. 4, V.K.I.A., JAIPUR",JAIPUR,Rajasthan,India,,1,1,08AIHPA4312N1ZD,Registered Regular,Customer,IMP-20260324-CUST-0242
DMW TYRES PVT.LTD,Billing,PLOT NO. P-53,"BEHIND HOTEL MANAS, M.I.D.C., AWDHAN, DHULE, MAHARASHTRA","M.I.D.C., AWDHAN, DHULE",Maharashtra,India,,1,1,27AACCD7703N1ZE,Registered Regular,Supplier,IMP-20260324-SUP-0452
SHREE KRISHNA TYRES,Billing,B/H. TATA SHOWROOM,"GAMDI PATIYA, N.H. NO.8, GAMDI, ANAND.","GAMDI, ANAND",Gujarat,India,,1,1,24AGEPC8017D1Z0,Registered Regular,Supplier,IMP-20260324-SUP-0453
BODAL CHEMICALS LTD.,Billing,"BLOCK NO. 795 TO 803, 804, 807 AND 832","MAIN ROAD, KARAKHADI, TA. PADRA, VADODARA",VADODARA,Gujarat,India,,1,1,24AAACD5352M1ZN,Registered Regular,Customer,IMP-20260324-CUST-0243
NARESH ROADLINES,Billing,"303, TOWER, II GREENRIDGE SOC.","LINK ROAD, CHIKUWADI, BORIVLI(W), MUMBAI-400 092",MUMBAI-400 092,Maharashtra,India,,1,1,27AACPV8761D2ZD,Registered Regular,Customer,IMP-20260324-CUST-0244
KAMAN PATA GARAGE,Billing,"SAHYOG, WAY-BRIDGE","SAHYOG COMPLEX, NARI CHOKADI, BHAVNAGAR",BHAVNAGAR,Gujarat,India,,1,1,,Unregistered,Supplier,IMP-20260324-SUP-0455
GREEN ENGINEERING WORKS,Billing,PLOT NO. 714,"G.I.D.C. RANOLI, BARODA.",BARODA,Gujarat,India,,1,1,,Unregistered,Supplier,IMP-20260324-SUP-0456
JAY AMBE MOTOR GARAGE,Billing,IPCL ROAD,"RANOLI, BARODA.",BARODA,Gujarat,India,,1,1,,Unregistered,Supplier,IMP-20260324-SUP-0457
NEW K.G.N.SPRING,Billing,N.H.NO.8,"OPP. DHANLAXMI PUMP, RANOLI, BARODA",BARODA,Gujarat,India,,1,1,,Unregistered,Supplier,IMP-20260324-SUP-0458
SALIMKHAN GAFURKHAN PATHAN,Billing,OPP. DHANLAXMI PETROL PUMP,"RANOLI, VADODARA","RANOLI, VADODARA",Gujarat,India,,1,1,,Unregistered,Supplier,IMP-20260324-SUP-0459
JAYASREE CHEM,Billing,"NO.89/18, B ORAGADAM ROAD","OPP:- RAKKI HOSPITAL, VENKATAPURAM, AMBATTUR, CHENNAI-600 053",CHENNAI,Tamil Nadu,India,,1,1,33AKAPJ8702G1ZJ,Registered Regular,Customer,IMP-20260324-CUST-0245
YASH ENTERPRISES,Billing,"5, RAKAM PURA ROAD","NEAR BEDWAS, UDAIPUR",UDAIPUR,Rajasthan,India,,1,1,08ORAPS3612H1ZI,Registered Regular,Customer,IMP-20260324-CUST-0246
RAJLAXMI AGROTECH INDIA PVT LTD,Billing,"GUT.NO. 76, BHOKARDHAN ROAD","VILLAGE: GUNDEWADI, JALNA (M.H)-431203",JALNA (M.H),Maharashtra,India,431203,1,1,27AACCR9862J1ZS,Registered Regular,Customer,IMP-20260324-CUST-0247
TYRE BAZAR F Y 2022-2023,Billing,"SHEELA COMPLEX, SHOP NO. 1, 2","WADI, NAGPUR",NAGPUR,Maharashtra,India,,1,1,27AFYPS4114C1Z8,Registered Regular,Supplier,IMP-20260324-SUP-0463
AMIT SALES CORPORATION,Billing,TRANSPORT LORRY SUPPLIERS &,"COMMISSION AGENTS, DEEPAK NAGAR, DURG-491001 (C.G.)","DEEPAK NAGAR,DURG- (C.G.)",Chhattisgarh,India,491001,1,1,22AFQPD5646C1ZQ,Registered Regular,Customer,IMP-20260324-CUST-0248
NAMAN SALES CORPORATIO,Billing,1ST 8 NEW ANAJ MANDI HISAR,HARAYANA-125001,HISAR,Haryana,India,125001,1,1,06CINPS5376J1ZH,Registered Regular,Customer,IMP-20260324-CUST-0249
RANJIT JITENDRASINH PARMAR,Billing,"LAXMIPURA, GORWA",VADODARA,VADODARA,,India,,1,1,,Unregistered,Supplier,IMP-20260324-SUP-0468
V. V. TITANIUM PIGMENTS PVT. LTD.,Billing,"A-81, SIPCOT INDUSTRIAL COMPLEX","SOUTH VEERAPANDIAPURAM P.O., THOOTHUKUDI Tamil Nadu, PIN CODE .628002",PIN CODE,Tamil Nadu,India,628002,1,1,33AADCV7723P1ZU,Registered Regular,Customer,IMP-20260324-CUST-0251
RAJ CHAMUNDA AUTO MOBILES,Billing,KOMAL HOTEL GROUND,"NARI CHOKADI, BHAVNAGAR - DHOLERA HIGHWAY.",BHAVNAGAR - DHOLERA HIGHWAY,Gujarat,India,,1,1,,Unregistered,Supplier,IMP-20260324-SUP-0470
ANIL BULK CARRIER,Billing,"GOKUL COMPLEX, 1ST FLOOR, 106/2, PIPLIS PALA","NEAR RAJEEV GANDHI CIRCLE, RING ROAD, INDOR-M.P., 452001",INDOR-M.P,Madhya Pradesh,India,452001,1,1,,Unregistered,Customer,IMP-20260324-CUST-0252
AROMATICS INDIA PRIVATE LTD.,Billing,"B-142/D1, RNCO INDUSTRIAL AREA","GUDLI, MAVLI, UDAIPUR, 313203, RAJASTHAN",UDAIPUR,Rajasthan,India,313203,1,1,08AAACA9994J1Z2,Registered Regular,Customer,IMP-20260324-CUST-0253
MAHAVEER GOODS CARRIERS,Billing,"STATIO ROAD, NIMBAHERA",RAJASTHAN.,"STATIO ROAD, NIMBAHERA",Rajasthan,India,,1,1,,Unregistered,Customer,IMP-20260324-CUST-0254
RATAN MOTORS,Billing,DABOK CHOURAHA -MAVLI RD. ROSHIYA GHATI,"NANDEV, N.H.NO. 76, UDAIPUR-313203 (RAJ)",UDAIPUR- (RAJ),Rajasthan,India,313203,1,1,08BAHPM2052C1Z3,Registered Regular,Supplier,IMP-20260324-SUP-0473
MATOSHREE TYRES,Billing,Rai Udyog Shop No.B2 Old Town,"Badnera Amaravti-Badnera Road, 444701",AMARAVATI,Maharashtra,India,444701,1,1,27BHUPM0417K12Y,Registered Regular,Supplier,IMP-20260324-SUP-0475
K.LINE CARRIERS,Billing,"SHAIKH CHAMBER 2 FLOOR, OFFICE NO . 1","D B Z-S-16 GANDHIDHAM, KUTCH, 370205",KUTCH,,India,370205,1,1,,Unregistered,Customer,IMP-20260324-CUST-0255
SUPREME AUTO PARTS,Billing,NEAR HOTEL TAPI,"NH NO 8 RANOLI, DIST VADODARA",DIST VADODARA,Gujarat,India,,1,1,24AAFFS9666R1Z6,Registered Regular,Supplier,IMP-20260324-SUP-0476
COROMANDEL INTERNATIONAL LTD - UDAIPUR,Billing,"227, MEWAR INDUSTRIAL AREA","MEWAR, UDAIPUR",UDAIPUR,Rajasthan,India,,1,1,08AAACC7852K1ZD,Registered Regular,Customer,IMP-20260324-CUST-0256
DHANLAXMI ROADWAYS,Billing,RAJASTHAN,,Rajasthan,Rajasthan,India,,1,1,,Unregistered,Customer,IMP-20260324-CUST-0257
M/S. JAI MAA SAMALESWARI TYRES,Billing,"SHOP NO. -12, TIWARI COMPLEX","NEAR PAHADI BAR, VEDVYAS, ROURKELA, PS :-BRAMANI TARANG, DIST. : SUNDARGARH (ODISHA)",DIST. : SUNDARGARH (ODISHA),Odisha,India,,1,1,21AQPPR2911N2ZI,Registered Regular,Supplier,IMP-20260324-SUP-0477
SARTHAK ROADLINES,Billing,"340/1/3, UDYOG NAGAR","OPP. PRABHU TOLL KANTA, MUSAKHEDI-INDORE-452007 (M.P.)",INDORE,Madhya Pradesh,India,452007,1,1,23AVRPJ4677J2ZZ,Registered Regular,Customer,IMP-20260324-CUST-0258
M/s. R.N.C. Automobiles,Billing,DHULE,,DHULE,Maharashtra,India,,1,1,27AHHPK3028Q1ZX,Registered Regular,Supplier,IMP-20260324-SUP-0479
MOGRA AUTOMOBILES,Billing,BRANCH 215-A,"TRANSPORT NAGAR, UDAIPUR (RAJ)",UDAIPUR (RAJ),Rajasthan,India,,1,1,08ADXPM3377L1ZL,Registered Regular,Supplier,IMP-20260324-SUP-0481
GAYATRI ACID & CHEMICALS CO,Billing,"GATE NO. 39, BHAIRAVNATH INDUSTRIAL ESTATE","DEHU-ALANDI ROAD, MOIPHATA, CHIKALI, PUNE (M.H.)-411062","CHIKALI, PUNE (M.H.)",Maharashtra,India,411062,1,1,27ABQPP9189A1Z2,Registered Regular,Customer,IMP-20260324-CUST-0259
R.V. GLOBAL PVT LTD.,Billing,"PLOT NO. 912 &912A, GIDC","JHAGADIA, BHARUCH","JHAGADIA, BHARUCH",Gujarat,India,,1,1,24AAECR5000J1ZQ,Registered Regular,Customer,IMP-20260324-CUST-0260
TIPPERMAN ENGINEERING,Billing,"5-B, KARNI NAGAR","NEAR KARNI PHATAK, JHOTWARA, JAIPUR, RAJASTHAN","JHOTWARA, JAIPUR",Rajasthan,India,,1,1,08BXQPR1232K1Z1,Registered Regular,Supplier,IMP-20260324-SUP-0483
NAKODA TRADING COMPANY,Billing,1ST FLOOR,"IG GODOWN KRISHI UPAJ MANDI SAMITI, UDAIPUR, RAJASTHAN",UDAIPUR,Rajasthan,India,,1,1,08BNSPM3893H2Z7,Registered Regular,Supplier,IMP-20260324-SUP-0484
JAMMU PUNJABI TYRE WORKS,Billing,TUKJAPUR USMANABAD ROAD,"BORRY, TA. TUKJAPUR, JI.USMANABAD",JI.USMANABAD,Maharashtra,India,,1,1,,Unregistered,Supplier,IMP-20260324-SUP-0485
SHRI KRISHNA DETCHEM (P) LTD,Billing,SURVEY.NO. 357/1/2,"VILLAGE DADAR NAGAR HAVELI, SILVASSA.396193",SILVASSA,Dadra and Nagar Haveli and Daman and Diu,India,396193,1,1,26AAHCS3409H1ZE,Registered Regular,Customer,IMP-20260324-CUST-0261
VEDANT PETROCHEM PVT LTD.,Billing,"SY NO. 290/291, DHULAPALLY ROAD","JEEDIMETLA, HYDERBAD, MEDCHAL-, MALKAJGIRI, TELANGANA","MALKAJGIRI, TELANGANA",Telangana,India,,1,1,36AAICV8436E1Z2,Registered Regular,Customer,IMP-20260324-CUST-0262
SHREE VISHWAKARMA AUTO ENGG. REP.WORKS,Billing,OPP. DHANLAXMI PETROL PUMP,"N.H. NO. 8, RANOLI, VADODARA",VADODARA,Gujarat,India,,1,1,,Unregistered,Supplier,IMP-20260324-SUP-0489
MOGA GILL MOTOR WORKS,Billing,OPP. DHANLAXMI PETROL PUMP,"N.H. NO. 8, RANOLI, VADODARA",VADODARA,Gujarat,India,,1,1,,Unregistered,Supplier,IMP-20260324-SUP-0490
AASHVI JEWELS LLP,Billing,"OFFICE :- GF-7, PANORAMA COMPLEX","R.C. DUTT ROAD, ALKAPURI, VADODARA.","ALKAPURI, VADODARA",Gujarat,India,,1,1,24ABQFA8195B1ZA,Registered Regular,Supplier,IMP-20260324-SUP-0492
J A S,Billing,"N.H. NO. 8, RANOLI",BARODA,BARODA,Gujarat,India,,1,1,,Unregistered,Supplier,IMP-20260324-SUP-0494
SIDDHESHWAR TRADERS,Billing,"SHOP NO.53, ANANT COMMERCIAL COMPLEX","N.H., PLOT NO.64, GANDHIDHAM - KACHCHH",GANDHIDHAM - KACHCHH,Gujarat,India,,1,1,24BITPC6171Q1ZL,Registered Regular,Supplier,IMP-20260324-SUP-0495
ROYAL MOTORS,Billing,"SHOP NO. 205, MOTI PIPALI","KANDLA, PALANPUR HIGHWAY, RADHANPUR, PATAN","RADHANPUR, PATAN",Gujarat,India,,1,1,24ABAFR7113E1ZN,Registered Regular,Supplier,IMP-20260324-SUP-0502
SHREE MARUTI SHOW REPAIRING,Billing,"PLOT NO. 802, G.I.D.C RANOLI",DIST.VADODARA,DIST.VADODARA,Gujarat,India,,1,1,,Unregistered,Supplier,IMP-20260324-SUP-0503
PRINCE AUTO ENGG. WORKS,Billing,"49, VAIKUNTH COMPLEX","NEAR WATER TANK, G.I.D.C., RANOLI., VADODARA",VADODARA,Gujarat,India,,1,1,,Unregistered,Supplier,IMP-20260324-SUP-0504
SHRADDHA AUTO CORPORATION,Billing,OPP: DHANLAXMI PETROL PUMP,"RANOLI CROSSING, N.H. NO. 8, RANOLI, VADODARA","RANOLI, VADODARA",Gujarat,India,,1,1,24AFYPS1006D1ZJ,Registered Regular,Supplier,IMP-20260324-SUP-0505
SHREE SAI MOTOR GARAGE,Billing,OPP. BHAGWAN PARK,"IPCL ROAD, POST. RANOLI, DIST. VADODARA",DIST. VADODARA,Gujarat,India,,1,1,,Unregistered,Supplier,IMP-20260324-SUP-0506
NURSAD AUTO ENGINEERING WORKS,Billing,I.P.C.L. ROAD,"NR. KHERA TRANSPORT, RANOLI. BARODA",RANOLI. BARODA,Gujarat,India,,1,1,,Unregistered,Supplier,IMP-20260324-SUP-0507
MAA AUTO PARTS,Billing,G.I.D.C. RANOLI,VADODARA,VADODARA,Gujarat,India,,1,1,,Unregistered,Supplier,IMP-20260324-SUP-0508
HAQUE AUTO ENGINEERING WORKS,Billing,I.P.C.L ROAD,"OPP. PATEL PARKING, RANOLI.",RANOLI,Gujarat,India,,1,1,,Unregistered,Supplier,IMP-20260324-SUP-0509
NARENDRA KABANI WORKS,Billing,SETH TRANSPORT,"SATYANAME AUTOMOBILE KE PASS, UDAIPUR",UDAIPUR,Rajasthan,India,,1,1,,Unregistered,Supplier,IMP-20260324-SUP-0510
PATEL TANKER SERVICE STATION,Billing,I.P.C.L. MAIN ROAD,"NR. SHREE SAINATH WEIGH BRIDGE, RANOLI, VADODARA",VADODARA,Gujarat,India,,1,1,,Unregistered,Supplier,IMP-20260324-SUP-0511
ANSOYA HARDWARE & ELECTRIC,Billing,A/40 COMMERCIAL COMPLEX,"RANOLI GIDC, VADODARA",VADODARA,Gujarat,India,,1,1,,Unregistered,Supplier,IMP-20260324-SUP-0512
V. R. ELECTRICALS,Billing,"E-1/2, DHARTI TENAMENT","NEW SAMA ROAD, SAMA, VADODARA","SAMA, VADODARA",Gujarat,India,,1,1,,Unregistered,Supplier,IMP-20260324-SUP-0515
RIDDHI SHIDDHI ENTERPRISE,Billing,9/INDIRA NAGAR SOCIETY,"IPCL OVER BRIDGE ROAD, AT. POST RANOLI, DIST.VADODARA",DIST.VADODARA,Gujarat,India,,1,1,,Unregistered,Supplier,IMP-20260324-SUP-0517
RADHIKA MOTORS,Billing,"30, 31, 32 SARDARPURA ROAD","PATAN, RADHANPUR, RAJGADHI.",RAJGADHI,Gujarat,India,,1,1,24BOPPP1449Q1Z5,Registered Regular,Supplier,IMP-20260324-SUP-0518
APCO AUTOMOBILES,Billing,OPP. BHARAT PETROL PUMP,"BESIDE M.M. VORA SHOWROOM, NEAR SOMA TALAV CHAR RASTA, DABHOI ROAD, VADODARA","DABHOI ROAD, VADODARA",Gujarat,India,,1,1,24AAWFA6018Q1ZT,Registered Regular,Supplier,IMP-20260324-SUP-0520
SHREE SAI MOTORS,Billing,SHEKHON CHAMBER,"BEHIND MINAL PETROL PUMP & HONEST, RANOLI, VADODARA","RANOLI, VADODARA",Gujarat,India,,1,1,,Unregistered,Supplier,IMP-20260324-SUP-0521
SILVER EMPORIUM PRIVATE LIMITED,Billing,"232/234, 1ST FLOOR","CHAMBER BHAVAN, OPP. ABHINANDAN MARKET, KALBADEVI ROAD, MUMBAI","KALBADEVI ROAD, MUMBAI",Maharashtra,India,,1,1,27AANCS1076Q1ZK,Registered Regular,Supplier,IMP-20260324-SUP-0523
St. ROOSEVELT PUBLIC SCHOOL,Billing,SHERDI NAGAR,"OPP. PRAMUKHSWAMI SOC. OPP., SHARDA SOC., HARNI-WARASIYA RING ROAD, VADODARA.",VADODARA,Gujarat,India,,1,1,,Unregistered,Supplier,IMP-20260324-SUP-0525
GOPAL K. PATNI,Billing,"10, GOVERDHAN COMPLEX","KHASWADI, BAHUCHARAJI ROAD, VADODARA",VADODARA,Gujarat,India,,1,1,,Unregistered,Supplier,IMP-20260324-SUP-0526
STAR MOTOR GARAGE,Billing,MAHMOOD COMPLEX,"C.N.G. PUMP, AMOD ROAD, JAMBUSAR, BHARUCH","JAMBUSAR, BHARUCH",Gujarat,India,,1,1,,Unregistered,Supplier,IMP-20260324-SUP-0528
AYUSHI ENTERPRISE,Billing,"B-10, Romeshwar Park Co. Op. Society","Nr. Diamond Dyechem Colony, G.I.D.C. Ankleshwar",G.I.D.C. Ankleshwar,Gujarat,India,,1,1,24AERPP3631D1ZK,Registered Regular,Supplier,IMP-20260324-SUP-0529
SAANVIKA MOTORS,Billing,REWA 143/1 BELA TIRAHA,"VILL.BELA RUHIYA, DISTT-SATNA. (M.P)",DISTT-SATNA. (M.P),Madhya Pradesh,India,,1,1,,Unregistered,Supplier,IMP-20260324-SUP-0530
ATIFA MOTORS,Billing,HINDORANA CHOWKADI,RAJULA,RAJULA,Gujarat,India,,1,1,24BYBPS3245K2Z9,Registered Regular,Supplier,IMP-20260324-SUP-0531
MANYA AUTOMOBILES PRIVATE LIMITED,Billing,SHOP-305-306,"AANAND COMPLEX, NR, IDBI BANK, KASAK, BHARUCH",BHARUCH,Gujarat,India,,1,1,24AAOCM8144Q1ZO,Registered Regular,Supplier,IMP-20260324-SUP-0532
M N SURFACTANTS PVT LTD,Billing,"GAT.NO. 1236/37, SANASWADI","TALUKA: SHIRUR, DIST:-PUNE-412208",DIST:-PUNE,Maharashtra,India,412208,1,1,27AABCM2627D1ZU,Registered Regular,Customer,IMP-20260324-CUST-0263
BARWANI MOTORS,Billing,05-KASRAWAD,BARWANI KHANDWA BARODA STATE HIGHWAY,BARWANI KHANDWA BARODA STATE HIGHWAY,Madhya Pradesh,India,,1,1,23ADYPY8106E2Z1,Registered Regular,Supplier,IMP-20260324-SUP-0535
NEW MANISH BATTERY & AUTO ELECTRICALS,Billing,SANTPOL SCHOOL KE SAMNE,"TULSIDASJI KI SRAY (DABOK), UDAIPUR (RAJ.)",UDAIPUR (RAJ.),Rajasthan,India,,1,1,,Unregistered,Supplier,IMP-20260324-SUP-0536
SUKHA CHEMICALS INDUSTRIES,Billing,"PLOT.NO. 2925, 2929, 3031-3042, 3127-31 PHASE-III","G.I.D.C.INDUSTRIAL ESTATE PANOLI, GUJARAT, INDIA PANOLI, 394116",ANKLESHWAR,Gujarat,India,394116,1,1,24AAJFS9480P1ZA,Registered Regular,Customer,IMP-20260324-CUST-0264
DEEPAK FERTILISERS & PETROCHEMICALS CORP LTD.(SALE),Billing,K-1 TO K-8 MICD IND . AREA. TALOJA A.V,TALOJA-A.V. DIST: RAIGAD,TALOJA-A.V. DIST: RAIGAD,Maharashtra,India,,1,1,27AAACD1388D1ZW,Registered Regular,Customer,IMP-20260324-CUST-0265
NAVIN FLUORINE ADVANCED SCIENCES LTD.,Billing,"D/2/11-A, DAHEJ GIDC-II, VIII VADADLA","OPP: MARINO IND. TAL: VAGRA, DIST: BHARUCH-392130",DIST: BHARUCH,Gujarat,India,392130,1,1,24AAGCN8726M1ZZ,Registered Regular,Customer,IMP-20260324-CUST-0266
SHRADDHA AUTO CENTRE,Billing,OPP. DHUNLAXMI PETROL PUMP,"RANOLI CROSSING, RANOLI, VADODARA","RANOLI, VADODARA",Gujarat,India,,1,1,24AGAPS7467F1Z8,Registered Regular,Supplier,IMP-20260324-SUP-0539
JAY AMBICA ENGINEERING AND WELDING WORKS,Billing,GODHRA ROAD,"DARSHAN HOTEL PASE., LIMDI TA. ZALOD, DAHOD",DAHOD,Gujarat,India,,1,1,,Unregistered,Supplier,IMP-20260324-SUP-0541
Mr.SHAFINRAZA SARANI,Billing,VASNA BHAYLI,VADODARA,VADODARA,Gujarat,India,,1,1,,Unregistered,Supplier,IMP-20260324-SUP-0542
PATEL JAL SAGAR,Billing,I.P.C.L. MAIN ROAD,"NR. SAINATH WEIGH BRIDGE, OPP. KATHIYAWADI HOTEL, RANOLI, BARODA","RANOLI, BARODA",Gujarat,India,,1,1,,Unregistered,Supplier,IMP-20260324-SUP-0543
LALJI MULJI TRANSPORT CO.,Billing,"H.O. : 17, MEHTA CHAMBERS","127-A, KALYAN STREET, DANABUNDER, MASJID, MUMBAI",MUMBAI,Maharashtra,India,,1,1,,Unregistered,Supplier,IMP-20260324-SUP-0544
PRAKASH SPRING WORKS,Billing,I.P.C.L. ROAD,"OPP. LUCKEY RESTAURANT, NEAR SWAMINARAYAN MANDIR, RANOLI, VADODARA","RANOLI, VADODARA",Gujarat,India,,1,1,,Unregistered,Supplier,IMP-20260324-SUP-0546
REVA MINE CHEM,Billing,"SURVEY NO. 1847/P2, VADAVALI","CHANASMA, PATAN-384221","CHANASMA, PATAN",Gujarat,India,384221,1,1,24BWMPP6549L1ZR,Registered Regular,Customer,IMP-20260324-CUST-0267
LEYLAND AUTOMOBILES,Billing,"9, MARUTI COMPLEX","G.I.D.C., RANOLI, VADODARA.",VADODARA,Gujarat,India,,1,1,,Unregistered,Supplier,IMP-20260324-SUP-0547
Shrinath Automotive,Billing,"P.No. 30, Jawahar Nagar Over Bridge","Gandhidham, Gujarat",Gandhidham,Gujarat,India,,1,1,24ACOFS1317A1ZK,Registered Regular,Supplier,IMP-20260324-SUP-0548
ZINCO FERTILIZERS,Billing,"PLOT.NO. 129/2, SINGANNA GUDEM","VILLAGE:-VEERAVALLI, NR. HANUMAN JUNCTION-521110",NR. HANUMAN JUNCTION,Andhra Pradesh,India,521110,1,1,37AABFZ8678A1ZT,Registered Regular,Customer,IMP-20260324-CUST-0268
SPARKLE ENERGY,Billing,"S. NO 5, NEAR SCHOOL","GALENDA, TAL - VAGRA, BHARUCH",BHARUCH,Gujarat,India,,1,1,24AENFS3294R1Z2,Registered Regular,Supplier,IMP-20260324-SUP-0549
FEDERATION OF GUJARAT INDUSTRIES,Billing,FGI BUSINESS CENTRE,"GOTRI-SEVASI ROAD, KHANPUR, NR. SEVASI, VADODARA",VADODARA,Gujarat,India,,1,1,24AAATF0543K1ZZ,Registered Regular,Supplier,IMP-20260324-SUP-0550
MAHADEV MOTORS,Billing,GUJARAT,,Gujarat,Gujarat,India,,1,1,24ABJFM2049P1ZV,Registered Regular,Supplier,IMP-20260324-SUP-0553
VIKRANT SECURITY FORCE & DIVYA MANPOWER SUPPLIERS,Billing,"SHOP NO. 144, SUN ENCLAVE, 1st Floor","OPP. OLD JYOTI COMPOUND, GODHRA ROAD, HALOL",HALOL,Gujarat,India,,1,1,24ALYPT8035F1ZI,Registered Regular,Supplier,IMP-20260324-SUP-0555
ASHMEE TRAVELS,Billing,9/A VRUNDAVAN PARK,"B/H. BRIGHT SCHOOL, VIP ROAD, VADODARA","VIP ROAD, VADODARA",Gujarat,India,,1,1,24BFEPS3427M1Z6,Registered Regular,Supplier,IMP-20260324-SUP-0556
AGRAWAL TANKER SERVICE,Billing,RING ROAD.NO. 1 TATIBANDH,RAIPUR(C.G.)-492099,RAIPUR(C.G.),Chhattisgarh,India,492099,1,1,22ALMPA1880H1ZE,Registered Regular,Customer,IMP-20260324-CUST-0269
FLARE CHEMICALS PRIVATE LIMITED,Billing,"201-202, SUDARSHAN ENCLAVE, BSNL ROAD, SEC. 3, UDAIPUR","BEGDARA NATURE PARK, JHAMAR KOTRA-MATOON MINE ROAD, LAKADWAS TEH.GIRWA, UDAIPUR (RAJ.)",UDAIPUR UNIT,Rajasthan,India,,1,1,08AADCF2978E1ZJ,Registered Regular,Customer,IMP-20260324-CUST-0270
VESTRO SOLVENTS PVT. LTD,Billing,"SY NO 850/A, INDUSTRIAL AREA","MEDCHAL-MALKAJGIRI, MEDCHAL-501401",MEDCHAL,Telangana,India,501401,1,1,36AABCV5324J1Z9,Registered Regular,Customer,IMP-20260324-CUST-0271
PROGRESSIVE TRANSPORT,Billing,"E-307, KAILASH ESPLANADE","LAL BAHADUR SGASTRI ROAD, OPP:- SHRERYAS CINEMA, GHATKOPAR, WEST MUMBAI-400086","GHATKOPAR, WEST MUMBAI",Maharashtra,India,400086,1,1,27AAGPG7597J1Z4,Registered Regular,Customer,IMP-20260324-CUST-0272
BHARAT TANKER TRANSPORT CO.,Billing,"35-A, CENTRAL AREA","OPP:- AVARIMATA MANDIR, UDAIPUR-313002 (RAJASTHAN)",UDAIPUR- (RAJASTHAN),Rajasthan,India,313002,1,1,08AAYPG6516H1ZA,Registered Regular,Customer,IMP-20260324-CUST-0273
NEW BHARAT SPRING WORKS,Billing,NEAR CARGO MOTORS,"DASHMESH COMPLEX, RANOLI, BARODA","RANOLI, BARODA",Gujarat,India,,1,1,,Unregistered,Supplier,IMP-20260324-SUP-0562
RASAYAN UDHYOG (SINGRAULI),Billing,"PLOT. NO. 48 & 49, UDYOG DEEP INDUSTRIAL AREA",WAIDHAN - 486886 (MP),WAIDHAN -  (MP),Madhya Pradesh,India,486886,1,1,23ABDPG9317Q1ZD,Registered Regular,Customer,IMP-20260324-CUST-0274
MARS CONSULTANTS,Billing,"104, PROFIT CENTRE","NR. KALAGHODA CIRCLE, SAYAJIGUNJ, VADODARA - 390005",VADODARA,Gujarat,India,390005,1,1,,Unregistered,Supplier,IMP-20260324-SUP-0563
PROGRESSIVE TRANSPORT CO.,Billing,"E 307, KAILASH ESPLANADE, LAL BAHADUR SHASHTRI RD","OPP OLD SERYAS CINEMA, GHATKOPAR WEST, MUMBAI, MAHARASHTRA-400086","MUMBAI,MAHARASHTRA",Maharashtra,India,400086,1,1,27AAGPG7597J1Z4,Registered Regular,Customer,IMP-20260324-CUST-0275
PAINTER JAGDISH,Billing,NR. RANOLI CROSSING N.H.NO. 8,VADODARA,VADODARA,Gujarat,India,,1,1,,Unregistered,Supplier,IMP-20260324-SUP-0564
DILIP KIRADE,Billing,"PLOT NO. 11, SEKHON CHEMBER","OPP. WATER TANK, G.I.D.C., RANOLI, DIST. BARODA.",DIST. BARODA,Gujarat,India,,1,1,,Unregistered,Supplier,IMP-20260324-SUP-0565
KHAN MOTOR GARAGE,Billing,OPP. OM SHRI GANESH PETROL PUMP,"IPCL ROAD, RANOLI, BARODA",BARODA,Gujarat,India,,1,1,,Unregistered,Supplier,IMP-20260324-SUP-0566
SAHIL AUTO ELECTRIC WORK,Billing,DASHMESH COMPOUND NR. CARGO MOTORS,"RANOLI - IPCL ROAD, DIST. VADODARA",DIST. VADODARA,Gujarat,India,,1,1,,Unregistered,Supplier,IMP-20260324-SUP-0567
SWASTIK ENTERPRISES,Billing,33. MARUTI COMPLEX,"G.I.D.C. RANOLI, BARODA",BARODA,Gujarat,India,,1,1,24ACQPP7085C1ZB,Registered Regular,Supplier,IMP-20260324-SUP-0568
AMIT BULK CARRIERS,Billing,"THOL ROAD, OPP: GUJARAT AMBUJA","KADI-382715, MEHSANA, GUJARAT.","KADI-, MEHSANA",Gujarat,India,382715,1,1,24AGIPA8342B2ZX,Registered Regular,Customer,IMP-20260324-CUST-0276
M K MOTORS - SALES,Billing,SURVEY 46/2 PLOT NO.2,"DURGA INDUSTRIAL ESTATE, NH-8, VILLAGE : SANKARDA, TA. VADODARA",TA. VADODARA,Gujarat,India,,1,1,24AAOFM2723Q1ZT,Registered Regular,Supplier,IMP-20260324-SUP-0570
MAA DURGA TRANSPORT SERVICE,Billing,"128/442, H2 BLOCK","KIDWAI NAGAR, KANPUR-208011, UTTAR PRADESH",KANPUR,Uttar Pradesh,India,208011,1,1,,Unregistered,Customer,IMP-20260324-CUST-0277
SAMVEG AUTOMOBILES,Billing,NEAR HOTEL GOVIND,"DHULE JALGAON ROAD, NH-06, A/P, KHARCHI B.O- MAHARASHTRA",KHARCHI B.O- MAHARASHTRA,Maharashtra,India,,1,1,27ADQFS9376L1ZW,Registered Regular,Supplier,IMP-20260324-SUP-0571
ASHAPURA PERFOCLAY LTD.,Billing,"SURVEY NO. 167, VILLAGE-LER","NEAR BHUJODI, BHUJ ANJAR HIGHWAY, TAL: BHUJ DIST: KUTH-370020",TAL: BHUJ DIST: KUTH,Gujarat,India,370020,1,1,24AAACA9472H1ZO,Registered Regular,Customer,IMP-20260324-CUST-0278
NEW NASHIK TYRE,Billing,"1/C, Ajanta Complex, Opp Swaminarayan Mandir","New Adgaon Naka, Panchvati, Nashik",Nashik,Maharashtra,India,,1,1,27AAHFN4422C1ZM,Registered Regular,Supplier,IMP-20260324-SUP-0572
AMAN AUTO ENGG. WORKS,Billing,"NEAR CARGO MOTORS, IPCL ROAD, RANOLI",RANOLI-391350 BARODA,VADODARA,,India,391350,1,1,,Unregistered,Supplier,IMP-20260324-SUP-0573
RAJU AUTO GARAGE,Billing,N. H. NO. 8M,"RANOLI CROSSING, RANOLI",VADODARA,,India,,1,1,,Unregistered,Supplier,IMP-20260324-SUP-0574
OM SAI CARRIERS,Billing,"WARD NO 72, TEHSIL - ADHARTAL","DADA THANTHANPAL, KHASRA NO 45, MADHOTAL, JABALPUR, MADHYA PRADESH","JABALPUR, MADHYA PRADESH",Madhya Pradesh,India,,1,1,23AVKPB3672J2ZL,Registered Regular,Supplier,IMP-20260324-SUP-0575
AUTO CARE,Billing,81/7 G.I.D.C. VADSAR ROAD,MAKARPURA. VADODARA,MAKARPURA. VADODARA,Gujarat,India,,1,1,24AHAPP2197A1ZQ,Registered Regular,Supplier,IMP-20260324-SUP-0577
LAXMI BATTERIES,Billing,"15-G, INDIA TREAD CENTRE","NR. PRIME HOTEL, RAJPIPLA CHOKDI, ANKLESHWAR",ANKLESHWAR,Gujarat,India,,1,1,24ACNPR7530D1ZK,Registered Regular,Supplier,IMP-20260324-SUP-0578
LASONS INDUSTRIES PVT LTD (HALDIA),Billing,"JL NO. 168, AEGIS VOPAK TERMINAL LTD","POLT NO.952-958, CHIRANJIBPUR HALDIA, WEST BENGAL-721604","POLT NO.952-958, CHIRANJIBPUR HALDIA",West Bengal,India,721604,1,1,19AAECL3706H1ZJ,Registered Regular,Customer,IMP-20260324-CUST-0279
HICS PRODUCT LLP,Billing,"105/B, 21 ST CENTURY PLAZA","SECTOR-8, ROHINI DELHI-110085 (INDIA)","SECTOR-8, ROHINI DELHI- (INDIA)",Delhi,India,110085,1,1,07AAMFH6440H1Z9,Registered Regular,Customer,IMP-20260324-CUST-0280
KILBURN CHEMICALS LTD,Billing,PLOT NO.D2/CH-170.DAHEJ-II INDUSTRIAL,"ESTATE VILLAGE-JOLWA, TAL-VAGRA, BHARUCH-392130","TAL-VAGRA, BHARUCH",Gujarat,India,392130,1,1,24AAACK1427A1ZD,Registered Regular,Customer,IMP-20260324-CUST-0281
HICS TRADEX LLP,Billing,"105/A, 1ST FLOOR, 21ST CENTURY PLAZA","COMMUNITY CENTRE, SECTOR-8, ROHINI DELHI - 110085",ROHINI DELHI,Delhi,India,110085,1,1,07AAPFH0236C1ZQ,Registered Regular,Customer,IMP-20260324-CUST-0282
ARUN MOTORS,Billing,"RAIPUR NAKA, NEAR GAYATRI TRANSPORT","G.E. ROAD, RAJNANDGAON., CHHATTISGARH","G.E. ROAD, RAJNANDGAON",Chhattisgarh,India,,1,1,22CBPPP6074B1ZN,Registered Regular,Supplier,IMP-20260324-SUP-0579
A-ONE ADVERTISING AGENCY-1,Billing,"A-100, PARAGRAJ SOCIETY","OPP. GURUKUL VIDHYALAYA, HARNI - WARASIYA RING ROAD, VADODARA",VADODARA,Gujarat,India,,1,1,24APSPS0730G2ZS,Registered Regular,Supplier,IMP-20260324-SUP-0580
RUDRAKSHA ALLED CHEMICAL PVT. LTD. (DNA),Billing,"VILLAGE: MOURZHARI, NEAR FERTI","OPP: HINDUSTAN LIVER LTD, GODOWN, KAMLESHWAR ROAD, NAGPUR-441501",NAGPUR,Maharashtra,India,441501,1,1,27AACCR7564B1ZE,Registered Regular,Customer,IMP-20260324-CUST-0283
SIDHHA SARDAR MOTOR GARAGE,Billing,MORBI HIGHWAY,"PALANPUR MORBI BRIDGE PASE, KUTCH",KUTCH,Gujarat,India,,1,1,,Unregistered,Supplier,IMP-20260324-SUP-0581
DUGGAL AUTOMOBILES,Billing,VILLAGE-SONWAY,"TESHIL-MHOW, DIST.INDORE, MADHYA PRADESH",DIST.INDORE,Madhya Pradesh,India,,1,1,23AADCD5938N1ZC,Registered Regular,Supplier,IMP-20260324-SUP-0582
MAKKI AUTOMOBILES,Billing,SHOP. NO. 12,"SUPER SHOPPING CENTRE, RAJPIPLA CHOWKDI, I TA. ANKLESHWAR, DIST. BHARUCH.","I TA. ANKLESHWAR, DIST. BHARUCH",Gujarat,India,,1,1,,Unregistered,Supplier,IMP-20260324-SUP-0583
KISHAN ENGINEERING WORKS,Billing,"SHOP NO. 18, GOLDEN PLAZA","N.H.N. 8, EYE MATA HOTEL, ANKLESHWAR",ANKLESHWAR,Gujarat,India,,1,1,,Unregistered,Supplier,IMP-20260324-SUP-0584
RJ RUBBER & CHEMICALS INDUSTRIES,Billing,"9A, UDYOGDEEP INDUSTRIAL AREA","WAIDHAN, DIST: SINGRAULI, MADHYA PRADESH-486886","WAIDHAN, DIST: SINGRAULI",Madhya Pradesh,India,486886,1,1,23AALFR3667H1ZZ,Registered Regular,Customer,IMP-20260324-CUST-0284
RAMA PHOSPHATES LIMITED,Billing,AARAJI NO 244/194,"GRAM SAGWADIYA, CHITTORGARH -312601, RAJASTHAN",CHITTORGARH,Rajasthan,India,312601,1,1,08AAACR7191Q1ZM,Registered Regular,Customer,IMP-20260324-CUST-0285
NEW PATEL MOTORS,Billing,"SHOP NO. 7, GUJARAT COMPLEX","NR. HOTEL MILAN, SANAND CHOWKDI, S.G. HIGHWAY, SARKHEJ, AHMEDABAD","SARKHEJ, AHMEDABAD",Gujarat,India,,1,1,24AKFPB7389A1ZG,Registered Regular,Supplier,IMP-20260324-SUP-0585
KGN ENTERPRISE,Billing,"9, HAIDARSAN COMPLEX","IPCL ROAD, RANOLI, DIST. VADODARA",VADODARA,,India,,1,1,,Unregistered,Supplier,IMP-20260324-SUP-0586
SATISFACTION MOTORS,Billing,MADHYA PRADESH,,Madhya Pradesh,Madhya Pradesh,India,,1,1,23AEMPV2761F1ZC,Registered Regular,Supplier,IMP-20260324-SUP-0589
AROMATICS INDIA PVT LTD.(G.DHAM),Billing,"PLOT NO.334, GIDC.IND.ESTATE","MITHIROHAR, PHASE-2, GANDHIDHAM, KACHCHH. GUJARAT-370201",KACHCHH. GUJARAT,Gujarat,India,370201,1,1,24AAACA9994J1Z8,Registered Regular,Customer,IMP-20260324-CUST-0286
SWATI CHEMICALS,Billing,"407, 4th FLOOR, V-STAR PLAZA","CHANDAVARKAR ROAD, BORIVALI(WEST), MUMBAI-400092",MUMBAI,Maharashtra,India,400092,1,1,27AACPR9159F1ZC,Registered Regular,Customer,IMP-20260324-CUST-0287
SHREE BHAGVATI AUTO PARTS,Billing,GANDHIDHAM,,GANDHIDHAM,Gujarat,India,,1,1,,Unregistered,Supplier,IMP-20260324-SUP-0590
PREMBHAI KAMAN PATA GARAGE,Billing,"SAHYOG, WAY-BRIDGE","SAHYOG COMPLEX, NARI CHOKADI, BHAVNAGAR",BHAVNAGAR,Gujarat,India,,1,1,,Unregistered,Supplier,IMP-20260324-SUP-0591
AAPCHEM PRIVATE LTD.,Billing,"OPP. D MART, D-WING/339","SIDDHARTH EXCELLENCE, VASNA ROAD, TANDALJA, VADODARA-390012",VADODARA,Gujarat,India,390012,1,1,24AAXCA4761E1ZH,Registered Regular,Customer,IMP-20260324-CUST-0288
DHAN BHAGWATI AUTOMECH PVT. LTD.,Billing,"Shop No. 1 & 2, Transport Nagar","Opposit Silver Hotel, N. H. No. 8, Ankleshwar, Dist : Bharuch",Dist : Bharuch,Gujarat,India,,1,1,24AACCD1584F1ZY,Registered Regular,Supplier,IMP-20260324-SUP-0593
SUPERIOR AUTOMOTIVE,Billing,"NH-30, POST- NAURHIYA","CHORGADI, DIST- REWA, MP NAUDHIA, MADHYA PRADESH",MP NAUDHIA,Madhya Pradesh,India,,1,1,23APYPD2254G1ZX,Registered Regular,Supplier,IMP-20260324-SUP-0594
SATYAM SOLUTIONS LTD,Billing,"S, NO.247/1, OPP, SHARDA SOLVENT LTD","ASHIVPURI GUNA ROAD, GRAM BASKEDI, NH-3 SHIVPURI, MADHYA PRADESH","GRAM BASKEDI, NH-3 SHIVPURI",Madhya Pradesh,India,,1,1,23AABCK0612L1ZY,Registered Regular,Supplier,IMP-20260324-SUP-0596
VISHWAKARMA BODY AND WELDING WORKS,Billing,SURAT KADODARA ROAD,"MOBILE TOWER NI PASE, ANGOLI, SURAT","ANGOLI, SURAT",Gujarat,India,,1,1,,Unregistered,Supplier,IMP-20260324-SUP-0597
DEF SOLUTIONS PRIVATE LIMITED,Billing,"E-340, SUMEL BUSINESS PARK-6","NR. HANUMANPURA BRTS, SHAHIBAUGH, Ahmedabad","SHAHIBAUGH, Ahmedabad",Gujarat,India,,1,1,24AAHCD2463J1ZO,Registered Regular,Supplier,IMP-20260324-SUP-0598
LCVPL - REPAIRING A/C.,Billing,N H No. 8,"Dashrath, Vadodara",Vadodara,Gujarat,India,,1,1,24AACCW1966G1ZB,Registered Regular,Supplier,IMP-20260324-SUP-0599
SHREE DHANLAXMI TANKER & TRANSPORT COMPANY,Billing,"N.H.NO. 8, NR. BUS STAND","CHOUDHURY TRACTOR, MOKHAMPURA, TEH. DUDU DIST: JAIPUR (RAJ)303348",TEH. DUDU DIST: JAIPUR (RAJ),Rajasthan,India,303348,1,1,,Unregistered,Customer,IMP-20260324-CUST-0289
JAI BHARAT GOODS TRANSPORT CO.,Billing,NAI ANAJ MANI,ROHTAK-HARYANA-124001,ROHTAK-HARYANA,Haryana,India,124001,1,1,,Unregistered,Customer,IMP-20260324-CUST-0290
KRISHNA DIESELS,Billing,OPP LIC OFFICE RETISTAND CIRCLE,UDAIPUR,UDAIPUR,Rajasthan,India,,1,1,08ADAPS8735P1ZQ,Registered Regular,Supplier,IMP-20260324-SUP-0601
VE Commercial Vehicles Ltd. - Udwada,Billing,At & Po. : Khadki,"N. H. No. 08, Motiwada Char Rasta, Udwada",Udwada,Gujarat,India,,1,1,24AABCE9378F1ZI,Registered Regular,Supplier,IMP-20260324-SUP-0602
R.JATIN & CO,Billing,VADODARA,,VADODARA,Gujarat,India,,1,1,24AAKPT8025E1ZN,Registered Regular,Supplier,IMP-20260324-SUP-0603
RAJASTHAN AUTO PARTS,Billing,"Nr. Railway Crossing, Dahej Bharch Road",Dist Bharuch,BHARUCH,,India,,1,1,,Unregistered,Supplier,IMP-20260324-SUP-0604
SHRI BALAJI MOTORS,Billing,BIJOLI RAKSA HIWAY,"INDUSTRIAL AREA JHANSI IN FRONT OF GROWTH CENTER, MAUJA DAGARIY ROOND JHANSHI",MADHYA PRADESH,Uttar Pradesh,India,,1,1,09AJPPR7090D1Z0,Registered Regular,Supplier,IMP-20260324-SUP-0607
PATEL WHEEL CARE,Billing,"S-1, 2, 3, 4, 5, FORUM COMPLEX","HIGH TENSION ROAD, SUBHANPURA, VADODARA","SUBHANPURA, VADODARA",Gujarat,India,,1,1,,Unregistered,Supplier,IMP-20260324-SUP-0608
SHISA AUTO (13406),Billing,5 RAJPATH SOCIETY,VADODARA RACE COURSE,VADODARA RACE COURSE,Gujarat,India,,1,1,24ACBFS1538E1ZI,Registered Regular,Supplier,IMP-20260324-SUP-0609
RINKU KUMAR RAJASTHAN MOTOR GARAGE,Billing,Nr.Railway Crossing,"Jaynarayan Complex, Dahej Chokdi, Bharuch",BHARUCH,,India,,1,1,,Unregistered,Supplier,IMP-20260324-SUP-0611
JAGDAMBA AUTOMOTIVE COMPANY,Billing,JAGDAMBA AUTOMOTIVE COMPANY,,Maharashtra,Maharashtra,India,,1,1,27AAOFJ4909M1ZQ,Registered Regular,Supplier,IMP-20260324-SUP-0613
MYSORE AMMONIA & CHEMICALS LTD,Billing,"PLOT.NO. 10, DHATAV M.I.D.C.","ROHA, DIST: RAIGAD-402116","ROHA, DIST: RAIGAD",Maharashtra,India,402116,1,1,27AABCC9037H1ZM,Registered Regular,Customer,IMP-20260324-CUST-0292
MARUTI GARAGE,Billing,N.H. NO. 8,"POST DUMAD, VADODARA",VADODARA,,India,,1,1,,Unregistered,Supplier,IMP-20260324-SUP-0615
S K CHEMICALS,Billing,"SURVEY NO. 49, PLOT.NO. 54","BEHIND KRISHNA HOTEL, HIMMAT NAGAR -383 001, GUJARAT",HIMMAT NAGAR -383 001,Gujarat,India,,1,1,24ADJPK0798F1ZH,Registered Regular,Customer,IMP-20260324-CUST-0293
KINJAL AUTO PARTS,Billing,CHAMUNDA NAGAR,"OPP. G.D.I. NANDESARI, G.I.D.C., DIST. VADODARA.","G.I.D.C., DIST. VADODARA",Gujarat,India,,1,1,,Unregistered,Supplier,IMP-20260324-SUP-0616
NEELKANTH CHEMICALS,Billing,A-192 (A) ROAD .NO. 5,"M.I.A. MADRI, UDAIPUR, RAJASTHAN - 313031","M.I.A. MADRI, UDAIPUR",Rajasthan,India,313031,1,1,08AMKPM0213B1ZN,Registered Regular,Customer,IMP-20260324-CUST-0294
A.D.IMPEX,Billing,62-C ADARSH MRCHENIC NAGAR,"SCHEME NO.54 VIJAY NAGAR, INDOR, M.P, 452","INDOR, M.P,452",Madhya Pradesh,India,,1,1,23AZOPD7185L1ZB,Registered Regular,Customer,IMP-20260324-CUST-0295
AHUJA BARRELSUPPY CO.,Billing,"SHOP NO.9, NEW ANAJ MANDI",ROHTAK-124001 ( HR.),ROHTAK,,India,124001,1,1,,Unregistered,Customer,IMP-20260324-CUST-0296
SWISSAGRO FEED PRIVATE LIMITED,Billing,"KHASRA NUMBER-332/3/1, 355/1/1 B","BRG INDUSTIAL PARK NEMAWAR ROAD, GRAM BADIYA KIMA, INDORE (MP)",INDORE (MP),Madhya Pradesh,India,,1,1,23AATCS4682G1ZX,Registered Regular,Customer,IMP-20260324-CUST-0297
BHARAT FEED & EXTRACTION LTD,Billing,GIRNAR CHEMBERS 10,"SNEH NAGAR, SAPNA SANGITA ROAD, INDORE",INDORE,Madhya Pradesh,India,,1,1,23AACCB2490C1Z9,Registered Regular,Customer,IMP-20260324-CUST-0298
NANDNI CRANE HIRING,Billing,"PLOT NO. 1, NH. 8, MAIN ROAD","RANOLI, GIDC, VADODARA",VADODARA,Gujarat,India,,1,1,,Unregistered,Supplier,IMP-20260324-SUP-0617
CHANDAN KAMANI WORKS,Billing,"N.H.NO. 8, G.I.D.C.","POST.RANOLI, DIST. VADODARA",DIST. VADODARA,Gujarat,India,,1,1,,Unregistered,Supplier,IMP-20260324-SUP-0618
S S A P,Billing,RANOLI,,RANOLI,Gujarat,India,,1,1,,Unregistered,Supplier,IMP-20260324-SUP-0619
SHYAM AUTOMOBILES,Billing,"G.I.D.C., N.H.NO.8",VADODARA,VADODARA,Gujarat,India,,1,1,,Unregistered,Supplier,IMP-20260324-SUP-0620
DEEP TRADERS,Billing,"SHOP NO. 21, MARUTI COMPLEX","NR. DHANLAXMI PETROL PUMP, N.H.NO.8, RANOLI, VADODARA",VADODARA,Gujarat,India,,1,1,24AZPPS4364M1ZL,Registered Regular,Supplier,IMP-20260324-SUP-0621
NOOR AUTO ENGG. WORKS,Billing,"11, SEKHON CHAMBER","B/H. MINAL PETROL PUMP, G.I.D.C., RANOLI, BARODA",BARODA,Gujarat,India,,1,1,,Unregistered,Supplier,IMP-20260324-SUP-0622
SHAUKAT ALI AUTO GARAGE,Billing,"SHOP NO. 2, OPP. LUCKY HOTEL","B/H. SWAMINARAYAN MANDIR, IPCL ROAD, POST. RANOLI, DIST. VADODARA",DIST. VADODARA,Gujarat,India,,1,1,,Unregistered,Supplier,IMP-20260324-SUP-0623
A-ONE RADIATOR,Billing,I.P.C.L. ROAD.,"RANOLI., DIST. VADODARA",DIST. VADODARA,Gujarat,India,,1,1,,Unregistered,Supplier,IMP-20260324-SUP-0624
RUCHI PETRO PLASTPVT LTD,Billing,"42/2, DAHEJ INDUSTRIAL ESTATE","GIDC, DAHEJ, BHARUCH-392130","GIDC, DAHEJ, BHARUCH",Gujarat,India,392130,1,1,24AAKCR0581Q1ZU,Registered Regular,Customer,IMP-20260324-CUST-0299
SHREE SALASAR MOTORS,Billing,"Land Surve, Land Survey 539","Vil Piprapati, Kutch, Shamakhyali-370140",KUTCH,Gujarat,India,370140,1,1,24AEMFS5144M1ZK,Registered Regular,Supplier,IMP-20260324-SUP-0625
SKG INDUSTRIES,Billing,"DAINIK JAGRAN, 1 ST FLOOR","SHRI RAM VATIKA BARWADA ROAD, DHAIYA, DHANBAD-826004, JHARKHAND","DHAIYA, DHANBAD",Jharkhand,India,826004,1,1,20ADOFS5620F1ZA,Registered Regular,Customer,IMP-20260324-CUST-0300
SHREE LAXMI BREAK DOWN SERVICE,Billing,Opp bipin cold storage,"N.H No 8, Vagashi",VADODARA,,India,,1,1,,Unregistered,Supplier,IMP-20260324-SUP-0626
Jay Ambe Tyre Works,Billing,"715-GIDC, RANOLI","ROAD NO 7 RANOLI, VADODARA",VADODARA,,India,,1,1,,Unregistered,Supplier,IMP-20260324-SUP-0627
LASONS INDIA PVT. LTD. SURAT,Billing,"CONTAINER OFFICE NO. 11, LT-CDU","NEXT TO LT-CONTROL BULDING, ADANI HAZIRA PORT PVT LTD, HAZIRA, CHORYASI - 394270, SURAT","CHORYASI - , SURAT",Gujarat,India,394270,1,1,24AAACL3792R1ZX,Registered Regular,Customer,IMP-20260324-CUST-0301
"DISCON, SALES PRIVATE LIMITED",Billing,FACTORY. JALAN COMPLEX,"BIPRANNAPARA, DOMJUR, HOWRAH-711405. WEST BENGAL",HOWRAH-. WEST BENGAL,West Bengal,India,711405,1,1,19AABCD1038P1ZG,Registered Regular,Customer,IMP-20260324-CUST-0302
KHAITAN CHEMICAL & FERTILIZERS LTD,Billing,"42/7, GIDC INDUSTRIAL ESTATE","VILLAGE:- VAGRA, DAHEJ, DIST BHARUCH-392130",DIST BHARUCH,Gujarat,India,392130,1,1,24AAACK2342Q1ZG,Registered Regular,Customer,IMP-20260324-CUST-0303
AMAR STEEL,Billing,SHREE NARSINHJI INDI ESTATE YAMUNA MILL ROAD,PRATAPNAGAR VADODARA,PRATAPNAGAR VADODARA,Gujarat,India,,1,1,24AAPPL8755J1Z2,Registered Regular,Supplier,IMP-20260324-SUP-0628
SAI KRUPA CUTLERY STORE,Billing,"AF/22, BHAGYALAKSHMI SOCIETY","PAWANDHAM OPPOSITE, SAMATA, SUBHANPURA, VADODARA",VADODARA,,India,,1,1,,Unregistered,Supplier,IMP-20260324-SUP-0629
ASLAM SHOW REPAIRING & WELDING WORKS,Billing,I.P.C.L. ROAD,"OPP. NEW PETROL PUMP, RANOLI. BARODA",RANOLI. BARODA,Gujarat,India,,1,1,,Unregistered,Supplier,IMP-20260324-SUP-0630
S.M. AUTO ENGINEERING,Billing,OPP. SK 2 SHOPPING CENTER,"DARUL QURAN ROAD, JAMBUSAR.",JAMBUSAR,Gujarat,India,,1,1,,Unregistered,Supplier,IMP-20260324-SUP-0632
MAKS MOTORS PVT LTD,Billing,MAHARASHTRA,,Maharashtra,Maharashtra,India,,1,1,27AAMCM8707F1Z6,Registered Regular,Supplier,IMP-20260324-SUP-0633
Badjatia Motors,Billing,"Khasra No 165/2, NH-8","Beawar, Rajasthan","Beawar, Rajasthan",Rajasthan,India,,1,1,08AEZPJ5869F2ZN,Registered Regular,Supplier,IMP-20260324-SUP-0634
M S LOGISTICS,Billing,"SHOP.NO. 28, 1 ST FLOOR","NEAR NEW OCTROI POST, AJMER ROAD, KESHUPURA, JAIPUR-302012",JAIPUR,Rajasthan,India,302012,1,1,,Unregistered,Customer,IMP-20260324-CUST-0304
PUNCTURE POINT,Billing,TRANSPORT NAGAR,"PRATAP NAGAR, UDAIPUR",UDAIPUR,Rajasthan,India,,1,1,,Unregistered,Supplier,IMP-20260324-SUP-0636
VIVEK GUPTA ENTERPRISE,Billing,"AMBA WADI, OPP.BHAGWAN PARK","I.P.C.L ROAD, RANOLI -391350",VADODARA,,India,391350,1,1,,Unregistered,Supplier,IMP-20260324-SUP-0637
SHREE PRATAP ROADWAYS,Billing,"1 ST FLOOR, 1-G, GODOWN","KRISHI UPAJ MANDI SAMITI YARD, UDAIPUR-313002 (RAJASTHAN)",UDAIPUR- (RAJASTHAN),Rajasthan,India,313002,1,1,,Unregistered,Customer,IMP-20260324-CUST-0305
KHAITAN CHEMICALS & FERTILIZERS LTD.-NIMBAHEDA,Billing,VILLAGE:- DHINWA,"TEHSIL:- NIMBAHEDA, CHITTORGARH-312601, RAJASTHAN",CHITTORGARH,Rajasthan,India,312601,1,1,08AAACK2342Q1ZA,Registered Regular,Customer,IMP-20260324-CUST-0306
SAGAR CHEMICALS,Billing,"K-73/2, GIDC INDUSTRIAL ESTATE","NEAR JAIN TEMPLE, MEHSANA-384002, GUJARAT",MEHSANA,Gujarat,India,384002,1,1,24AAGFS1174D1ZJ,Registered Regular,Customer,IMP-20260324-CUST-0307
DATAR BATTERY SERVICE,Billing,GANAPATI PETROL PUMP,"HOTEL USTAV, HIGHWAY ROAD, FATEHNAGAR, DIST. UDAIPUR (RAJ)",DIST. UDAIPUR (RAJ),Rajasthan,India,,1,1,08DKHPS6472L1ZB,Registered Regular,Supplier,IMP-20260324-SUP-0638
DAHEJ MOTORS,Billing,SURVEY NO. 126,"BETWEEN RAHIYAD AND SUVA CHOKDI, BESIDES TATA MOTORS SHOWROOM, AT N POST RAHIYAD, Dahej S.O-392130 GUJARAT","AT N POST RAHIYAD, Dahej S.O- GUJARAT",Gujarat,India,392130,1,1,24AWKPG1265H5ZL,Registered Regular,Supplier,IMP-20260324-SUP-0639
SWASTIK CHEMICALS,Billing,"PLOT.NO.-09, GADARIAN PURWA","KANPUR, UTTAR PRADESH-208012",KANPUR,Uttar Pradesh,India,208012,1,1,09ACKPG3512F1ZW,Registered Regular,Customer,IMP-20260324-CUST-0308
VIJAP AUTOMOBILES,Billing,NH.8 RANOLI GIDC,,VADODARA,,India,,1,1,,Unregistered,Supplier,IMP-20260324-SUP-0641
SHIV SHAKTI SPRAY PAINTING,Billing,BHILWARA CHUNGI NAKA,"MAIN ROAD CHANDERIA, CHITINDGATH (RAJ.)",CHITINDGATH (RAJ.),Rajasthan,India,,1,1,,Unregistered,Supplier,IMP-20260324-SUP-0642
SHREE NATH MOTOR BODY REPAIRING,Billing,MAIN ROAD CHANDERIA,CHITINDGATH (RAJ.),CHITINDGATH (RAJ.),Rajasthan,India,,1,1,,Unregistered,Supplier,IMP-20260324-SUP-0643
SIFLON PHARMA PRIVATE LIMITED,Billing,"SY NO. : 25/4, RACHANAPALLI",VILLAGE : ANANTAPUR,VILLAGE : ANANTAPUR,Andhra Pradesh,India,,1,1,37ABICS6232J1Z0,Registered Regular,Customer,IMP-20260324-CUST-0309
PRIMOTORS,Billing,JALARAM TIMBER,"AHMEDABAD HIGHWAY, PALANPUR BANASKANTHA, NEAR GREEN PARK",NEAR GREEN PARK,Gujarat,India,,1,1,24BEXPP5138L1ZQ,Registered Regular,Supplier,IMP-20260324-SUP-0644
HIRALAL TYRE,Billing,PRATAP NAGAR CHAURAHA,UDAIPUR (RAJ.),UDAIPUR (RAJ.),Rajasthan,India,,1,1,,Unregistered,Supplier,IMP-20260324-SUP-0645
PRIMOTORS Authorised Dealer,Billing,JALARAM TIMBER,"AHMEDABAD HIGHWAY PALANPUR, BANASKANTHA",AHMEDABAD.,,India,,1,1,,Unregistered,Supplier,IMP-20260324-SUP-0646
K.N.RESOURCES PRIVATE LIMITED,Billing,C/O KANDLA PORT,"TA, GANDHIDHAM DISTT.KUTCH, GUJRAT-370210",GUJRAT,Gujarat,India,370210,1,1,24AACCK5983B1ZO,Registered Regular,Customer,IMP-20260324-CUST-0310
SINGH INDUSTRIAL SECURITY,Billing,"35/S, GANESH NAGAR SOCIETY","BH.DHAVAL CINEMA, RANOLI-391350",VADODARA,,India,391350,1,1,,Unregistered,Supplier,IMP-20260324-SUP-0647
SKAU ENTERPRISES,Billing,"5, GAJANAN BUNGLOWS","NR. 500 QUARTERS, G.I.D.C. ANKLESHWAR, DIST: BHARUCH-393002",DIST: BHARUCH,Gujarat,India,393002,1,1,24AAMFS2981A1ZA,Registered Regular,Supplier,IMP-20260324-SUP-0648
CHLORITECH INDUSTRIES,Billing,"122/3. TO 122/5, GIDC","NANDESARI-391340, DIST: VADODARA",DIST: VADODARA,Gujarat,India,391340,1,1,24AABFC2255J1ZR,Registered Regular,Customer,IMP-20260324-CUST-0311
MHATRE AUTO MOBILE S PVT.LTD,Billing,MAHARASHTRA,,Maharashtra,Maharashtra,India,,1,1,27AAMCM8040M1ZX,Registered Regular,Supplier,IMP-20260324-SUP-0650
OM SHIVAM TRANSPORT,Billing,"A-301, NEAR BHAWANI CHOWK","LODHA HEAVEN NILGE, DOMIVALI (E) KALYAN, THANE-421204",THANE,Maharashtra,India,421204,1,1,27BNZPS6500C1ZN,Registered Regular,Customer,IMP-20260324-CUST-0312
CRG INDUSTRIES PVT.LTD.,Billing,KALUNGA INDUSTRIAL ESTATE,"KALUNGA, ROURKELA, DIST:-SUNDARGARH, ODISHA-770031",DIST:-SUNDARGARH,Odisha,India,770031,1,1,21AACCC4544Q1ZK,Registered Regular,Customer,IMP-20260324-CUST-0313
TARINI MOTORS PVT LTD,Billing,"KATIAN NO. 878 AND 1178, MOUZA SULATI","JL NO. 3, RS NO. 2137, NH-6, SOUTH CHAMRAIL KONA, HO, WEST BENGAL","SOUTH CHAMRAIL KONA,HO",West Bengal,India,,1,1,19AADCT5175D1Z9,Registered Regular,Supplier,IMP-20260324-SUP-0653
EVEREST FERTILIZERS & CHEMICALS PVT LTD.,Billing,"SURVEY NO 178, NR. MICROW STATION","GONDAL HIGHWAY, VERAVAL SHAPAR, RAJKOT-360024, GUJARAT",RAJKOT,Gujarat,India,360024,1,1,24AAACE4671L1ZK,Registered Regular,Customer,IMP-20260324-CUST-0314
APARNA CARBONS PVT. LTD.,Billing,PLOT.NO. 88-90,"VILLAGE-JEWRA SIRSA, DHAMDHA ROAD, DURG (C.G.) 491001",DURG (C.G.),Chhattisgarh,India,491001,1,1,22AAECA2064R1ZL,Registered Regular,Customer,IMP-20260324-CUST-0315
KESVI MAXIPLE LLP,Billing,PLOT.NO. 6110. NR. EWAC CHOKADI,"GIDC ESTATE, ANKLESHWAR-393002, DIST: BHARUCH",DIST: BHARUCH,Gujarat,India,393002,1,1,24AAUFK4662J1ZT,Registered Regular,Customer,IMP-20260324-CUST-0316
SWASTIK SALES,Billing,"14/A, HARIBHAKTI COLONY","B/H ALKAPURI TELEPHONE EXCHANGE, RACE COURSE, VADODARA-390007",VADODARA,Gujarat,India,390007,1,1,24AAJPJ7030J1ZS,Registered Regular,Customer,IMP-20260324-CUST-0317
RAJ AUTO ELECTRIC WORK,Billing,"DAHEJ, BHARUCH HIGHWAY","OPP. SHELL PETROL PUMP, DAHEJ, DIST. BHARUCH","DAHEJ, DIST. BHARUCH",Gujarat,India,,1,1,,Unregistered,Supplier,IMP-20260324-SUP-0654
VASANTARA LOGISTICS CORPORATION,Billing,"N.H.NO. 8, 165-PAKEE-2","MINAL COMPOUND, RANOLI, DIST: VADODARA-391350",DIST: VADODARA,Gujarat,India,391350,1,1,24BVYPJ0402M1ZD,Registered Regular,Customer,IMP-20260324-CUST-0318
EXPRESS SHIPPING AGENCY,Billing,"76, BENTINCK STREET, GROUND FLOOR",KOLKATA-700 001 (W.B.),KOLKATA (W.B),,India,,1,1,,Unregistered,Customer,IMP-20260324-CUST-0319
G.S.TYRE CARE,Billing,GURU TEGH BAHADUR SAHEB ROAD,"TEKA NAKA, NAGPUR-17","TEKA NAKA, NAGPUR-17",Maharashtra,India,,1,1,27ALSPC4672R1Z7,Registered Regular,Supplier,IMP-20260324-SUP-0662
KIRAN AUTO GARAGE,Billing,OPP. GSFC NAGAR GATE,"NEAR SKODA SHOWROOM, N.H.NO. 8, DASHRATH, VADODARA",VADODARA,Gujarat,India,,1,1,,Unregistered,Supplier,IMP-20260324-SUP-0664
SATYAKABIR AUTOMOBILES PVT.LTD,Billing,"65-66, PATHO KI MAGRI","SUBHASH NAGAR, UAIPUR","SUBHASH NAGAR, UAIPUR",Rajasthan,India,,1,1,08ABBCS1388J1Z1,Registered Regular,Supplier,IMP-20260324-SUP-0666
Jay Shree Khodiyar Transport,Billing,"10, GOVERDHAN COMPLEX","KHASWADI, BAHUCHARAJI ROAD, VADODARA",VADODARA,Gujarat,India,,1,1,,Unregistered,Supplier,IMP-20260324-SUP-0667
RENUKA ENTERPRISES,Billing,MANGRUD FATA,"CHAANDVAD, NASHIK",NASHIK,Gujarat,India,,1,1,,Unregistered,Supplier,IMP-20260324-SUP-0668
MEVADA AUTOMOBILES,Billing,BEAWAR ROAD,"N. H. NO. 8, TRACK STAND BHIM, RAJSAMAND (RAJ.)",RAJSAMAND (RAJ.),Rajasthan,India,,1,1,08AKJPM0988N1ZD,Registered Regular,Supplier,IMP-20260324-SUP-0669
NATIONAL GLASS CENTRE,Billing,RANOLI,VADODARA,VADODARA,Gujarat,India,,1,1,,Unregistered,Supplier,IMP-20260324-SUP-0670
JAY FIRE SERVICES,Billing,"PLOT NO.27, AGRWAL ROADLINES","COMPOUND SHOP NO.8, RANOLI",RANOLI,Gujarat,India,,1,1,,Unregistered,Supplier,IMP-20260324-SUP-0671
RAJMANI SPRING WORKS,Billing,"SHOP NO. 3, MARUTI COMPLEX","G.I.D.C., N.H.NO. 8, PO. RANOLI, VADODARA","PO. RANOLI, VADODARA",Gujarat,India,,1,1,,Unregistered,Supplier,IMP-20260324-SUP-0672
J.S.MINCHEM,Billing,NEAR MATOON MINES,"LAKADWAS, UDAIPUR, RAJASTHAN-313003","LAKADWAS, UDAIPUR",Rajasthan,India,313003,1,1,08AALFJ3137A1ZO,Registered Regular,Customer,IMP-20260324-CUST-0320
GOODLUCK AUTO ENGINEERING WORKS,Billing,"PLOT NO. 903, NR. WATER TANK","GIDC RANOLI., BARODA",BARODA,Gujarat,India,,1,1,,Unregistered,Supplier,IMP-20260324-SUP-0673
SATGURU DISTRIBUTORS,Billing,"GURU SADAN, G.T. ROAD","GOVINDPUR, DHANBAD, JHARKHAND","GOVINDPUR, DHANBAD",Jharkhand,India,,1,1,20ABVFS0550P1ZR,Registered Regular,Supplier,IMP-20260324-SUP-0676
DMCC Speciality Chemicals Limited,Billing,"Plot No. CH-5/1, GIDC Chemical Zone","Dahej, Dist : Bharuch",Dist : Bharuch,Gujarat,India,,1,1,24AAACT5000E2Z2,Registered Regular,Supplier,IMP-20260324-SUP-0677
SWASTIK AUTO SALES,Billing,GUJARAT,,Gujarat,Gujarat,India,,1,1,24ADOPP0163E1ZQ,Registered Regular,Supplier,IMP-20260324-SUP-0678
SEVENSOFT TECHNOLOGIES,Billing,AMBICA CHOWL,"NR CHORA, VADSAR, ILLAGE, VADODARA","ILLAGE, VADODARA",Gujarat,India,,1,1,24AZZPP4023G1Z3,Registered Regular,Supplier,IMP-20260324-SUP-0679
VIKAS HAIKYAR SNADRA & ELECTRIC,Billing,UDAIPUR,,UDAIPUR,Rajasthan,India,,1,1,,Unregistered,Supplier,IMP-20260324-SUP-0680
SAINI SPARE PARTS,Billing,N.H. NO.8 GOLDEN CHOKDI,"BOMBAY ROAD, VADODARA",VADODARA,Gujarat,India,,1,1,,Unregistered,Supplier,IMP-20260324-SUP-0681
SURAJ TYRE CARE RETREAD,Billing,"314/3/2, RANOLI G.I.D.C","B/H.L&T COMPANY, N.H.8, VADODARA",VADODARA,Gujarat,India,,1,1,24ACMFS9719G1ZO,Registered Regular,Supplier,IMP-20260324-SUP-0682
NEW BHARAT KMAN (PATA) GARAGE,Billing,PADRA JAMBUSAR ROAD,"SAHYOG HOTEL SAME, MAHUVAD CHOKDI. PADRA",MAHUVAD CHOKDI. PADRA,Gujarat,India,,1,1,,Unregistered,Supplier,IMP-20260324-SUP-0683
RIYAZBHAI KAMAN MISTRI,Billing,OPP LORDS HOTEL,"NEAR RAILWAY CROSSING, DAHEJ",DAHEJ,Gujarat,India,,1,1,,Unregistered,Supplier,IMP-20260324-SUP-0684
SHREE HARI AUTOMOBILE,Billing,"G-10, SAI NARAYAN COMPLEX","NEAR S.B.I. BANK, 1 CPI CHOWK, RAILWAY CROSSING, BHARUCH ROAD, DAHEJ","BHARUCH ROAD, DAHEJ",Gujarat,India,,1,1,,Unregistered,Supplier,IMP-20260324-SUP-0685
R.L.N. ENGINEERING WORKS,Billing,"SHOP NO.-21, JAY NARAYAN COMPLEX","OPP. ABG COLONY, MAIN IPCL CHOKADI, DAHEJ, BHARUCH","DAHEJ, BHARUCH",Gujarat,India,,1,1,,Unregistered,Supplier,IMP-20260324-SUP-0686
GOKUL AUTO CENTER,Billing,NH 8A VILLAGE SAYLA,,NH 8A VILLAGE SAYLA,Gujarat,India,,1,1,24AJQPJ5087M1ZJ,Registered Regular,Supplier,IMP-20260324-SUP-0687
SHREE MARUTI AUTOMOBILES,Billing,"9, FORUM COMPLEX","HIGH-TENSION ROAD, SUBHANPURA, VADODARA","SUBHANPURA, VADODARA",Gujarat,India,,1,1,,Unregistered,Supplier,IMP-20260324-SUP-0688
PATEL ENTERPRISE - DAHEJ,Billing,SHOP NO 5 PATRAWALA SHOPING CENTRE,"NEAR SANSHKAR AVENUE, DAHEJ",DAHEJ,Gujarat,India,,1,1,24BCQPP1735A1ZT,Registered Regular,Supplier,IMP-20260324-SUP-0689
RAJ AUTOLINK,Billing,"AT LALPAR, 27A NH",OPP FAIZ GINING,OPP FAIZ GINING,Gujarat,India,,1,1,24AGOPK2996H2ZX,Registered Regular,Supplier,IMP-20260324-SUP-0693
MODERN SERVICES,Billing,NEAR J.K.VIDEO,DHANELI DHARSIVA,DHANELI DHARSIVA,Chhattisgarh,India,,1,1,22ABPPJ3089A1ZW,Registered Regular,Supplier,IMP-20260324-SUP-0694
STS360 SUPPORT PVT LTD,Billing,NAGPUR MAHARASHTRA,,NAGPUR MAHARASHTRA,Maharashtra,India,,1,1,27ABJCS0923P1ZU,Registered Regular,Supplier,IMP-20260324-SUP-0695
CHHOTU MOTOR GARAGE,Billing,OPP. WATER TANK,"G.I.D.C., RANOLI, BARODA",BARODA,Gujarat,India,,1,1,,Unregistered,Supplier,IMP-20260324-SUP-0696
SWASTIK AUTO GARAGE,Billing,OPP. DHANLAXMI PETROL PUMP,"N.H. NO.8, RANOLI, VADODARA",VADODARA,Gujarat,India,,1,1,,Unregistered,Supplier,IMP-20260324-SUP-0697
PRINCE AUTO ELECTRIC WORKS,Billing,"SHOP NO. 49, OPP. VAIKUNTH COMPLEX","NR. WATER TANK, GIDC, RANOLI, VADODARA","RANOLI, VADODARA",Gujarat,India,,1,1,,Unregistered,Supplier,IMP-20260324-SUP-0698
ANIL DHABAI,Billing,"N.H. 8, KAYA, UDAIPUR",,"N.H. 8, KAYA, UDAIPUR",Rajasthan,India,,1,1,,Unregistered,Supplier,IMP-20260324-SUP-0699
SHIV AUTO PARTS AND MOTOR GARAGE,Billing,HOTEL EKTA,"MASAR ROAD STATION, VADODARA",VADODARA,Gujarat,India,,1,1,,Unregistered,Supplier,IMP-20260324-SUP-0700
INDIA MOTOR PARTS,Billing,OPP. LUXY HOTEL,"NR. GACL CHOWKDI, DAHEJ.",DAHEJ,Gujarat,India,,1,1,,Unregistered,Supplier,IMP-20260324-SUP-0701
SARVAM TRACTORS & AUTO PARTS,Billing,"34-35-36-37, JAYNARAYAN COMPLEX","NEAR RAIL-WAY CROSSING, DAHEJ",DAHEJ,Gujarat,India,,1,1,24AAGFS9676J1ZJ,Registered Regular,Supplier,IMP-20260324-SUP-0702
SURESH NANDESHWAR PATHAK,Billing,HOUSE NO. 320,"VILL: MAWAI, AMETHI, Uttar Pradesh","VILL: MAWAI, AMETHI",Uttar Pradesh,India,,1,1,,Unregistered,Supplier,IMP-20260324-SUP-0703
SAI MOTORS,Billing,BARODA,,BARODA,Gujarat,India,,1,1,,Unregistered,Supplier,IMP-20260324-SUP-0704
KALYAN ENTERPRISES,Billing,"21 B, SAWER ROAD",INDORE,INDORE,Madhya Pradesh,India,,1,1,23AAQPW7522F1ZE,Registered Regular,Customer,IMP-20260324-CUST-0321
DJ SURFACTANTS,Billing,"PLOT NO, 158, HPSIDC IND, AREA","(SFS) BADDI, SOLAM, HIMACHAL PRADESH-173205","(SFS) BADDI, SOLAM",Himachal Pradesh,India,173205,1,1,02AACFD8331K1ZO,Registered Regular,Customer,IMP-20260324-CUST-0322
MAHI ROADLINES,Billing,"OFFICE.NO. 261, PLOT NO. 535/1","SHANTIDHAM-4, VILLAGE: VARSARNEDI. TAL. ANJAR, KUTCH-370110",KUTCH,Gujarat,India,370110,1,1,,Unregistered,Customer,IMP-20260324-CUST-0323
SHREENATHJI ENTERPRISE,Billing,SURVEY NO. 62/2P1,"OPP RICH PRINT, BHILAD VALSAD",BHILAD VALSAD,Gujarat,India,,1,1,24CNNPK6250N1ZI,Registered Regular,Supplier,IMP-20260324-SUP-0705
RAJAN SHIVDHARI YADAV,Billing,NARI CHOKDI,"VRAJ VIHAR HOTEL PASSE, BHAVNAGAR",BHAVNAGAR,Gujarat,India,,1,1,,Unregistered,Supplier,IMP-20260324-SUP-0706
REUNCHEM INTERNATIONAL,Billing,HARIPUR ROAD,"NEAR LALLY BHATTA, JANDU SINGHA, JALANDHAR",JALANDHAR,Punjab,India,,1,1,03AKOPR3479G1ZS,Registered Regular,Supplier,IMP-20260324-SUP-0707
ROYAL AUTO ELECTRIC,Billing,NARI CHOKADI,"INDIAN PETROL PUMP, KOMAL HOTEL, BHAVNAGAR",BHAVNAGAR,Gujarat,India,,1,1,,Unregistered,Supplier,IMP-20260324-SUP-0708
M R INDUSTRIES-OILS,Billing,"HISSA NO 1A, SURVEY NO. 364","AT POST AHERI, VIJAYAPUR, KARNATAKA-586109","AT POST AHERI, VIJAYAPUR",Karnataka,India,586109,1,1,29ABIFM0340G1ZF,Registered Regular,Customer,IMP-20260324-CUST-0324
SHREE BHAROW LOGISTICS,Billing,"PLOT.NO. 467, TRANSPORT NAGAR","DEHRADUN ROAD, SAHARANPUR",SAHARANPUR,Uttar Pradesh,India,,1,1,09ADUFS5720J1ZE,Registered Regular,Customer,IMP-20260324-CUST-0325
RAJASTHAN KAMANI WELDING AND GAS CUTTING WORKS,Billing,RAILWAY FATAK,"BHARUCH ROAD, DAHEJ",DAHEJ,Gujarat,India,,1,1,,Unregistered,Supplier,IMP-20260324-SUP-0709
KEWAL WIRITING WORKS,Billing,OPP. WATER TANK,"N.H.NO.8, G.I.D.C., RANOLI, VADODARA","RANOLI, VADODARA",Gujarat,India,,1,1,,Unregistered,Supplier,IMP-20260324-SUP-0710
BAJRANGI AUTO GARAGE,Billing,"DUMAD, NH. NO. 8","NR. YOGESHWAR PETROL PUMP, VADODARA",VADODARA,Gujarat,India,,1,1,,Unregistered,Supplier,IMP-20260324-SUP-0711
NOOR BASAR,Billing,NR.DAHEJ RAILWAY FATAK,"VILL. DAHEJ, TAL. VAGRA, DIST. BHARUCH",DIST. BHARUCH,Gujarat,India,,1,1,,Unregistered,Supplier,IMP-20260324-SUP-0713
IMDAD TYRE SERVICE,Billing,TARAPUR VATAMAN,"BHAVNAGAR HIGHWAY, LAXMI PETROL PUMP, AKAR HOTEL",AKAR HOTEL,Gujarat,India,,1,1,,Unregistered,Supplier,IMP-20260324-SUP-0714
SHRI BALAJI ENTERPRISES,Billing,"KILLA NO.52/1/1/2, KHEWAT NO. 155","KHATONI NO, 195.PLAO, MANYARI NARELA ROAD, KUNDLI. SONIPAT.HARYANA-131028",KUNDLI. SONIPAT.HARYANA,Haryana,India,131028,1,1,06AEGPG8000E1Z3,Registered Regular,Customer,IMP-20260324-CUST-0326
GAURHYM TRADE CHEM,Billing,"C-101, KHUSH HEIGHTS","NR. VISION SCHOOL, GIDC, ANKLESHWAR-393002, GUJARAT",ANKLESHWAR,Gujarat,India,393002,1,1,24AHXPC4280C1ZG,Registered Regular,Customer,IMP-20260324-CUST-0327
BANSAL PLASTIC,Billing,"I-2719, DSIIDC INDUSTRIAL COMPLEX","NARELA, NEW DELHI-110040, DELHI","NARELA, NEW DELHI",Delhi,India,110040,1,1,07AAHPB7934M1ZF,Registered Regular,Customer,IMP-20260324-CUST-0328
M/s The Wheels,Billing,Opposite of Vikash,"Multi-Speciality Hospital, Khata No 769/102, Plot No 1378/4002, NH-6, Barahagoda, Bargarh","NH-6, Barahagoda, Bargarh",Odisha,India,,1,1,21AARFT9240N1ZL,Registered Regular,Supplier,IMP-20260324-SUP-0715
MEHUL MEHTA,Billing,"C-26, SHIV TENAMENTS AND DUPLEX","B/H, AMIN PARTY PLOT, GOTRI ROAD, VADODARA",VADODARA,Gujarat,India,,1,1,,Unregistered,Supplier,IMP-20260324-SUP-0716
GYANA MOTORS,Billing,SURVEY NO. : 230,"MITHIROHAR, NATIONAL HIGHWAY, 8-A, GANDHIDHAM (KUTCH)","8-A, GANDHIDHAM (KUTCH)",Gujarat,India,,1,1,24AAUFG5207B1ZN,Registered Regular,Supplier,IMP-20260324-SUP-0718
RAM TYRES,Billing,DHULE,,DHULE,Maharashtra,India,,1,1,27AAHFR8724R1ZA,Registered Regular,Supplier,IMP-20260324-SUP-0719
LAXMI TYRE SERVICE,Billing,BIRLA COPPER GATE,"DAHEJ, TAL. VAGRA, DIST. BHARUCH",DIST. BHARUCH,Gujarat,India,,1,1,,Unregistered,Supplier,IMP-20260324-SUP-0720
MONU BATTERY HOUSE,Billing,"SHOP NO. 1, LAXMI SOPENG","DAHEJ, TA. VAGRA, DIST. BHARUCH",DIST. BHARUCH,Gujarat,India,,1,1,,Unregistered,Supplier,IMP-20260324-SUP-0721
DEEPAK NITRITE LTD-PIPAVAV,Billing,"C/O IMC LIMITED, INSIDE APM TERMINAL","POST UCCHAIYA, VIA RAJULA, PORT OF PIPAVAV, AMRELI-365560, GUJARAT","PORT OF PIPAVAV, AMRELI",Gujarat,India,365560,1,1,24AAACD7468A1ZZ,Registered Regular,Customer,IMP-20260324-CUST-0329
NEW STAR AUTO GARAGE,Billing,NEAR SEZ GATE-1,"BHARUCH DAHEJ ROAD, DAHEJ",DAHEJ,Gujarat,India,,1,1,,Unregistered,Supplier,IMP-20260324-SUP-0722
SHAH PAINTER,Billing,"VILLAGE : SEZ-1, DAHEJ",DIST. BHARUCH,DIST. BHARUCH,Gujarat,India,,1,1,,Unregistered,Supplier,IMP-20260324-SUP-0723
MARUTI PETROCHEM,Billing,SURVEY NO -225. SHOP.NO. -4,"YOGI RESIDENCY, SHAPAR, GUJARAT-360024","YOGI RESIDENCY, SHAPAR",Gujarat,India,360024,1,1,24AIEPJ1506C1Z2,Registered Regular,Customer,IMP-20260324-CUST-0330
M. K. LOGISTICS,Billing,"FIRST FLOOR, FLAT.NO. 107","VRANDAVAN CO-OP. HOUSING SOC, PLOT.NO. 20, SECTOR-9, AGRAWAL- SAMAJ, GANDHIDHAM KUTCH-370201",GANDHIDHAM KUTCH,Gujarat,India,370201,1,1,,Unregistered,Customer,IMP-20260324-CUST-0331
VAIDIK TYRE,Billing,NH 27 PINDVADA ROAD,UDAIPUR,UDAIPUR,Rajasthan,India,,1,1,,Unregistered,Supplier,IMP-20260324-SUP-0725
CHANCHAL AUTO PARTS AND BATTERIES,Billing,"DEBARI, UDAIPUR",,"DEBARI, UDAIPUR",Rajasthan,India,,1,1,08GALPK8393F1Z2,Registered Regular,Supplier,IMP-20260324-SUP-0726
INAYAT TREDERS,Billing,VHOR VAD,CHIKHODRA,CHIKHODRA,Gujarat,India,,1,1,24ABHPV2821Q1Z5,Registered Regular,Supplier,IMP-20260324-SUP-0727
JAI BHAWANI TANKER SERVICE,Billing,"7, SENIOR M.I.G, HOUSING BOARD COLONY","INGORIA ROAD, NAGDA (M.P.)-456335","INGORIA ROAD, NAGDA (M.P.)",Madhya Pradesh,India,456335,1,1,,Unregistered,Customer,IMP-20260324-CUST-0332
R.R. BULK CARRIERS,Billing,7-3-34/1/12 BESIDES DIAMOND WEIGH BRIDGE,"GAGANPAHAD X ROAD, HYDERABAD-500052",HYDERABAD,Gujarat,India,500052,1,1,,Unregistered,Customer,IMP-20260324-CUST-0333
SHAH INDUSTRIES,Billing,"PLOT.NO. 2001/4, PHASE IV","GIDC ESTATE, VITHAL UDYOGNAGAR, ANAND-388121, GUJARAT",ANAND,Gujarat,India,388121,1,1,24AKYPS5939E1ZG,Registered Regular,Customer,IMP-20260324-CUST-0334
RAJASTHAN BODY MAKER,Billing,RAILWAY CROSSING,"DAHEJ BHARUCH ROAD, DAHEJ, BHARUCH","DAHEJ, BHARUCH",Gujarat,India,,1,1,,Unregistered,Supplier,IMP-20260324-SUP-0729
JEETSINGH KAMANI PATEWALA,Billing,OPP. GURUDAWARA MOHADI ROAD,DHULIA,DHULIA,Maharashtra,India,,1,1,,Unregistered,Supplier,IMP-20260324-SUP-0730
SAWANT ENGINEERING WORKS,Billing,KRUSHNA REPORT,MUMBAI AGRA ROAD,MUMBAI AGRA ROAD,Maharashtra,India,,1,1,,Unregistered,Supplier,IMP-20260324-SUP-0731
NAIYYOM ENTERPRISE,Billing,5/GURUKRUPA COMPLEX,"IPCL ROAD, RANOLI, BARODA",BARODA,Gujarat,India,,1,1,,Unregistered,Supplier,IMP-20260324-SUP-0732
M/S. ABHIRAJ ENTERPRISES,Billing,BALAPUR BYPASS,"AKOLA ROAD, KHAMGAON",KHAMGAON,Maharashtra,India,,1,1,27AOQPT0743M1Z8,Registered Regular,Supplier,IMP-20260324-SUP-0733
SALIM AUTO ELECTRICAL & BATTERY WORKS,Billing,INDOR-AHMEDABAD BYPASS ROAD,DAHOD,DAHOD,Gujarat,India,,1,1,,Unregistered,Supplier,IMP-20260324-SUP-0734
OFB TECH PVT.LTD.,Billing,"6TH FLOOR, TOWER-A","GLOBAL BUSINESS PARK, M.G ROAD, GURGAON, GURUGRAM, HARYANA- 122001","GURUGRAM, HARYANA",Haryana,India,122001,1,1,06AACCO1867C1ZP,Registered Regular,Customer,IMP-20260324-CUST-0335
M/S.BAFNA AUTOMOBILES,Billing,MAHARASHTRA,,Maharashtra,Maharashtra,India,,1,1,27AAHFB1666Q1ZX,Registered Regular,Supplier,IMP-20260324-SUP-0735
AGARWAL CHEMICALS,Billing,CHOTA BHAVANI NAGAR,"FLAT NO. 313, RAIPUR-492001, CHHATTISGARH.",RAIPUR,Chhattisgarh,India,492001,1,1,22AEHPK1549K1ZJ,Registered Regular,Customer,IMP-20260324-CUST-0336
S.K. AUTO GLASS,Billing,MADHUVAN COMPOUND,"NEAR ICICI BANK, DAHEJ CHOKDI, DAHEJ",DAHEJ,Gujarat,India,,1,1,,Unregistered,Supplier,IMP-20260324-SUP-0737
MAULI AUTOMOBILES,Billing,MUMBAI GOA HIGH WAY HATKHAMBA,RATNAGIRI,RATNAGIRI,Maharashtra,India,,1,1,27CBHPP0968A1ZO,Registered Regular,Supplier,IMP-20260324-SUP-0738
SPARK BATTERIES,Billing,PATEL FALIA'S NAKA,"NAGARWADA MAIN ROAD VADODARA, 390001",VADODARA,Gujarat,India,390001,1,1,24BBRPA1342N1ZN,Registered Regular,Supplier,IMP-20260324-SUP-0739
OM CHEMICALS,Billing,NH-8 165 PAKEE 2,"MINAL COMPOUN, RANOLI, VADODARA-391350",VADODARA,Gujarat,India,391350,1,1,24AAIFO5251H1ZB,Registered Regular,Customer,IMP-20260324-CUST-0337
SURAT AMMONIA & CHEMICAL CO,Billing,"PLOT.NO. 6207/2 & 3, G.I.D.C.","INDUSTRIAL ESTATE, ANKLESHWAR-393002, GUJARAT",ANKLESHWAR,Gujarat,India,393002,1,1,24AAGFS6082E1Z8,Registered Regular,Customer,IMP-20260324-CUST-0338
SANKALP ENTERPRISES,Billing,"87/349, ACHARYA NAGAR","KANPUR-UTTAR PRADESH, PIN CODE . NO. 208003",PIN CODE . NO,Uttar Pradesh,India,208003,1,1,09ADTFS2655K1Z9,Registered Regular,Customer,IMP-20260324-CUST-0339
NEW INDIA DETERGENTS (P) LTD,Billing,PLOT.NO.01 GIDC INDUSTRIAL AREA,"MITHIROH, GANDHIDHAM, KUTCH, 370201",KUTCH,Gujarat,India,370201,1,1,24AAACN3776B1ZS,Registered Regular,Customer,IMP-20260324-CUST-0340
BAPA SITARAM AUTO PARTS,Billing,NEAR KOMAL HOTEL,"NARI CHOKADI, BHAVNAGAR",BHAVNAGAR,Gujarat,India,,1,1,,Unregistered,Supplier,IMP-20260324-SUP-0740
D. J. DYE CHEM,Billing,PLOT.NO. 194/5A,"PANCHAL UDYOG NAGAR, BHIMPUR, NANI DAMAN, DAMAN-110009",DAMAN,Dadra and Nagar Haveli and Daman and Diu,India,110009,1,1,26AACFD7493E1ZE,Registered Regular,Customer,IMP-20260324-CUST-0341
SANDHU MOTOR GARAJ,Billing,UDAIPUR (RAJ.),,UDAIPUR (RAJ.),Rajasthan,India,,1,1,,Unregistered,Supplier,IMP-20260324-SUP-0741
MARUTI CHEMICALS TRADING COMPANY,Billing,"GF-12, TOWER C, TIME SQUARE","PETROL PUMP, FATEHGUNJ, VADODARA-390002",VADODARA,Gujarat,India,390002,1,1,24AEMPJ3017L1ZI,Registered Regular,Customer,IMP-20260324-CUST-0342
AAI SHREE KHODIYAR AUTOMOBILES,Billing,REVENUE SURVEY NO: 6,BHAVNAGAR,BHAVNAGAR,Gujarat,India,,1,1,24AKLPB7939C1ZA,Registered Regular,Supplier,IMP-20260324-SUP-0743
PRABUDHA ENTERPRISES (SALE),Billing,"52, MOJA BHABAIN, PARGANA MORTHAL","TEHSIL KOIL, ALIGARH, UTTAR PRADESH - 202127","TEHSIL KOIL,ALIGARH",Uttar Pradesh,India,202127,1,1,09AAKHD4494F1Z1,Registered Regular,Customer,IMP-20260324-CUST-0343
ANJALI ENTERPRISE (SALE),Billing,VILLAGE MADHOLI,"ATRAULI, ALIGARH, 202280, UTTAR PRADESH","ATRAULI,ALIGARH",Uttar Pradesh,India,202280,1,1,09BOIPM9505D1ZT,Registered Regular,Customer,IMP-20260324-CUST-0344
M/S BASUDEV ENTERPRISES (SALE),Billing,"GALI NO. 1, RAMGHAT ROAD","QUARSI, ALIGARH, UTTAR PRADESH-202001","QUARSI, ALIGARH",Uttar Pradesh,India,202001,1,1,09GFBPP7948A1Z6,Registered Regular,Customer,IMP-20260324-CUST-0345
KAMALJIT MOTOR GARAGE,Billing,NEAR MANIHARI AND ITADWA PETROL PUMP,"PALSANA SACHIN ROAD, SURAT",SURAT,Gujarat,India,,1,1,,Unregistered,Supplier,IMP-20260324-SUP-0744
NANAK SAI AUTOMOBILES,Billing,NEAR RAILWAY CROSSING,"BHARUCH ROAD, DAHEJ.","BHARUCH ROAD, DAHEJ",Gujarat,India,,1,1,,Unregistered,Supplier,IMP-20260324-SUP-0745
MARUTI PETROCHEM.,Billing,"SURVEY NO.225 PAIKEE, SHOP NO, 4","YOGI RESI GORUND FLOOR, SHAPAR ROAD, VERAVAL, SHAPAR, RAJKOT 360030. GUJARAT",RAJKOT . GUJARAT,Gujarat,India,360030,1,1,24AIEPJ1506C1Z2,Registered Regular,Customer,IMP-20260324-CUST-0346
A B N P & CO LLP,Billing,"1001-05, 10TH FLOOR","SAMANVAY SILVER, B/S. HOTEL ROYAL ORCHID CENTRAL, MUJMAHUDA, VADODARA","MUJMAHUDA, VADODARA",Gujarat,India,,1,1,24ABRFA5820E1ZL,Registered Regular,Supplier,IMP-20260324-SUP-0746
KALYAN SINGH NIHAL SINGH,Billing,GAM : BHADORIYA PURA,"MANPUR RAJPUTI, MORENA, KHADIAHAR, MADHYA PRADESH",KHADIAHAR,Madhya Pradesh,India,,1,1,,Unregistered,Supplier,IMP-20260324-SUP-0747
SNIGDHA BASIC CHEMICALS,Billing,"PLOT.NO.51, SECTOR 'E' SANWER ROAD","INDUSTRIAL, AREA, INDOR, MADHYA PRADESH- 452001","INDUSTRIAL,AREA,INDOR",Madhya Pradesh,India,452001,1,1,23ACBPM9053E1ZV,Registered Regular,Customer,IMP-20260324-CUST-0347
"Ganganagar Motors, Gandhidham",Billing,PLOT NO 39 SECTOR 10/A,"LIGHT INDUSTRIAL AREA, GANDHIDHAM KUCHH",GANDHIDHAM KUCHH,Gujarat,India,,1,1,24ABYPA0638D1ZX,Registered Regular,Supplier,IMP-20260324-SUP-0749
AD IMPEX,Billing,62 C ADARSH MECHANIC NAGAR,"SCHEME NO. 54, VIJAY NAGAR, INDORE-452010 (M.P.), MADHYA PRADESH",INDORE- (M.P.),Madhya Pradesh,India,452010,1,1,23AZCPD7185L1Z8,Registered Regular,Customer,IMP-20260324-CUST-0348
DRC Petroleum,Billing,"748, Block No. 484, Opposite GSFC Nagar Gate","NH8, PO: Fertilizernagar, Dashrath, Vadodara",Vadodara,Gujarat,India,,1,1,24ADOPK5060D1ZR,Registered Regular,Supplier,IMP-20260324-SUP-0751
SHREE MARUTI INTEGRATED LOGISTICS.LTD,Billing,OPP .PRAHALADNAGAR GARDEN,"100 FT ROAD, AHMEDABAD",AHMEDABAD.,Gujarat,India,,1,1,24AABCM9407D1ZS,Registered Regular,Supplier,IMP-20260324-SUP-0752
ARIHANT TRADERS,Billing,"NA, CHANKHURI","BESIDE INDIAN OIL PETROL PUMP, DURG, CHHATTISGARH","DURG, CHHATTISGARH",Chhattisgarh,India,,1,1,22AWGPM8616C1ZS,Registered Regular,Customer,IMP-20260324-CUST-0349
SHREENATH ACIDCHEM PVT LTD,Billing,"ACID HOUSE B, CTS NO. 275.","NEAR KALA UDYOG PREMISES, OFF LBS MARG BHANDUP-WEST, MUMBAI-400078",MUMBAI,Maharashtra,India,400078,1,1,27ABICS5400N1Z1,Registered Regular,Customer,IMP-20260324-CUST-0350
VINAYAK AUTOMOBILES,Billing,VADODARA,,VADODARA,Gujarat,India,,1,1,24ABBFS16231ZY,Registered Regular,Supplier,IMP-20260324-SUP-0753
L. X. MOTORS,Billing,"B-48, RANOLI COMMERCIAL COMPLEX","G.I.D.C. RANOLI, N.H. NO. 8, VADODARA.","N.H. NO. 8, VADODARA",Gujarat,India,,1,1,,Unregistered,Supplier,IMP-20260324-SUP-0754
Khushbu Jewellers,Billing,"C-23, Siddhartha Excellence","Vasna Road, Near D-Mart, Vadodara",Vadodara,Gujarat,India,,1,1,,Unregistered,Supplier,IMP-20260324-SUP-0755
MAHESHWARI ENTERPRISES (SALE),Billing,"45, MOJA BHABAIN","TEHSIL KOIL, ALIGARH, UTTAR PRADESH-202127","TEHSIL KOIL, ALIGARH",Uttar Pradesh,India,202127,1,1,09AAMHK7981G1ZK,Registered Regular,Customer,IMP-20260324-CUST-0351
GOYAL ENTERPRISES (SALE),Billing,"52, MOJA BHABAIN PARGANA","MORTHAL, TEHSIL KOIL, ALIGARH-202127, UTTAR PRADESH",ALIGARH,Uttar Pradesh,India,202127,1,1,09APXPG3286N1ZW,Registered Regular,Customer,IMP-20260324-CUST-0352
NEW INDIA DETERGENTS PVT LTD (M.H.),Billing,"D-46, MIDC INDUSTRIAL AREA","MAHAD-402309, MAHARASHTRA",MAHAD,Maharashtra,India,402309,1,1,27AAACN3776B1ZM,Registered Regular,Customer,IMP-20260324-CUST-0353
ASIAN CHEMICALS (SALE),Billing,"7, SUBHASH NAGAR","NEAR MILK MAN COLONY, JODHPUR.-342005, RAJASTHAN",JODHPUR,Rajasthan,India,342005,1,1,08AQPPB4817P1ZA,Registered Regular,Customer,IMP-20260324-CUST-0354
DEEPAK NITRITE LTD (TALOJA),Billing,TALOJA CHEMICAL DIVISION,"PLOT.NO. K-9/10, TALOJA, DIST:- RAIGAD, MAHARASHTRA-410208","TALOJA, DIST:- RAIGAD",Maharashtra,India,410208,1,1,27AAACD7468A1ZT,Registered Regular,Customer,IMP-20260324-CUST-0355
SHRI KRISHNA ENTERPRISE (SALE),Billing,"VILLAGE: BHABIN, TASHIL: KOIL","ALIGARH, -202001, UTTAR PRADESH",ALIGARH,Uttar Pradesh,India,202001,1,1,09ACQFS8755A1ZM,Registered Regular,Customer,IMP-20260324-CUST-0356
SATNAM TRADERS,Billing,LATIEF MANZIL,"OPP. GUJARAT SCHOOL, STATION ROAD, MODASA",MODASA,Gujarat,India,,1,1,24AJUPM2296D1ZY,Registered Regular,Supplier,IMP-20260324-SUP-0758
MALHOTRA TRADING COMPANY,Billing,"57, FRIENDS COLONY","KUNDLI, SONEPAT-131001 (HARYANA), HARYANA",SONEPAT- (HARYANA),Haryana,India,131001,1,1,06AGBPM8834D1ZI,Registered Regular,Customer,IMP-20260324-CUST-0357
ABDULKADER GULAMHAIDER SHAIKH,Billing,Ahmedabad,,Ahmedabad,Gujarat,India,,1,1,,Unregistered,Supplier,IMP-20260324-SUP-0759
MEHUL R JASANI,Billing,"BORIVALI, MUMBAI",,"BORIVALI, MUMBAI",Maharashtra,India,,1,1,,Unregistered,Supplier,IMP-20260324-SUP-0760
SHIV PUMPS PVT LTD - 2023-2024 - (FROM 1-APR-23),Billing,"200/1, B/H BANK OF BARODA","GIDC NANDESARI, VADODARA",VADODARA,Gujarat,India,,1,1,24ABHCS1038F1ZN,Registered Regular,Supplier,IMP-20260324-SUP-0761
GRASIM INDUSTRIES LTD. (GRASIM CELLULOSIC DIVISION),Billing,"PLOT.NO.1, G.I.D.C.","VILAYAT INDUSTRIAL ESTATE, P.O. VILAYAT-392012, TAL:- VAGRA. DIST: BHARUCH",TAL:- VAGRA. DIST: BHARUCH,Gujarat,India,392012,1,1,24AAACG4464B2Z3,Registered Regular,Customer,IMP-20260324-CUST-0358
AKSHAY CHEMICALS,Billing,"5905/2 & 1, GIDC, ESTATE","ANKLESHWAR, 393002",ANKLESHWAR,Gujarat,India,393002,1,1,24AAACN7067P1ZZ,Registered Regular,Customer,IMP-20260324-CUST-0359
A.S. ENGINEERING ASSOCIATES,Billing,PRANAY TOWERS,"38-DARBARI LAL SHARMA MARG, LUCKNOW, (U.P.)","LUCKNOW, (U.P.)",Uttar Pradesh,India,,1,1,,Unregistered,Supplier,IMP-20260324-SUP-0764
S R EXIM INDIA,Billing,"ARAJIT NO 547 PLOT NO 4, BHAUTI","BHAUTIPRATAPPUR, KANPUR NAGAR, UTTAR PRADESH - 209305","BHAUTIPRATAPPUR, KANPUR NAGAR",Uttar Pradesh,India,209305,1,1,09AEUFS9526D1ZD,Registered Regular,Customer,IMP-20260324-CUST-0360
NEW INDIA DETERGENTS PVT LTD.(SARIGAM),Billing,"PLOT.NO. 3312, 3322, 3323","GIDC INDUSTRIAL ESTATE, GUJARAT-396155",GIDC INDUSTRIAL ESTATE,Gujarat,India,396155,1,1,24AAACN3776B1ZS,Registered Regular,Customer,IMP-20260324-CUST-0361
SHREE AMBIKA AUTO ELECTRIC WORKS,Billing,PLOT NO. 802,"G.I.D.C., POST. RANOLI, VADODARA",VADODARA,Gujarat,India,,1,1,,Unregistered,Supplier,IMP-20260324-SUP-0765
PARSHVA ENTERPRISE,Billing,"GF-5-6, SNEH- SUDHA COMPLEX","OPP. SURSAGAR, NEAR MUSIC COLLEGE, DANDIA BAZAR ROAD, VADODARA.","DANDIA BAZAR ROAD, VADODARA",Gujarat,India,,1,1,24ALLPS5306H1Z0,Registered Regular,Supplier,IMP-20260324-SUP-0767
YASHWANT AUTO PVT LTD,Billing,MAHARASHTRA,,Maharashtra,Maharashtra,India,,1,1,27AAACY5423E1ZH,Registered Regular,Supplier,IMP-20260324-SUP-0768
Gss Hydraulic 2021-22,Billing,"A-32, New Loha Mandi",,"A-32,New Loha Mandi",Madhya Pradesh,India,,1,1,23AASFG1861B1ZN,Registered Regular,Supplier,IMP-20260324-SUP-0769
BARODA BATTERY,Billing,"FF-102, GHANSHYAM FLAT","BARANPURA ROAD, NEW SHIVAJI BANK, BARANPURA, VADODARA",VADODARA,Gujarat,India,,1,1,24CTHPP8605E1ZN,Registered Regular,Supplier,IMP-20260324-SUP-0770
BHARAT TARDERS,Billing,"17-A, PRIVATE INDUSTRIAL ESTATE","GRAM, BHOURSALA SANWAR ROAD, INDORE-452001, MADHYA PRADESH",INDORE,Madhya Pradesh,India,452001,1,1,23APZPS5500H1ZK,Registered Regular,Customer,IMP-20260324-CUST-0362
SHREE RANG TYRES,Billing,"SHOP NO 1 & 2, SHREE RANG MARKET","OPP. BARODA COUNTRY CLUB, GOLDEN CHOKDI, N.H. 8, BARODA","GOLDEN CHOKDI, N.H. 8, BARODA",Gujarat,India,,1,1,24ASGPP1687A1ZW,Registered Regular,Supplier,IMP-20260324-SUP-0771
Vighnaharta Automotives,Billing,Pune-Ahmednagar Highway,Pune,Pune,Maharashtra,India,,1,1,27AAQFV0322A1ZI,Registered Regular,Supplier,IMP-20260324-SUP-0772
UMA TYRE RETREADS,Billing,14-15 MARUTI COMPLEX,RANOLI.GIDC,VADODARA,Gujarat,India,,1,1,24AKBPP6319A1ZM,Registered Regular,Supplier,IMP-20260324-SUP-0773
VE COMMERCIAL VEHICLES LIMITED - THANE,Billing,S V ROAD,"MANPADA CHITALSAR, Thane",Thane,Maharashtra,India,,1,1,27AABCE9378F1ZC,Registered Regular,Supplier,IMP-20260324-SUP-0775
VALIYA LOGISTICS,Billing,"201-202, SUDARSHAN ENCLAVE","BSNL ROAD, SECTOR-3, UDAIPUR, RAJASTHAN",UDAIPUR,Rajasthan,India,,1,1,08AAPFV0677F1ZR,Registered Regular,Customer,IMP-20260324-CUST-0363
HARSHIKESH TRADERS,Billing,I.P.C.L. ROAD,"RANOLI, VADODARA","RANOLI, VADODARA",Gujarat,India,,1,1,,Unregistered,Supplier,IMP-20260324-SUP-0776
KGN AUTO GARAGE,Billing,SHAHYOG HOTEL,"PADRA JAMBUSAR ROAD, HARNMAD, BARODA","HARNMAD, BARODA",Gujarat,India,,1,1,,Unregistered,Supplier,IMP-20260324-SUP-0777
TVISHA REPOWERING,Billing,OPP. G.S.F.C. MAIN GATE,"NR.YURAJ HOTEL, CHHANI, VADODARA",VADODARA,,India,,1,1,,Unregistered,Supplier,IMP-20260324-SUP-0778
Raisoni Tyre House,Billing,"A. B. ROAD, KAILASH MARKET","NEAR RTO OFFICE, DHULE",DHULE,Maharashtra,India,,1,1,27AMIPS0837M1ZI,Registered Regular,Supplier,IMP-20260324-SUP-0779
MARUTI DIESEL,Billing,VADODARA,,VADODARA,Gujarat,India,,1,1,24BXOPR2104Q1Z0,Registered Regular,Supplier,IMP-20260324-SUP-0781
SARANI ZINABBEN RIZVANALI,Billing,BARODA,,BARODA,Gujarat,India,,1,1,,Unregistered,Supplier,IMP-20260324-SUP-0782
A-1 ACID LTD.,Billing,"FP.NO, 36/2, 36/5, VILL: SAIJPUR","NR. AMBER GUM FACTORY MARIA PARK, OPP: COZY HOTEL, NAROL SARKHEJ RD., AHMEDABAD-382405",AHMEDABAD,Gujarat,India,382405,1,1,24AAECA6907F1ZY,Registered Regular,Customer,IMP-20260324-CUST-0364
VINAYAK CHEMICAL TRADING COMPANY,Billing,"GF 12, TOWER C, TIME SQUARE","PETROL PUMP, FATEHGUNJ, VADODARA-390002",VADODARA,Gujarat,India,390002,1,1,24AEMPJ3017L1ZI,Registered Regular,Customer,IMP-20260324-CUST-0365
MARWA TRUCKING PRIVATE LIMITED,Billing,RAJASTHAN,,Rajasthan,Rajasthan,India,,1,1,,Unregistered,Supplier,IMP-20260324-SUP-0784
SANDEEP TRUCKS PRIVATE LIMITED,Billing,RAJASTHAN,,Rajasthan,Rajasthan,India,,1,1,08ABBCS4112Q1Z3,Registered Regular,Supplier,IMP-20260324-SUP-0785
PAYAL POLYPLAST PVT LIMITED,Billing,PLOT.NO. D-II/CH-II/ G.I.D.C.,"INDUSTRIAL AREA, TAL: VAGRA, DAHEJ, BHARUCH-392130","DAHEJ, BHARUCH",Gujarat,India,392130,1,1,24AAFCP5296B1ZI,Registered Regular,Customer,IMP-20260324-CUST-0366
PRIYANKA AUTO TRADERS,Billing,VADODARA,,VADODARA,Gujarat,India,,1,1,24BIQPP8311L1ZR,Registered Regular,Supplier,IMP-20260324-SUP-0787
Coromandel International Ltd. - Hospet,Billing,"101/102, Hulgi Road","Munirabad RS, Hospet",Hospet,Karnataka,India,,1,1,29AAACC7852K1Z9,Registered Regular,Customer,IMP-20260324-CUST-0367
JANKI TYRES,Billing,CHALIZGOAN CHOUFULI,"CHALISGOAN ROAD, MOHADI UP NAGER, DHULE",DHULE,Maharashtra,India,,1,1,,Unregistered,Supplier,IMP-20260324-SUP-0788
MOHAN POORAN SING,Billing,VATAMAN,,VATAMAN,Gujarat,India,,1,1,,Unregistered,Supplier,IMP-20260324-SUP-0789
SHIVMANI MOTORS PRIVATE LTD,Billing,GUJARAT,,Gujarat,Gujarat,India,,1,1,24ABBCS5894D1Z9,Registered Regular,Supplier,IMP-20260324-SUP-0790
STAR ENGINEERING WELDING WORKS,Billing,DAHEJ MAIN ROAD,"NR. RAILWAY FATA, DAHEJ, BHARUCH","DAHEJ, BHARUCH",Gujarat,India,,1,1,,Unregistered,Supplier,IMP-20260324-SUP-0791
KESARI AUTOMOTIVES PRIVATE LIMITED,Billing,KRUPALU NAGAR SOCIETY,"C-35, OPP HIRABA SCHOOL, MAHADEVNAGAR, VASTRAL, AHMEDABAD",AHMEDABAD,Gujarat,India,,1,1,24AAHCK8425H1ZG,Registered Regular,Supplier,IMP-20260324-SUP-0793
GLOBAL WHEEL ALLIGNMENT,Billing,"11, KARNAVATI SHOPPING CENTER, OPP. CARGO MOTORS","AHMEDABAD HIGHWAY, PALANPUR",PALANPUR,Gujarat,India,,1,1,24AURPC5052F1ZT,Registered Regular,Supplier,IMP-20260324-SUP-0794
Verahi Automobiles,Billing,VADODARA,,VADODARA,Gujarat,India,,1,1,24AWMPN8864H1ZX,Registered Regular,Supplier,IMP-20260324-SUP-0796
AAZAM HYDRAULIC PIPES,Billing,"N.H. NO.8, DHANLAXMI PETROL PUMP","NR. PUNJAB AUTOMOBILES, RANOLI",GUJARAT,Punjab,India,,1,1,,Unregistered,Supplier,IMP-20260324-SUP-0797
SABARI MOTOR GARAGE,Billing,RANOLI CROSSING,"N.H. NO. 8, RANOLI, VADODARA",VADODARA,Gujarat,India,,1,1,,Unregistered,Supplier,IMP-20260324-SUP-0798
TANAY INORGANICS PRIVATE LIMITED,Billing,"D-14/65, MIDC UMRED","Tehsil: UMRED, Dist: Nagpur",Dist: Nagpur,Maharashtra,India,,1,1,27AAJCT7874K1ZH,Registered Regular,Customer,IMP-20260324-CUST-0368
SHREE KRISHNA MOTOR GARAGE,Billing,BHILWARA ROAD,"CHANDERIYA, CHITTORGARH ( RAJ. )",CHITTORGARH ( RAJ. ),Rajasthan,India,,1,1,,Unregistered,Supplier,IMP-20260324-SUP-0800
SURAT LEUVA PATIDAR PRAGATI MANDAL,Billing,SURAT,,SURAT,Gujarat,India,,1,1,,Unregistered,Supplier,IMP-20260324-SUP-0801
SHREE CEMENT LIMITED,Billing,"BANGUR NAGAR, POST BOX NO.33","MASUDA ROAD, ANDHERI DEORI BEWAR, BEAWAR-305901. RAJASTHAN.",BEAWAR-. RAJASTHAN,Rajasthan,India,305901,1,1,08AACCS8796G1ZR,Registered Regular,Customer,IMP-20260324-CUST-0369
SHREE ASHAPURA MOTOR BODY REPAIRING WORKS,Billing,OPP. DHANLAXMI PETROL PUMP,"N.H.NO. 8, RANOLI, DIST. VADODARA",DIST. VADODARA,Gujarat,India,,1,1,,Unregistered,Supplier,IMP-20260324-SUP-0802
BODAL CHEMICALS LIMITED,Billing,"301 TO 430, 433 TO 440/1, GIDC","SAYKHA, BHARUCH-392140",BHARUCH,Gujarat,India,392140,1,1,24AAACD5352M1ZN,Registered Regular,Customer,IMP-20260324-CUST-0370
JAY DURGA AUTO GARAGE,Billing,IPCL ROAD,"NR. KATHIAWADI HOTEL, RANOLI, BARODA","RANOLI, BARODA",Gujarat,India,,1,1,,Unregistered,Supplier,IMP-20260324-SUP-0803
ROHAN DYES & INTERMEDIATES LIMITED,Billing,"PLOT.NO. 115, 123, PHASE-1","GIDC, VATVA, AHMEDABAD-382445, GUJARAT",AHMEDABAD,Gujarat,India,382445,1,1,24AAACR1848N1Z6,Registered Regular,Customer,IMP-20260324-CUST-0371
BODAL CHEMICALS LTD. - UNIT-V.,Billing,"PLOT NO. 301 TO 430, 433 TO 440/1","JUNED-BHERSAM ESTATE, TA-VAGRA, GIDC SAYKH, BHARUCH-392140",BHARUCH,Gujarat,India,392140,1,1,24AAACD5352M1ZN,Registered Regular,Customer,IMP-20260324-CUST-0372
MAHADEV AUTOMOBILES,Billing,RANOLI COMMERCIAL COMPLEX,"RANOLI GIDC, N.H.NO. 8, RANOLI, VADODARA",VADODARA,Gujarat,India,,1,1,24BHTPP7917A1Z4,Registered Regular,Supplier,IMP-20260324-SUP-0807
RAMA PHOSPHATES LTD.,Billing,"4807-11, JHAMAR KOTRA ROAD","UMRA, UDAIPUR-313901, RAJASTHAN",UDAIPUR,Rajasthan,India,313901,1,1,08AAACR7191Q1ZM,Registered Regular,Customer,IMP-20260324-CUST-0373
M.D.TARIQUE NATIONAL AUTO ELECTRICALS,Billing,NR.RAILWAY CROSSING,"OPP. JAY NARAYAN COMPLEX, NR. DAHEJ CHOKDI, DAHEJ, BHARUCH","DAHEJ, BHARUCH",Gujarat,India,,1,1,,Unregistered,Supplier,IMP-20260324-SUP-0809
SHRI LAL AUTO PARTS,Billing,NATIONAL HIGHWAY 8-A,"18, M. J. SHOPPING CENTRE, JASHAPAR CHOKDI, SAYLA",SAYLA,Gujarat,India,,1,1,24ARJPP1177B1ZO,Registered Regular,Supplier,IMP-20260324-SUP-0811
SUPER AUTO ENGI. WORKS,Billing,LALAJI MAHARAJ ROAD,"MADHAV COMPLEX, G.I.D.C, N.H-8, SAYLA",SAYLA,Gujarat,India,,1,1,,Unregistered,Supplier,IMP-20260324-SUP-0812
ASHA AUTO SPARE PARTS,Billing,VASUKI COMPLEX,"GAYA MATA MANDIR, SUDAMDA ROAD, SAYLA, SURENDRANAGAR","SAYLA, SURENDRANAGAR",Gujarat,India,,1,1,,Unregistered,Supplier,IMP-20260324-SUP-0813
RISHI KIRAN ROADLINES,Billing,"PLOT.NO.8, SECTOR-8","OPP. POST OFFICE, GANDHIDHAM, KUTCH-370201 (GUJARAT)",KUTCH- (GUJARAT),Gujarat,India,370201,1,1,24AACFK1870E1ZQ,Registered Regular,Customer,IMP-20260324-CUST-0374
SHREE RAM CORPORATION,Billing,MAHARASHTRA,,Maharashtra,Maharashtra,India,,1,1,27AEVPT5506R1ZB,Registered Regular,Supplier,IMP-20260324-SUP-0814
DHANLAXMI SPRING WORKS,Billing,"11, SEKHON CHAMBER","B/H. MINAL PETROL PUMP, G.I.D.C., RANOLI, VADODARA.",VADODARA,Gujarat,India,,1,1,,Unregistered,Supplier,IMP-20260324-SUP-0816
SANDHU MOTORS,Billing,PINDWADA ROAD,"N.H. 27, NAVAL PLAZA, UDAIPUR (RAJ.)",UDAIPUR (RAJ.),Rajasthan,India,,1,1,08GKVPS3569B1ZF,Registered Regular,Supplier,IMP-20260324-SUP-0819
AFTAAR AUTO SPAYER PARTS NISHA DIESEL MOTOR GARAGE,Billing,UDAIPUR (RAJ.),,UDAIPUR (RAJ.),Rajasthan,India,,1,1,,Unregistered,Supplier,IMP-20260324-SUP-0821
SHOAIB BOOSTER WORKS,Billing,KHETESHWAR HOTEL,"KADODARA KAMREJ HIGHWAY, UMBHEL",UMBHEL,Gujarat,India,,1,1,,Unregistered,Supplier,IMP-20260324-SUP-0822
HANUMANTA TRADERS,Billing,VILL. JAMALPUR SHEIKHAN,"TOHANA-125120, DIST:- FATEHABAD., HARYANA",DIST:- FATEHABAD,Haryana,India,125120,1,1,06ACUPK3322K1ZD,Registered Regular,Customer,IMP-20260324-CUST-0375
K.G.N. MOTOR GARAGE,Billing,RAJASTHAN,,Rajasthan,Rajasthan,India,,1,1,,Unregistered,Supplier,IMP-20260324-SUP-0824
RAMDEV MOTOR GARAGE,Billing,ANNU COMPLEX,"NH-50, NEAR TOLL PLAZA, HITNAL CROSS, DT. KOPPAL, KARNATAKA","DT. KOPPAL, KARNATAKA",Karnataka,India,,1,1,,Unregistered,Supplier,IMP-20260324-SUP-0825
JAI DHANOOP AUTOMOBILES,Billing,ANU COMPLEX,"ROOM NO. 10, NH-63, NEAR TOOL PLAZA, HITNAL CROSS. DIST. KOPPAL",HITNAL CROSS. DIST. KOPPAL,Karnataka,India,,1,1,,Unregistered,Supplier,IMP-20260324-SUP-0826
WELCOME MOTORS,Billing,DURGESHWARI COMPOUND,"JAMBUVA BRIDGE, NH-8, VADODARA","NH-8, VADODARA",Gujarat,India,,1,1,,Unregistered,Supplier,IMP-20260324-SUP-0829
P I INDUSTRIES LTD,Billing,"PLOT NO 29/2, VILL: SAROD","STERLING SEZ INFRASTR, VALIPOR, JAMBUSAR, BHARUCH-392180",BHARUCH,Gujarat,India,392180,1,1,24AABCP2183M3Z9,Registered Regular,Customer,IMP-20260324-CUST-0376
TRANS-PACIFIC CORPORATION PVT LTD.,Billing,"110, NARAYAN GARDEN","OPP. YASH COMPLEX, GOTRI -VUDA ROAD, GOTRI, VADODARA-390021","GOTRI, VADODARA",Gujarat,India,390021,1,1,24AAGCT0732M1ZB,Registered Regular,Customer,IMP-20260324-CUST-0377
M.D. SHAHUD TYRE SERVICE,Billing,PLOT NO. 821,"G.I.D.C. RANOLI, VADODARA",VADODARA,Gujarat,India,,1,1,,Unregistered,Supplier,IMP-20260324-SUP-0831
KAYRPEE VANIJYA PVT LTD,Billing,"II, SYNERGY HOUSE-II","SUBHANPURA-GORWA ROAD, SUBHANPURA, VADODARA-390023",VADODARA,Gujarat,India,390023,1,1,24AAACK8161H1ZM,Registered Regular,Customer,IMP-20260324-CUST-0378
AAP CHEM.,Billing,"C-366, GIDC, SAYAKHA IND ESTATE","HIGHWAY 161, P.O. ARAGAMA, DIST: BHARUCH-392012",DIST: BHARUCH,Gujarat,India,392012,1,1,24AWAPP5444P1Z4,Registered Regular,Customer,IMP-20260324-CUST-0379
G. S. BREAKDOWN,Billing,NR. GHANSHYAM PETROL PUMP,"N. H. NO. 8, JETALPUR, AHMEDABAD - 382426",AHMEDABAD,Gujarat,India,382426,1,1,24AGSPK9438L1ZM,Registered Regular,Supplier,IMP-20260324-SUP-0834
B ROSHANLAL CHEMICALS(a unit of B ROSHANLAL CHEMICALS PVT LTD),Billing,"15/2, ABHISHEK NAGAR","PALDA, DIST: INDORE-452007, MADHYA PRADESH",DIST: INDORE,Madhya Pradesh,India,452007,1,1,23AADCB8379F1ZM,Registered Regular,Customer,IMP-20260324-CUST-0380
HDFC BANK LTD - CA,Billing,SHINE PLAZA,"NEAR NATU BHAI CIRCLE, GOTRI ROAD, VADODARA",VADODARA,Gujarat,India,,1,1,,Unregistered,Supplier,IMP-20260324-SUP-0836
CHANDMAL BHARAKTIYA,Billing,CHITTORGARH,,CHITTORGARH,Rajasthan,India,,1,1,,Unregistered,Supplier,IMP-20260324-SUP-0837
MOTI COLOUR COMPANY,Billing,"3 RD, PHASE, G-71A","INDUSTRIAL AREA, BARMER, BALOTRA, RAJASTHAN-344022",BALOTRA,Rajasthan,India,344022,1,1,08ABVPA1599A1ZM,Registered Regular,Customer,IMP-20260324-CUST-0381
TAX RESOURCE GROUP,Billing,"201-207, SILVERLINE COMPLEX","BESIDES WORLD TRADE CENTRE, SAYAJIGUNJ, VADODARA","SAYAJIGUNJ, VADODARA",Gujarat,India,,1,1,,Unregistered,Supplier,IMP-20260324-SUP-0840
MARUTI SALES,Billing,VADODARA,,VADODARA,Gujarat,India,,1,1,24AKNPP8674Q1ZZ,Registered Regular,Supplier,IMP-20260324-SUP-0841
MUNNA MOTOR GARAGE,Billing,"N.H. NO. 8, RANOLI CROSSING","RANOLI, BARODA","RANOLI, BARODA",Gujarat,India,,1,1,,Unregistered,Supplier,IMP-20260324-SUP-0842
JAYRAJ SERVICE STATION,Billing,RANOLI CHOKDI,"BESIDE MARUTI COLD STORAGE, DIST. VADODARA.",DIST. VADODARA,Gujarat,India,,1,1,,Unregistered,Supplier,IMP-20260324-SUP-0843
SHREEJI AUTOWORLD,Billing,"10-B, GIDC, RANOLI",VADODARA,VADODARA,Gujarat,India,,1,1,24AFEFS0810B1ZQ,Registered Regular,Supplier,IMP-20260324-SUP-0844
DHARMENDRA SHOW REPAIRING,Billing,RANOLI,,VADODARA,,India,,1,1,,Unregistered,Supplier,IMP-20260324-SUP-0845
BHARAT AUTO ELECTRIC,Billing,H.P PETROL PUMP,"MAHALI ROAD, PADARA",PADARA,Gujarat,India,,1,1,,Unregistered,Supplier,IMP-20260324-SUP-0846
SAFAL SOFTCOM,Billing,AHMEDABAD,,AHMEDABAD,Gujarat,India,,1,1,,Unregistered,Supplier,IMP-20260324-SUP-0847
AKSHAY CHEMIX,Billing,"693/1, RS NO. 646, OPP. IOC PETROLPUMP","PADRA JAMBUSAR ROAD, KANZAT, TALUKA. PADRA, VADODARA (GUJARAT)",VADODARA (GUJARAT),Gujarat,India,,1,1,24AASFA7527L1ZZ,Registered Regular,Customer,IMP-20260324-CUST-0382
PRAKASH CHEMICALS AGENCIES PVT LTD,Billing,"PLOT, NO. 20, 21 & 22","R.K. CO.OPERATIVE WARE HOUSE, B/H ALFA HOTAL, NEAR TATA STEEL, NAROL-ASIALL ROAD, AHMEDABAD-382427",AHMEDABAD.,Gujarat,India,382427,1,1,24AACCP6646G1ZF,Registered Regular,Customer,IMP-20260324-CUST-0383
SHIVAM TYRES,Billing,"PLOT NO.77, SEC-9/C N.H.8/A","GANDHIDHAM, KACHCHH","GANDHIDHAM,KACHCHH",Gujarat,India,,1,1,24ACGPT2788J1Z2,Registered Regular,Supplier,IMP-20260324-SUP-0848
SAGAR TYRE HOUSE,Billing,"BHAGWAN GANJ, SAGAR",,"BHAGWAN GANJ,SAGAR",Madhya Pradesh,India,,1,1,23ADFS8306B1ZW,Registered Regular,Supplier,IMP-20260324-SUP-0849
Rakesh Parsottamdas Surti,Billing,Baroda,,Baroda,Gujarat,India,,1,1,,Unregistered,Supplier,IMP-20260324-SUP-0850
RISHABHDEV AUTOMOBILES-1,Billing,UDAIPUR,,UDAIPUR,Rajasthan,India,,1,1,08AAMFR8833L1ZF,Registered Regular,Supplier,IMP-20260324-SUP-0851
RATHOD TYRES,Billing,GUJARAT,,Gujarat,Gujarat,India,,1,1,24ABUPR7313Q1ZR,Registered Regular,Supplier,IMP-20260324-SUP-0853
ROHAN DYES & INTERMEDIATES LTD.,Billing,"PLOT.NO. 123, PHASE-1","G.I.D.C. VATVA, AHMEDABAD-382445",AHMEDABAD,Gujarat,India,382445,1,1,24AAACR1848N2Z5,Registered Regular,Customer,IMP-20260324-CUST-0384
APCO MOTORS,Billing,"106, SIPRA ICON","OPP. KRISHNA PARK HOTEL, KAPURAI CHOWKADI, DABHOI ROAD, VADODARA","DABHOI ROAD, VADODARA",Gujarat,India,,1,1,24AAEFA1563C1Z4,Registered Regular,Supplier,IMP-20260324-SUP-0855
KP TRUCKING PRIVATE LIMITED,Billing,NATIONAL HIGHWAY 48,"AROMA HOTEL, SARANGPORE, ANKLESHWAR, BHARUCH",BHARUCH,Gujarat,India,,1,1,24AADCW5865B1ZE,Registered Regular,Supplier,IMP-20260324-SUP-0856
Shri Sonal Tyres,Billing,Gandhidham,,Gandhidham,Gujarat,India,,1,1,,Unregistered,Supplier,IMP-20260324-SUP-0857
BRIGHT AUTO ELECTICIAN WORK,Billing,Nr.GACL CHOKDI,"DAHEJ, DIST.BHARUCH, 392130",DIST.BHARUCH,Gujarat,India,392130,1,1,,Unregistered,Supplier,IMP-20260324-SUP-0858
BAJRANG BREAKDOWN SERVICE,Billing,SWAGAT HOTEL,"MOTI NAROLI, SURAT",SURAT,Gujarat,India,,1,1,,Unregistered,Supplier,IMP-20260324-SUP-0859
E Grace,Billing,Baroda,,Baroda,Gujarat,India,,1,1,,Unregistered,Supplier,IMP-20260324-SUP-0860
ANANT AUTOMOBILIES,Billing,"A-1/2, RANOLI GIDC",VADODARA-391350,VADODARA,Gujarat,India,391350,1,1,24AGWPP0034B1ZO,Registered Regular,Supplier,IMP-20260324-SUP-0861
NEW TAJ TYRE AGENCY,Billing,14th Mile,"T-Point, Amravati Road, Nagpur",Nagpur,Maharashtra,India,,1,1,27CMTPA8375B1ZT,Registered Regular,Supplier,IMP-20260324-SUP-0862
VANTAGE COMMERCIAL VEHICLES,Billing,"KOGTA BHAWAN, 209","OLD MALARIA OFFICE, SIRKI MOHALLA, Bhilwara, Rajasthan","Bhilwara, Rajasthan",Rajasthan,India,,1,1,08AARFV9567A1ZK,Registered Regular,Supplier,IMP-20260324-SUP-0863
KUTCH SPECIALITIES PVT LTD.,Billing,SURVEY NO 185,"VILLAGE:- VARRSANA, TAL:- ANJAR., KACHCHH-370110, GUJARAT",KACHCHH,Gujarat,India,370110,1,1,24AAHCK9204C1ZV,Registered Regular,Customer,IMP-20260324-CUST-0385
RAMI INSULATORS,Billing,PLOT NO 226.G.I.D.C,"NEAR RAILWAY CROSSING, NANDESARI",VADODARA,Gujarat,India,,1,1,24AISPG4775C1Z6,Registered Regular,Supplier,IMP-20260324-SUP-0864
NEW INDIA ACID (BARODA) PVT.LTD.,Billing,"1, PARVATINAGAR SOCIETY U-3","B/H JALARAM APPARTMENT, SUBHANPURA-390023, VADODARA",VADODARA,Gujarat,India,390023,1,1,24AABCN8697C1ZB,Registered Regular,Customer,IMP-20260324-CUST-0386
D.S. OIL CARRIER,Billing,GAGAN CHOWNK,"OPP.CANADIAN PAYING GUEST HOUSE, RAJPURA-140401",RAJPURA,Punjab,India,140401,1,1,,Unregistered,Customer,IMP-20260324-CUST-0387
RAMKEVAL YADAV,Billing,"JAGRUP, PURE, CHAUBEY BHARETHA","DEVRAHA, DEORAHA, P.O.: DEORAHA, DIST: AMETHI",DIST: AMETHI,Uttar Pradesh,India,,1,1,,Unregistered,Supplier,IMP-20260324-SUP-0868
SBL ENERGY LIMITED (NAGPUR),Billing,"115, 116 POST ROULGAON YENVERA","TEHSIL:-KATOL, DIST:- NAGPUR-441502, MAHARASHTRA",DIST:- NAGPUR,Maharashtra,India,441502,1,1,27AADCA3124B1ZE,Registered Regular,Customer,IMP-20260324-CUST-0388
JAYA SPECIALITY CHEMICALS PVT LTD,Billing,"4/1, 4/2, 4/3, VILLAGE MOHANDI","JABANDHA, RAJNANDGAON, CHHATISGARH.-491444",CHHATISGARH,Chhattisgarh,India,491444,1,1,22AAECJ6976B1ZO,Registered Regular,Customer,IMP-20260324-CUST-0389
ARVIND AUTOMOBILES,Billing,ASHOK NAGAR,"NH-6 MAIN ROAD, LAKHANI",LAKHANI,Gujarat,India,,1,1,,Unregistered,Supplier,IMP-20260324-SUP-0870
BHARAT ENGINEERING WORKS,Billing,NATIONAL HIGHWAY ROAD,"ASHOK NAGAR, LAKHANI",LAKHANI,Gujarat,India,,1,1,,Unregistered,Supplier,IMP-20260324-SUP-0871
GURU RAM DASJI AUTOMOBILE,Billing,DAHEJ,,DAHEJ,,India,,1,1,,Unregistered,Supplier,IMP-20260324-SUP-0872
KANDLA MOTORS PVT.LTD,Billing,"WARD 12/B, 108 PLOT NO 356","GOKUL PARK, TAGORE ROAD, GANDHIDHAM, Kachchh","GANDHIDHAM, Kachchh",Gujarat,India,,1,1,24AADCK8949E2ZC,Registered Regular,Supplier,IMP-20260324-SUP-0873
BRAHMANI RASAYAN,Billing,"KH.NO. 37/4, PLOT.NO. 14 B","M D NAGAR, TANAWARA, JODHPUR-342013, RAJASTHAN",JODHPUR,Rajasthan,India,342013,1,1,08ADVPT1866H1ZR,Registered Regular,Customer,IMP-20260324-CUST-0390
NEW ZEEL FASHION WEAR PVT LTD.,Billing,SURVEY NO. 879/1/1,"VILLAGE:- CHHAYAN, THESIL. BADNAWAR, DHAR, MADHYA PRADESH-454660","THESIL. BADNAWAR, DHAR",Madhya Pradesh,India,454660,1,1,23AAICN2787L1Z0,Registered Regular,Customer,IMP-20260324-CUST-0391
APCO AUTOSALES PRIVATE LIMITED,Billing,NATIONAL HIGHWAY 8B,"AHMEDABAD-RAJKOT HIGHWAY, MALIYASAN, RAJKOT","MALIYASAN, RAJKOT",Gujarat,India,,1,1,24AAICA6091L1ZE,Registered Regular,Supplier,IMP-20260324-SUP-0876
B S CHEMICALS,Billing,"SHOP.NO. D-5, TEXTILE MARKET ROAD","BHILWARA, RAJASTHAN--311001","BHILWARA, RAJASTHAN",Rajasthan,India,311001,1,1,08ABRPD8363M1ZY,Registered Regular,Customer,IMP-20260324-CUST-0392
BHARAT CHEMICAL COMPANY,Billing,"PLOT.NO. 88, 89, 90","SHREE RAM ESTATE, NR. BATLIBOI CO. BHEDWAD, SURAT-394220",SURAT,Gujarat,India,394220,1,1,24AUVPP7091H1ZX,Registered Regular,Customer,IMP-20260324-CUST-0393
SHREENATH ACIDCHEM PVT LTD-AMD,Billing,"B-166, C-1 G.I.D.C. ESTATE","PHASE-II AMBICA CROSS ROAD, AHMEDABAD-382445, GUJARAT",AHMEDABAD,Gujarat,India,382445,1,1,24ABICS5400N1Z7,Registered Regular,Customer,IMP-20260324-CUST-0394
SARASWATI ROADLINES PVT. LTD.,Billing,"319, SOHAM ARCADE","BAGHBAN CIRCLE, GAURAVPATH ROAD, PAL, SURAT-395009",SURAT,Gujarat,India,395009,1,1,24ABJCS9210R1ZQ,Registered Regular,Customer,IMP-20260324-CUST-0395
BODAL CHEMICALS LTD-UNIT-XII,Billing,CHARATRAMPUR,"VILLAGE: KHADAULI, /SARDARGARH, P.O. RAJPURA DIST: PATIALA, PUNJAB-140401",P.O. RAJPURA DIST: PATIALA,Punjab,India,140401,1,1,03AAACD5352M2ZQ,Registered Regular,Customer,IMP-20260324-CUST-0396
INDIA BATTERY AND WORK SHOP,Billing,FATEHNAGAR ROAD,"DARIBA, RAJSAMAND (RAJ.)",RAJSAMAND (RAJ.),Rajasthan,India,,1,1,,Unregistered,Supplier,IMP-20260324-SUP-0880
SHRI KAMAL SALES,Billing,"BLOCK K -402, SHHRADHA PIONEER","OPP. RADHE UPVAN, MEHMDABAD HIGHWAY, HATHIJAN, AHMEDABAD","HATHIJAN, AHMEDABAD",Gujarat,India,,1,1,,Unregistered,Supplier,IMP-20260324-SUP-0881
Shree Umiya Automobiles,Billing,"2, Jaydeep Complex, Nr.Railway Crossing","Dahej, Tal.Vagra, Bharuch",Bharuch,Gujarat,India,,1,1,24ARGPP9094E1ZH,Registered Regular,Supplier,IMP-20260324-SUP-0882
KASHIRAM VERMA KAMAL WORK SHOP,Billing,NR. GACL CHOWKDI,"DAHEJ MAIN ROAD, BHARUCH (GUJ.)",BHARUCH (GUJ.),Gujarat,India,,1,1,,Unregistered,Supplier,IMP-20260324-SUP-0883
ROYAL SUNDARAM GENERAL INSURANCE CO. LTD,Billing,"PELICAN, 3rd FLOOR, ABHISHEK COLONY","RACE COURSE CIRCLE, VADOARA","RACE COURSE CIRCLE, VADOARA",Gujarat,India,,1,1,24AABCR7106G1ZP,Registered Regular,Supplier,IMP-20260324-SUP-0884
COALFIELD EQUIPMENTS PVT LTD,Billing,"G.T. ROAD, KASHITAND","BARWADDA, Dhanbad, Jharkhand","BARWADDA, Dhanbad",Jharkhand,India,,1,1,20AAECC4900C1ZL,Registered Regular,Supplier,IMP-20260324-SUP-0886
RIZWAN ROADLINES,Billing,MAITRI PLANET NX FLATE NO. B/901,"PLOT NO. 10 & 11, SECTOR - 35/I, KHARGHAR, NAVI MUMBAI - 410210 (M.H.)",NAVI MUMBAI -  (M.H.),Maharashtra,India,410210,1,1,,Unregistered,Customer,IMP-20260324-CUST-0397
SHRIRAM SERVO SERVICES,Billing,DEALER-INDIAN OIL CORPORATION,"NH-3, MUMBAI AGRA HIGHWAY, MIDC, DHULE-424006",DHULE,,India,424006,1,1,,Unregistered,Supplier,IMP-20260324-SUP-0887
JAI GURU SERVICE STATION,Billing,H.P.FUEL STATION,DHANBAD,DHANBAD,,India,,1,1,,Unregistered,Supplier,IMP-20260324-SUP-0889
VIRAG ENTERPRISES,Billing,"19, LAXMI INDUSTRIAL ESTATE","OPP:- B.R.C GATE, UDHNA BHESTAN ROAD, SURAT-394210",SURAT,Gujarat,India,394210,1,1,24AHPPS8701C1ZA,Registered Regular,Customer,IMP-20260324-CUST-0398
SHRI MAHAVIR OIL CARRIER,Billing,RING ROAD NO. 1,"TATIBANDH, RAIPUR-492099, CHHATTISGARH",RAIPUR,Chhattisgarh,India,492099,1,1,22AHDPA0407D1ZJ,Registered Regular,Customer,IMP-20260324-CUST-0399
RAJ MOTORS,Billing,"Sh.No.293, HAJIPURA","HIMATNAGAR, Sabarkantha",RAJASTHAN,Gujarat,India,,1,1,24AAQFR6622R1ZE,Registered Regular,Supplier,IMP-20260324-SUP-0890
UNICON INDUSTRIAL LINING,Billing,"403, GIDC, RANOLI","VADODARA, 391350",VADODARA,Gujarat,India,391350,1,1,24ACQPP7294M1ZN,Registered Regular,Supplier,IMP-20260324-SUP-0892
SHREERAM SERVO SERVICES,Billing,DHULE,,DHULE,Maharashtra,India,,1,1,,Unregistered,Supplier,IMP-20260324-SUP-0893
NOBLE BOLT CENTRE,Billing,"LEHRIPURA, NEW ROAD",VADODARA,VADODARA,Gujarat,India,,1,1,24ACCPV0807C1Z3,Registered Regular,Supplier,IMP-20260324-SUP-0894
AMAN DISPOSAL,Billing,N.H.8 RANOLI CROSING,"391350, VADODARA",VADODARA,,India,391350,1,1,,Unregistered,Supplier,IMP-20260324-SUP-0895
HI-TECH BATTERY HOUSE,Billing,"SHOP NO. 3, PLOT NO. 1","INDRA PRASTH COMPLEX, AIRPORT ROAD:-DEBARI, UDAIPUR, RAJASTHAN","UDAIPUR, RAJASTHAN",Rajasthan,India,,1,1,08BJXPD4588D1ZQ,Registered Regular,Supplier,IMP-20260324-SUP-0896
STAR AUTO PARTS,Billing,BHARUCH,,BHARUCH,Gujarat,India,,1,1,,Unregistered,Supplier,IMP-20260324-SUP-0897
SHREE SAINATH MOTORS - BHAVNAGAR,Billing,Nr.Komal Hotel,"Ahmedabad Dolera Highway, Nari Chokdi, bhavnagar",BHAVNAGAR,,India,,1,1,,Unregistered,Supplier,IMP-20260324-SUP-0898
SHIV SHAKTI MOTORS,Billing,OPP. RELIANCE GATE NO. 1NR,"T.K PATEL SERVICE STATION, HAZIRA ROAD MORA, SURAT - 394516",SURAT,Gujarat,India,394516,1,1,24AKWPP5497L1Z1,Registered Regular,Supplier,IMP-20260324-SUP-0899
SITARAM INDUSTRIES,Billing,SURVEY NO. 12 PAIKI,"PLOT.NO. 1 & 2, ALANG ROAD, KATHAWA, BHAVNAGAR-364150 (GUJARAT)",BHAVNAGAR- (GUJARAT),Gujarat,India,364150,1,1,24ABMPJ5642C1ZW,Registered Regular,Customer,IMP-20260324-CUST-0401
MULTY SALES PRODUCTS,Billing,"28, PATEL ESTATE","NR. ANAND RESTURANT, NAROL HIGHWAY, AHMEDABAD-382405",AHMEDABAD,Gujarat,India,382405,1,1,24AFHPS7834Q1ZL,Registered Regular,Customer,IMP-20260324-CUST-0402
YOGESHWAR FINECHEM PVT. LTD.,Billing,"PLOT-171, 172, 173, 174","PANCHRATNA, ESTATE-2, KANKAJ, TAL. DASKROI, VILL:- PALDI, BAREJA. AHMEDABAD-382425",BAREJA. AHMEDABAD,Gujarat,India,382425,1,1,24AABCY5045M1Z3,Registered Regular,Customer,IMP-20260324-CUST-0403
RAJ TECHNICAL SERVICES,Billing,KHASRA NO. 496/1,"VILL: MALOLA, NEAR DEVNARAYAN MANDIR, NH-79, DISTT. BHILWARA, RAJASTHAN","NH-79, DISTT. BHILWARA",Rajasthan,India,,1,1,08AKAPR8026R1ZG,Registered Regular,Supplier,IMP-20260324-SUP-0900
KUD DEVI KRUPA CRAIN SERVICE,Billing,dholera,AHMEDABAD.,AHMEDABAD.,,India,,1,1,,Unregistered,Supplier,IMP-20260324-SUP-0901
SUPER CHEM,Billing,"8-AX-2C, SCHEME NO. 71","INDORE, MADHYA PRADESH-452009",INDORE,Madhya Pradesh,India,452009,1,1,23AEMPS0402E1ZZ,Registered Regular,Customer,IMP-20260324-CUST-0404
ANU ENTERPRISES,Billing,OFFICE.NO-14,"DELHI RAMPURAM, SUJANPUR, KANPUR, UTTAR PRADESH-209305","SUJANPUR, KANPUR",Uttar Pradesh,India,209305,1,1,09ADIPA4728N1Z9,Registered Regular,Customer,IMP-20260324-CUST-0405
SUBHASH AUTO PARTS,Billing,VADODARA,,VADODARA,Gujarat,India,,1,1,24AFHFS0143J1Z4,Registered Regular,Supplier,IMP-20260324-SUP-0910
DASHMESH CRANE LOGISTICS,Billing,BHAVNAGAR,,BHAVNAGAR,Gujarat,India,,1,1,24AAPFD6800J1ZD,Registered Regular,Supplier,IMP-20260324-SUP-0911
UNIQUE ENGINEERING SALES AND SERVICE,Billing,(M.H.),,(M.H.),Maharashtra,India,,1,1,27BLNPL9980K1Z3,Registered Regular,Supplier,IMP-20260324-SUP-0912
VE COMMERCIAL VEHICLES LIMITED - GANDHIDHAM,Billing,GUJARAT,,Gujarat,Gujarat,India,,1,1,24AABCE9378F1ZI,Registered Regular,Supplier,IMP-20260324-SUP-0913
CALX PIGMENTS PVT LTD.,Billing,GAT.NO. 401/1 & 357,"KADGAON, JALGAON-425003., MAHARASHTRA",JALGAON,Maharashtra,India,425003,1,1,27AAICC3422D1Z2,Registered Regular,Customer,IMP-20260324-CUST-0406
RANDHAWA MOTORS,Billing,MAHARASHTRA,,Maharashtra,Maharashtra,India,,1,1,27AABCR6869A1ZB,Registered Regular,Supplier,IMP-20260324-SUP-0917
VE COMMERCIAL VEHICLES LIMITED.M.P,Billing,"102, INDUSTRIAL AREA NO. 1","PITHAMPUR, 454775",PITHAMPUR,Madhya Pradesh,India,454775,1,1,23AABCE9378F5ZG,Registered Regular,Supplier,IMP-20260324-SUP-0918
MURLIDHAR MOTORS,Billing,GUJARAT,,Gujarat,Gujarat,India,,1,1,24BIIPA3316C2Z1,Registered Regular,Supplier,IMP-20260324-SUP-0919
ARYAN TYRE,Billing,SHOKL COMPLEX ERANDOL,MAHARASTRA,MAHARASTRA,Maharashtra,India,,1,1,27AMVPT1880E1ZG,Registered Regular,Supplier,IMP-20260324-SUP-0920
SAHAJAND PUC CENTRE,Billing,ANKLESHWER,,ANKLESHWAR,,India,,1,1,,Unregistered,Supplier,IMP-20260324-SUP-0921
SHREE SINDHOI AUTO ARMATURE COMPANY,Billing,"A-37, RANOLI COMMERCIAL COMPLEX","NR, SICGIL GAS, GIDC, 391350",VADODARA,,India,391350,1,1,,Unregistered,Supplier,IMP-20260324-SUP-0922
DEEPAK ACID & CHEMICAL INDUSTRIES,Billing,"SHOP.NO:- 1, PLOT.NO:- 314, WARD","12-B, ""P & P PLAZA"", GANDHIDHAM-KACHCHH, Gujarat",GANDHIDHAM-KACHCHH,Gujarat,India,,1,1,24AAIFD5861G1ZG,Registered Regular,Customer,IMP-20260324-CUST-0407
MITTAL CHEM,Billing,AGRA ROAD JALESAR,"ETHA, JALESAR-207302, UTTARPRADESH",JALESAR,Uttar Pradesh,India,207302,1,1,09ABFPM3737N1Z5,Registered Regular,Customer,IMP-20260324-CUST-0408
JAI SANTAJI TYRE CENTER,Billing,"SHOP NO. 92/93, HIMALAYA COMPLEX","NEAR BUS STAND, ERANOOL, DIST: JALGAON",DIST: JALGAON,Maharashtra,India,,1,1,,Unregistered,Supplier,IMP-20260324-SUP-0924
PUNEET AUTO PRIVATE LIMITED,Billing,UTTAR PRADESH,,Uttar Pradesh,Uttar Pradesh,India,,1,1,09AANCP3847Q1ZE,Registered Regular,Supplier,IMP-20260324-SUP-0926
RAVECHI ENTERPRISES PRIVATE LIMITED,Billing,GUJARAT,,Gujarat,Gujarat,India,,1,1,24AAICR0144B1Z0,Registered Regular,Supplier,IMP-20260324-SUP-0927
SRI RAM AUTOMOBILES,Billing,JHARKHAND,,Jharkhand,Jharkhand,India,,1,1,20ADXFS3294A1Z1,Registered Regular,Supplier,IMP-20260324-SUP-0928
SRIDHA TECHNOLOGIES,Billing,C-2 VIDYA VIHAR SOCIETY,"NEW SAMA ROAD VADODARA, 390002",VADODARA,Gujarat,India,390002,1,1,24AEHFS5757H1ZP,Registered Regular,Supplier,IMP-20260324-SUP-0931
SHRI TIRUPATI ENTERPRISES (SALE),Billing,"00, RAMGHAT ROAD","VILLAGE GAON KEDH, ATRAULI, ALIGARH UTTAR PRADESH, PIN:-202280",PIN:,Uttar Pradesh,India,202280,1,1,09AEVFS5154C1ZM,Registered Regular,Customer,IMP-20260324-CUST-0409
A G TRADERS-INDORE,Billing,25/1 GRAM BANK,"DHAR ROAD, INDORE-452001, MADHYA PRADESH",INDORE,Madhya Pradesh,India,452001,1,1,23ADVPR8145H1ZZ,Registered Regular,Customer,IMP-20260324-CUST-0410
OM SALES,Billing,15.B SHUSHIL NAGAR SOCITERY,NIZAMPURA,VADODARA,Gujarat,India,,1,1,24BCJ991941H1ZM,Registered Regular,Supplier,IMP-20260324-SUP-0932
NAVDEEP ENTERPRISE,Billing,"A-1304, PRIVILON, B/H. ISKON TEMPLE","OPP. ISKON BRTS BUS STOP, AMBLI-BOPAL ROAD, AHMEDABAD-380059",AHMEDABAD,Gujarat,India,380059,1,1,24CDQPS5660D1Z9,Registered Regular,Customer,IMP-20260324-CUST-0411
VIRAT STEELS,Billing,VADODARA,,VADODARA,Gujarat,India,,1,1,24AAYFV729A1ZQ,Registered Regular,Supplier,IMP-20260324-SUP-0934
SHIVAM NITRATE PVT. LTD.,Billing,"T-15, MIDC IND. AREA","HINGNA ROAD, NILDOH, NAGPUR-440016, MAHARASHTRA",NAGPUR,Maharashtra,India,440016,1,1,27AAACO2068D1ZQ,Registered Regular,Customer,IMP-20260324-CUST-0412
BHARAT CHEMICALS INDUSTRIES,Billing,"PLOT.NO. C-18-32A, 1ST PHASE","NEAR NUTAN ICE FACTORY, OPP:- KAMAT HOTEL. N.H.NO. 8, G.I.D.C, VAPI-396195","G.I.D.C, VAPI",Gujarat,India,396195,1,1,24AGPPP9364H1ZS,Registered Regular,Customer,IMP-20260324-CUST-0413
LAXMI MOTORS,Billing,MADHYA PRADESH,,Madhya Pradesh,Madhya Pradesh,India,,1,1,23AOGPD9009L1ZZ,Registered Regular,Supplier,IMP-20260324-SUP-0935
METMIN AGRO FERTILIZER LLP,Billing,"O-416 CITY CENTRE, 2 ND FLOOR","LUBI CIRCULAR ROAD, DHANBAD, JHARKHAND-826001",DHANBAD,Jharkhand,India,826001,1,1,20ABWFM6551D1Z8,Registered Regular,Customer,IMP-20260324-CUST-0414
FORTPOINT AUTOMOTINVE MUMBAI PVT LTD,Billing,MAHARASHTRA,,Maharashtra,Maharashtra,India,,1,1,27AAACF8822C1ZV,Registered Regular,Supplier,IMP-20260324-SUP-0938
STAR TYRES,Billing,"BELIM FALIA, M.A. ROAD",GODHRA-389001,GODHRA,Gujarat,India,389001,1,1,24AGNPC9433E1ZJ,Registered Regular,Supplier,IMP-20260324-SUP-0939
SUNIL CHEMICALS,Billing,"SHOP.NO. 9, CORPORATE ANNEXE","NEXT TO UDYOG BHAVAN, SONAWALAROAD, GOREGAON(EAST), MUMBAI-400 063",MUMBAI-400 063,Maharashtra,India,,1,1,27AAGFS8721C1Z8,Registered Regular,Customer,IMP-20260324-CUST-0415
Geedee Trucking PVT LTD,Billing,"NH34, SAGDA, JABALPUL","MADHYA PRADESH 45/1, 45/2, 45/3","MADHYA PRADESH 45/1,45/2,45/3",Madhya Pradesh,India,,1,1,23AAJCG5575G1ZH,Registered Regular,Supplier,IMP-20260324-SUP-0940
R.K.WELDING WORKSHOP,Billing,"IPCL-MAIN ROAD, DAHEJ",BHARUCH,BHARUCH,,India,,1,1,,Unregistered,Supplier,IMP-20260324-SUP-0941
JAI SHREE BRICKS & BULDING MATERIAL,Billing,MATAJI KI PANDOLI,"DIST:- CHITTORGARH, RAJASTHAN-312202",DIST:- CHITTORGARH,Rajasthan,India,312202,1,1,08BPIPD5621Q1ZI,Registered Regular,Customer,IMP-20260324-CUST-0416
A-1 LIMITED,Billing,"FP.NO, 36/2, 36/5, VILL: SAIJPUR","NR. AMBER GUM FACTORY MARIA PARK, OPP: COZY HOTEL, NAROL SARKHEJ RD., AHMEDABAD-382405",AHMEDABAD,Gujarat,India,382405,1,1,24AAECA6907F1ZY,Registered Regular,Customer,IMP-20260324-CUST-0417
WELCOME MOTORS-BRD,Billing,TP-1FP-34 OPP-LILLERIA 1038,"SEVASI-GOTRI, VADODARA-391101",VADODARA,,India,391101,1,1,,Unregistered,Supplier,IMP-20260324-SUP-0942
OSWAL CHEMICALS,Billing,"C-105, GCP BUSINESS CENTRE","OPP:- MEMNAGAR FIRE STATION, NAVRANGPURA, AHMEDABAD-380009",AHMEDABAD.,Gujarat,India,380009,1,1,24AAAFO2681F1ZJ,Registered Regular,Customer,IMP-20260324-CUST-0418
DIVINE ENTERPRISE,Billing,CHANNI,VADODARA,VADODARA,Gujarat,India,,1,1,24AUWPK2477K2ZX,Registered Regular,Supplier,IMP-20260324-SUP-0945
ADVANCE TEST LABORATORY,Billing,"PLOT.NO.-W-248, TTC INDL. AREA","M.I.D.C. THANE, BELAPUR ROAD, RABALE, RAIGAD, NAVI MUMBAI-400613, MAHARASHTRA-400613","RABALE, RAIGAD, NAVI MUMBAI",Maharashtra,India,400613,1,1,27AACFA0959Q1Z1,Registered Regular,Customer,IMP-20260324-CUST-0419
RANJAY KUMAR YADAV,Billing,VADODARA,,VADODARA,,India,,1,1,,Unregistered,Supplier,IMP-20260324-SUP-0946
VIVAN ACIDCHEM PVT LTD,Billing,"71, ANAND NAGAR","104, ANAND BHAVAN, SAPNA SANGEETA INOX, INDORE-452001",INDORE,Madhya Pradesh,India,452001,1,1,23AAFCV1293E1ZJ,Registered Regular,Customer,IMP-20260324-CUST-0420
MALWA OXYGEN & INDL. GASES P. LTD,Billing,SECTOR-C INDUSTRIAL AREA,"RATLAM-457001, MADHYA PRADESH",RATLAM,Madhya Pradesh,India,457001,1,1,23AACCM4635N1ZC,Registered Regular,Customer,IMP-20260324-CUST-0421
A V MOTORS,Billing,MAHARASHTRA,,Maharashtra,Maharashtra,India,,1,1,27ABVFA2785L1ZM,Registered Regular,Supplier,IMP-20260324-SUP-0948
SHREE RAM MOTORS PARTS,Billing,"G1, 62, SHREEJI CHARAN COMPLEX","MODASA ROAD BAYAD, 383325",MODASA ROAD BAYAD,Gujarat,India,383325,1,1,24CKZPR1484E2ZL,Registered Regular,Supplier,IMP-20260324-SUP-0950
KESHAV ENTERPRISES,Billing,MANDI KESAR GANJ,"LUDHIANA, PUNJAB-141008",LUDHIANA,Punjab,India,141008,1,1,03ADMPR2718K2ZB,Registered Regular,Customer,IMP-20260324-CUST-0422
DR TIRE,Billing,"GF1, DHYAN RESIDENCY","HARNI, VADODARA",VADODARA,Gujarat,India,,1,1,24JTVPS3292B1Z4,Registered Regular,Supplier,IMP-20260324-SUP-0953
JEEWAN MOTORS PVT LTD,Billing,"958/1/1/2/2/1, Maida Mill","Near Income Tax Office, Hoshagabad Road, Bhopal, Madhya Pradesh","Hoshagabad Road, Bhopal",Madhya Pradesh,India,,1,1,23AAACJ4040L1ZU,Registered Regular,Supplier,IMP-20260324-SUP-0954
PANOLI INTERMEDIATES (INDIA) PVT LTD,Billing,PLOT.NO. 778/1 & 758/1,"G.I.D.C ESTATE, JHAGADIA, DIST: BHARUCH",DIST: BHARUCH,Gujarat,India,,1,1,24AABCP4665N1Z2,Registered Regular,Customer,IMP-20260324-CUST-0423
MITTAL CHEMICALS,Billing,AGRA ROAD,"JALESAR, ETAH, UTTAR PRADESH- 207302","ETAH,UTTAR PRADESH",Uttar Pradesh,India,207302,1,1,09AMTPM3516E1ZU,Registered Regular,Customer,IMP-20260324-CUST-0424
DASHMESH ENTERPRISES- PUMP,Billing,BORIVALI PADGA,"THANE, MUMBAI",MUMBAI,Maharashtra,India,,1,1,,Unregistered,Supplier,IMP-20260324-SUP-0955
CHIRAG ORGENICS PVT LTD,Billing,"PLOT NO-902/A, PHASE-3","GIDC, VAPI, DIST-VALSAD, GUJARAT-396195",DIST-VALSAD,Gujarat,India,396195,1,1,24AAACC4868R1Z3,Registered Regular,Customer,IMP-20260324-CUST-0425
BHAWANI PETROLEUM-PUMP,Billing,WANADONGRI,NAGPUR,NAGPUR,,India,,1,1,,Unregistered,Supplier,IMP-20260324-SUP-0956
ARIHANT DETERGENTS PVT LTD.,Billing,AVADHAN E-118,"ADDL. MIDC, MUMBAI-AGRA ROAD, DHULE:- 424006.(MAHARASHTRA)",DHULE:- .(MAHARASHTRA),Maharashtra,India,424006,1,1,27AADCA1169N1ZG,Registered Regular,Customer,IMP-20260324-CUST-0426
INTANGLES LAB PRIVATE LIMITED,Billing,"ROAD, LOHAGAON","VIMAN NAGAR, PUNE-411014, MAHARASHTRA",PUNE,Maharashtra,India,411014,1,1,27AADCI7688G1Z3,Registered Regular,Supplier,IMP-20260324-SUP-0957
TIRUPATI AUTOMOTIVE,Billing,MAHARASHTRA,,Maharashtra,Maharashtra,India,,1,1,27AAUFT2035N1ZJ,Registered Regular,Supplier,IMP-20260324-SUP-0958
AVSL INDUSTRIES LIMITED,Billing,PLOT.NO. G-152 TO G-162,"KAROLI INDUSTRIAL AREA, TEHSIL:- TIJARA, RAJASTHAN-301019",TEHSIL:- TIJARA,Rajasthan,India,301019,1,1,08AAACU7111P1Z1,Registered Regular,Customer,IMP-20260324-CUST-0427
NEELAM MANURES GRAHAK SHAKARI BHANDAR,Billing,"BLOCK NO-18, KESHROL","AT & PO.EKSAL, DIST, BHARUCH",BHARUCH,,India,,1,1,,Unregistered,Supplier,IMP-20260324-SUP-0959
BRIJ ENTERPRISES,Billing,"F-5, ASIAN TRADE CENTRE","ASIAN PAINT CHOWKDI, ANKLESHWAR, DIST: BHARUCH-393002",DIST: BHARUCH,Gujarat,India,393002,1,1,24AAOPP9027A1ZR,Registered Regular,Customer,IMP-20260324-CUST-0428
ABHIRAJ ENTERPRISES,Billing,JANTA RAJA CHOWK,"TEMBURNA, AKOLA ROAD, KHAMGAON-444303",KHAMGAON,Maharashtra,India,444303,1,1,27AOQPT0743M1Z8,Registered Regular,Supplier,IMP-20260324-SUP-0960
BODAL CHEMICALS LTD-UNIT-XI,Billing,"NEJA, KHAMBAT",DIST: ANAND,DIST: ANAND,Gujarat,India,,1,1,24AAACD5352M1ZN,Registered Regular,Customer,IMP-20260324-CUST-0429
B ROSHANLAL CHEMICALS PRIVATE LTD.,Billing,"15/2, ABHISHEK NAGAR","NEMAWAR ROAD, PALDA, INDORE-452007",INDORE,Madhya Pradesh,India,452007,1,1,23AADCB8379F1ZM,Registered Regular,Customer,IMP-20260324-CUST-0430
PAYAL POLYPLAST PRIVATE LTD,Billing,FLAT.NO. KHASARA NO. 4390/2477,"STREET: BALAUR ROAD, VILLAGE: MANDOTHI DIST: JHAJJAR, STATE: HARYANA-124506",STATE: HARYANA,Haryana,India,124506,1,1,06AAFCP5296B1ZG,Registered Regular,Customer,IMP-20260324-CUST-0431
DEEPAK CHEM TECH LTD,Billing,CHEMICAL COMPLEX,"PART OF 4/1 & 5/9, G.I.D.C NANDESARI, VADODARA-391340",NANDESARI,Gujarat,India,391340,1,1,24AAICD0463B4Z5,Registered Regular,Customer,IMP-20260324-CUST-0432
RAAJ PETROLEUM,Billing,SERVEY NO-667,"VILL-MAHUVADM, PADRA, VADODARA",VADODARA,,India,,1,1,,Unregistered,Supplier,IMP-20260324-SUP-0961
SURYODAY INTERPHARM LLP,Billing,"GF-14, YAKSHSHRI COMPLEX","NR. KEYA MOTOR, DIST: VADODARA-391740",DIST: VADODARA,Gujarat,India,391740,1,1,24AEOFS7335E1ZU,Registered Regular,Customer,IMP-20260324-CUST-0433
GAYATRI PETROLEUMS,Billing,"Padana, Kutch.",,KUTCH,,India,,1,1,,Unregistered,Supplier,IMP-20260324-SUP-0962
TRANSWORLD FURTICHEM LTD,Billing,"PLOT.NO. 912, 912A.","NR.UPL, G.I.D.C, JHAGADIYA, DIST: BHARUCH-393110",BHARUCH,Gujarat,India,393110,1,1,24AACCT0972D3ZM,Registered Regular,Customer,IMP-20260324-CUST-0434
SUVIDHI INDUSTRIES PVT LTD,Billing,PLOT.NO. 627. 100,"SHED AREA G.I.D.C, VAPI, VALSAD, VALSAD-396195",VAPI,Gujarat,India,396195,1,1,24ABICS0518B1ZV,Registered Regular,Customer,IMP-20260324-CUST-0435
ZINKA LOGISTICS SOLUTIONS PVT LTD.,Billing,"VASHWANI PRESIDIO, BLACKBUCK","2ND FLOOR, PANATUR MAIN ROAD, OFF OUTER RING ROAD, BENGALURU",BENGALURU,Karnataka,India,,1,1,,Unregistered,Supplier,IMP-20260324-SUP-0963
HIND ACID,Billing,PLOT.NO. 264,"PANDESARA G.I.D.C., NEAR. NARAYAN SILK MILLS, SURAT-394221",SURAT,Gujarat,India,394221,1,1,24CQNPP8136R1ZU,Registered Regular,Customer,IMP-20260324-CUST-0436
SAANVI TRANSPORT COMPANY,Billing,SHRINATH NAGAR,"NIMBAHERA-312601, DIST:- CHITTORGARH, RAJASTHAN",DIST:- CHITTORGARH,Rajasthan,India,312601,1,1,08AUDPM5326L1ZD,Registered Regular,Customer,IMP-20260324-CUST-0437
TYRE WORLD,Billing,DHANBAD,"ADDITIONAL OUTLET-- MATKURIA, KATRAS ROAD, DHANBAD","KATRAS ROAD ,DHANBAD",Jharkhand,India,,1,1,20BZHPB3139A1ZB,Registered Regular,Supplier,IMP-20260324-SUP-0964
C.P. BULK CARRIER,Billing,VIJAY COMPLEX,"CHITTOR ROAD, NIMBAHERA-312601, DIST:- CHITTORGARH (RAJ)",DIST:- CHITTORGARH (RAJ),Rajasthan,India,312601,1,1,08EWCPS5224L1Z3,Registered Regular,Customer,IMP-20260324-CUST-0438
MITTAL ACID & CHEMICAL,Billing,SIKANDRA RAO ROAD,"JALESAR, UTTAR PRADESH, PIN CODE.NO. 207302",PIN CODE.NO,Uttar Pradesh,India,207302,1,1,09AGPPM6268D1ZY,Registered Regular,Customer,IMP-20260324-CUST-0439
GHANSYAM TRADERS,Billing,N H .68 SANCHORE,,N H .68 SANCHORE,Rajasthan,India,,1,1,08AYJPD2035R1Z4,Registered Regular,Supplier,IMP-20260324-SUP-0965
NEWCHEM ENTERPRISE,Billing,"C-1-B-166, PHASE-II","VATVA GIDC, AMBICA CROSS ROAD, B/H MEGHMANI, AHMEDABAD-382445",AHMEDABAD.,Gujarat,India,382445,1,1,24AAYFN0548E1Z4,Registered Regular,Customer,IMP-20260324-CUST-0440
RAMA PHOSPHATES LTD-INDORE,Billing,20/4 K M STONE,"INDORE-UJJAIN ROAD, INDORE-453551",INDORE,Madhya Pradesh,India,453551,1,1,23AAACR7191Q2ZT,Registered Regular,Customer,IMP-20260324-CUST-0441
JAI BAJRANG OIL CARRIER,Billing,"OFFICE.NO. 123/13, GOLD SPOT ROAD","GADARIAN PURWA, KANPUR-208012, UTTAR PRADESH",KANPUR,Uttar Pradesh,India,208012,1,1,09AATFJ5277D1ZV,Registered Regular,Customer,IMP-20260324-CUST-0442
INTER STATE OILCARRIER LTD,Billing,"5 TH FLOOR, 113 PARK STREET","PODDAR POINT, PARK STREET, KOLKATA, WEST BENGAL-700016","KOLKATA, WEST BENGAL",West Bengal,India,700016,1,1,19AAACI6037J1ZF,Registered Regular,Customer,IMP-20260324-CUST-0443
R M PHOSPHATES & CHEMICALS PVT LTD,Billing,"PHASE-11, T 3/1 BABHALE","VILLAGE NARDANA MIDC, INDUSTRIAL AREA, DHULE-425404 (M.H.)",DHULE- (M.H.),Maharashtra,India,425404,1,1,27AAFCR0215G1ZR,Registered Regular,Customer,IMP-20260324-CUST-0444
AMAR ALUM & ALLIED CHEMICALS PRIVATE LIMITED,Billing,VILL:- RAJAU PARASPUR,"TEH:- FARIDPUR, BARELLY-LUCKNOW ROAD, DIST: BAREILLAY-243123 (UTTAR PRADESH.)",DIST: BAREILLAY- (UTTAR PRADESH.),Uttar Pradesh,India,243123,1,1,09AACCA7764N1Z2,Registered Regular,Customer,IMP-20260324-CUST-0445
LOEWE TECHNOLOGIES,Billing,"RAJ MANDIR, PRAGATI PARK","NR. FRIENDS MARRIAGE HALL, AIRPORT ROAD, JAMNAGAR-361006",JAMNAGAR,Gujarat,India,361006,1,1,24ALNPB0378E1ZF,Registered Regular,Customer,IMP-20260324-CUST-0446
A. R. BHANDARI,Billing,"30, BOHAR BAZAR","INDORE-452002, MADHYA PRADESH",INDORE,Madhya Pradesh,India,452002,1,1,23ABQPB0695M1ZE,Registered Regular,Customer,IMP-20260324-CUST-0447
NAROTTAMDAS & COMPANY,Billing,"41, BABULBEN, SHASTRI NAGAR SQUARE","GAROBA MAIDAN NAGPUR, MAHARASHTRA-440008",GAROBA MAIDAN NAGPUR,Maharashtra,India,440008,1,1,27AADHM6696P1Z8,Registered Regular,Customer,IMP-20260324-CUST-0448
KUTCH COPPER LIMITED,Billing,ADANI CORPORATE HOUSE ADANI,"SHANTIGRAM, KHODIYAR, ADANI SHANTIGRAM, GANDHINAGAR (GUJARAT) -382423",GANDHINAGAR (GUJARAT),Gujarat,India,382423,1,1,24AAICK7003N1ZE,Registered Regular,Customer,IMP-20260324-CUST-0449
NIDL SURFACTANTS PVT LTD.,Billing,"FIRST, PLOT.NO. 15-B, HPSIDC","INDUSTRIAL AREA, SALON, BADDI-173205, HIMACHAL PRADESH",BADDI,Himachal Pradesh,India,173205,1,1,02AAGCN7090L1Z8,Registered Regular,Customer,IMP-20260324-CUST-0450
AADHYA SHAKTI CHEMS PVT LTD,Billing,UG-1 SHUB UNIVERSAL VESU MAIN ROAD,"RELIANCE MARKET, SURAT-395007, GUJARAT",SURAT,Gujarat,India,395007,1,1,24AAZCA3841M1Z3,Registered Regular,Customer,IMP-20260324-CUST-0451
PANKAJ IMPEX,Billing,TEDESARA,"RAJNANDGAON, CHHATTISGARH, 491441",RAJNANDGAON,Chhattisgarh,India,491441,1,1,22AGKPD0071C1Z9,Registered Regular,Customer,IMP-20260324-CUST-0452
R.R. ENTERPRISES,Billing,"OFFICE NO. 36, 1 ST FLOOR, C-BULDING","ASHOK NAGAR, PUNE-NAGAR ROAD, KHARADI BY PASS ROAD, KHARADI, PUNE-411014 (M.H.)","KHARADI, PUNE- (M.H.)",Maharashtra,India,411014,1,1,27ALEPS4077Q2Z7,Registered Regular,Customer,IMP-20260324-CUST-0453
SHREE ANUVE SYNTHETIC GYPSUM PVT LTD,Billing,"VILLAGE BALUPURA, S.NO. 61/1","PO-RABRIYAWAS, TEHSIL: JAITARAN PALI, RAJASTHAN-306709","PO-RABRIYAWAS, TEHSIL: JAITARAN PALI",Rajasthan,India,306709,1,1,08ABACS4816L1Z3,Registered Regular,Customer,IMP-20260324-CUST-0454
FAIRCHEM ORGANICS LIMITED,Billing,"253/P & 312, VILLAGE:- CHEKHALA","SANAND-KADI HIGH WAY, TALUKA: SANAND, AHMEDABAD-382115",AHMEDABAD,Gujarat,India,382115,1,1,24AADCF6900E1Z3,Registered Regular,Customer,IMP-20260324-CUST-0455
KRISHNA PHOSCHEM LTD,Billing,"115-120, AKVN INDUSTRIAL AREA","JHABUA, -455579, MADHYA PRADESH",JHABUA,Madhya Pradesh,India,455579,1,1,23AACCK4616K4ZK,Registered Regular,Customer,IMP-20260324-CUST-0456
SHAKAMBARI ENTERPRISES INDIA PVT LTD.,Billing,"1009, ADVENTZ INFINITY 5, BN-5","SECTOR-5, SALT LAKE, BIDHANNAGAR, NORTH TWENTY FOUR PARGANAS, 24 NORTH PARGANAS-700091 (W.B.)",24 NORTH PARGANAS- (W.B.),West Bengal,India,700091,1,1,19AAHCS3265P1ZM,Registered Regular,Customer,IMP-20260324-CUST-0457
TANAY INORGANICS PVT LTD.,Billing,BLDGNO./FLAT.NO. : UPPARLAKESARAM,"ROAD/STREET: PEDDAPALLI, LOCALITY/SUB LOCALITY: SURVEY.NO. 37/3 & 37/5, DIST: PEDDAPALLI-505184, STATE:- TELANGANA","DIST: PEDDAPALLI-, STATE:- TELANGANA",Telangana,India,505184,1,1,36AAJCT7874K1ZI,Registered Regular,Customer,IMP-20260324-CUST-0458
MAHADEVI CHEMICAL INDUSTRIES LTD.,Billing,"MOHAN PRIDE, A4, 1603/1604","WAYALE NAGAR, NEXT TO PODDAR, INTERNATIONAL SCHOOL, KALYAN (W) MUMBAI-421301",KALYAN (W) MUMBAI,Maharashtra,India,421301,1,1,27AAPCM9853P1Z9,Registered Regular,Customer,IMP-20260324-CUST-0459
SAI SULPHONATES PVT LTD,Billing,"2, 21, WHITE HOUSE, 21 C. R. AVENUE","CHANDNI CHOWK, KOLKATA, KOLKATA WEST BENGAL-700072",KOLKATA WEST BENGAL,West Bengal,India,700072,1,1,19AAECS6573R1ZC,Registered Regular,Customer,IMP-20260324-CUST-0460
SIYA LOGISTICS,Billing,"230A, A.J.C. BOSE ROAD, CHLTRAKOOT BUILDING","NORTH BLOCK, 9TH FLOOR OFFICE NO.97, KOLKATA-700020",KOLKATA,West Bengal,India,700020,1,1,,Unregistered,Customer,IMP-20260324-CUST-0461
SHRITHIK ENTERPRISES (INDIA) PRIVATE LIMITED,Billing,"PARADISE PLAZA, SAI WORLD LEGEND","2 ND, FLOOR, 227, NEAR SHAHD STATION, ULHASNAGAR-421001, DIST:- THANE (MAHARASHTRA)",DIST:- THANE (MAHARASHTRA),Maharashtra,India,421001,1,1,27ABMCS9408G1ZW,Registered Regular,Customer,IMP-20260324-CUST-0462
DEEPAK FERTILISERS & PETROCHEMICALS CORPORATION LTD (KANDLA),Billing,PLOT.NO.7. JAWHAR ROAD,"KANDLA PORT PLANT-II, GUJARAT-370210",KANDLA PORT PLANT-II,Gujarat,India,370210,1,1,24AAACD1388D1Z2,Registered Regular,Customer,IMP-20260324-CUST-0463
JAI BHAWANI TRANSLOGISTICS,Billing,"7, SENIOR, M.I.G HOUSING BOARD COLONY","INGORIA ROAD, NAGDA, -4566335, MADHYA PRADESH","NAGDA,-4566335",Madhya Pradesh,India,,1,1,,Unregistered,Customer,IMP-20260324-CUST-0464
PHUMBHRA TRANSPORT CO.,Billing,"57, BURTOLLA STREET",KOLKATA-700 007,KOLKATA,,India,,1,1,,Unregistered,Customer,IMP-20260324-CUST-0465
OM NITRATE,Billing,"PLOT.NO. 72, UDYOGDEEP IND. AREA","WAIDHAN, SINGRAULI, MADHYA PRADESH-486886","WAIDHAN, SINGRAULI",Madhya Pradesh,India,486886,1,1,23ACQPC1222J1Z0,Registered Regular,Customer,IMP-20260324-CUST-0466
SHREE MAHALAKSHMI CHEMICALS,Billing,"28, 124/1, HUMAYAN KABIR SARANI","NEW ALIPORE, KOLKATA, WEST BENGAL-700053",KOLKATA,West Bengal,India,700053,1,1,19CQZPS0527D1ZC,Registered Regular,Customer,IMP-20260324-CUST-0467
SHREE DURGA OIL CARRIER,Billing,"17, A.L. DAW ROAD","BUDGE BUDGE, KOLKATA-700 137 (W.B.)",KOLKATA,,India,,1,1,,Unregistered,Customer,IMP-20260324-CUST-0468
MAHAKAL ENTERPRISES,Billing,"550, KANAWATI","NEEMUCH MAIN ROAD, MADHYA PRADESH-458441",NEEMUCH MAIN ROAD,Madhya Pradesh,India,458441,1,1,23KLPPD3444F1Z4,Registered Regular,Customer,IMP-20260324-CUST-0469
VALIYA MINERALS & CHEMICALS,Billing,NEAR BAGDARA NATURE PARK,"JHAMAR KOTRA-MATOON MINES RD., LAKADWAS, TEH. GIRWA, DIST:- UDAIPUR-313003 (RAJ)",DIST:- UDAIPUR- (RAJ),Rajasthan,India,313003,1,1,08AALFJ3137A1ZO,Registered Regular,Customer,IMP-20260324-CUST-0470
SHARMA CHEMICAL COMPANY,Billing,"775/2, KHARORA ROAD","TILDA, DIST : RAIPUR., CHHATTISGARH-493114","TILDA, DIST : RAIPUR",Chhattisgarh,India,493114,1,1,22CQFPS1376A1Z6,Registered Regular,Customer,IMP-20260324-CUST-0471
SARASWAT CO-OPERATIVE BANK LTD,Billing,ALKAPURI,,ALKAPURI,,India,,1,1,,Unregistered,Supplier,IMP-20260324-SUP-0968
ROHIT TANKER SERVICE,Billing,OPPOSITE INDIAN OIL DEPO,"ABOVE KALINDI MOTORS, MANGLIYA, INDORE-453771, MADHYA PRADESH","MANGLIYA, INDORE",Madhya Pradesh,India,453771,1,1,,Unregistered,Customer,IMP-20260324-CUST-0472
HEENA ROADLINES,Billing,"D/88, MADHURAM SOCIETY","NEAR AJMERI MASJID, VADODARA-390012",VADODARA,Gujarat,India,390012,1,1,,Unregistered,Customer,IMP-20260324-CUST-0473
SHRI GANESH LOGISTICS CO.,Billing,"15/2, ABHISHEK NAGAR","NEMAWAR ROAD, PALDA, INDORE-452007",INDORE,,India,452007,1,1,,Unregistered,Customer,IMP-20260324-CUST-0474
GUJARAT ALKALIES & CHEMICALS LTD.,Billing,"PLOT D II/9, DAHEJ, COMPLEX","NR. RAHIYAD CHOWKDI, GIDC, DAHEJ, BHARUCH-392130",BHARUCH,Gujarat,India,392130,1,1,24AAACG8896M1ZX,Registered Regular,Customer,IMP-20260324-CUST-0475
HARJAS OIL CARRIER,Billing,KHEWAT. NO.19/30-30/1,"KHASRA NO.5-18, VILL.CHANDUA KHURD, RAJPURA, PUNJAB","VILL.CHANDUA KHURD,RAJPURA",Punjab,India,,1,1,03JXIPS3152M1ZZ,Registered Regular,Customer,IMP-20260324-CUST-0476
VSR ENTERPRISES,Billing,VILLAGE NAGLA GALU,"AGRA ROAD, ETAH (UP)-207001",ETAH (UP),Uttar Pradesh,India,207001,1,1,09AYKPG3071B1ZP,Registered Regular,Customer,IMP-20260324-CUST-0477
AANJANEY ENTERPRISES,Billing,VILLAGE BHGONSHA,"THASHEEL COL, ALIGARH., UTTAR PRADESH-202001",ALIGARH,Uttar Pradesh,India,202001,1,1,09ABPFA6874N1ZG,Registered Regular,Customer,IMP-20260324-CUST-0478
BHADOHI INTERNATION,Billing,"CHAURI ROAD, SHARDAPURI","OPPOSITE CARPET CITY, SANT RAVIDASNAGAR, BGADOHI, UP-221401","BGADOHI,UP",Uttar Pradesh,India,221401,1,1,09AAMFB6915H1Z7,Registered Regular,Customer,IMP-20260324-CUST-0479
RUPESH KUMAR & SONS.,Billing,OPPOSITE CARPET CITY,"CHAURI ROAD, SHARDAPURI, SANT RAVIDAS NAGAR, BHADOHI-UTTAR PRADESH",BHADOHI-UTTAR PRADESH,Uttar Pradesh,India,,1,1,09AANFR7150B1Z5,Registered Regular,Customer,IMP-20260324-CUST-0480
SREE SHIV CHEMICAL,Billing,BILKHAURI KALA,"SASNI, HATHRAS, UTTAR PRADESH-204212","SASNI,HATHRAS",Uttar Pradesh,India,204212,1,1,09AEJFS6954E1ZK,Registered Regular,Customer,IMP-20260324-CUST-0481
SHIVAM INDUSTRIES,Billing,"PLOT NO.206-207 & 219, INDUSTRIAL AREA","SECTPR-III, NEAR INDORAMA TAMPLE, PITHAMPUR",PITHAMPUR,Madhya Pradesh,India,,1,1,23ABFFS1900H1ZM,Registered Regular,Customer,IMP-20260324-CUST-0482
